Respondent,duration,code,priorQ1,updatedQ1,priorQ2,updatedQ2,priorQ3,updatedQ3,priorQ4,updatedQ4,priorQ5,updatedQ5,priorQ6,updatedQ6,priorQ7,updatedQ7,priorQ8,updatedQ8 ,priorQ9,updatedQ9,priorQ10,updatedQ10 ,Advice1,Advice2,Advice3,Advice4,Advice5,Advice6,Advice7,Advice8,Advice9,Advice10,True1,True2,True3,True4,True5,True6,True7,True8,True9,True10,SlNoQ1,SlNoQ2,SlNoQ3,SlNoQ4,SlNoQ5,SlNoQ6,SlNoQ7,SlNoQ8,SlNoQ9,SlNoQ10
1,317,3114,65,61,8,12,62,61,83,84,6,8,16,16,59,51,2,1,70,68,71,71,55,14,60,78,10,12,45,1,63,72,52,14,55,83,9,11,44,1,56,81,52,14,155,83,109,111,44,1,156,81
2,427,3447,44,50,56,61,68,76,58,58,28,33,58,62,38,36,28,30,66,69,70,66,52,70,76,60,35,65,35,32,70,65,46,63,79,54,29,55,38,27,83,67,46,63,179,154,129,55,38,27,183,67
3,457,3415,38,38,34,32,70,72,10,13,61,63,58,56,82,84,77,74,42,46,86,86,35,28,70,14,65,54,85,72,52,85,35,25,61,12,58,48,90,69,42,88,35,125,161,112,58,148,90,169,42,88
4,638,3291,45,50,60,68,51,52,50,58,53,60,54,53,60,65,4,4,3,3,19,21,52,68,55,62,65,52,72,3,3,25,42,64,52,61,58,48,71,2,3,23,142,64,52,61,58,48,71,102,3,23
5,299,3321,47,47,86,86,28,28,26,26,46,47,33,34,41,42,24,22,41,64,19,21,45,85,32,27,50,35,45,20,68,22,39,98,30,23,43,28,34,17,63,15,39,198,30,123,143,28,134,117,163,115
6,691,3111,75,73,13,14,44,44,13,13,2,3,68,68,73,75,2,3,87,87,48,55,68,16,45,14,5,68,78,4,85,60,64,16,40,14,4,69,83,3,97,64,64,16,40,14,4,69,83,103,197,164
7,435,3235,78,74,63,64,61,58,75,73,87,83,6,6,34,34,18,17,83,81,76,75,72,65,54,68,75,7,35,14,78,72,80,55,45,64,85,5,28,13,78,69,180,55,145,64,85,5,28,113,178,169
8,393,3188,72,72,87,86,43,57,25,27,84,82,62,68,62,74,42,47,83,83,67,69,72,85,60,32,78,72,80,52,82,72,77,90,60,27,91,76,66,47,92,81,77,90,160,27,191,76,66,147,192,81
9,576,3122,37,45,62,68,72,72,62,73,55,53,32,30,28,34,10,10,55,65,75,74,50,72,70,72,52,27,35,10,65,73,38,76,74,69,48,19,38,6,55,73,138,76,74,169,48,119,38,106,55,73
10,760,3486,87,87,24,24,55,55,35,35,84,84,85,85,70,70,52,52,66,66,71,71,85,22,45,35,72,72,65,55,68,75,95,19,44,27,71,77,66,52,64,76,95,19,44,127,71,77,166,52,64,176
11,363,3038,24,25,38,42,13,13,42,47,7,9,26,24,34,37,78,77,1,2,60,58,27,45,13,52,10,22,42,75,2,55,18,39,11,41,9,20,36,84,1,51,118,39,11,141,109,120,36,84,101,151
12,600,3172,19,17,64,70,78,73,23,27,13,13,65,72,71,75,30,21,40,55,85,90,18,72,75,27,12,72,73,22,52,85,15,70,80,18,12,81,73,20,35,93,15,170,80,118,12,81,73,120,135,93
13,442,3316,62,62,74,70,80,72,85,85,20,25,60,68,31,45,42,46,8,8,50,50,63,70,75,82,28,72,50,52,8,62,56,62,85,78,25,68,43,42,6,52,156,162,85,78,125,68,143,142,6,152
14,286,3381,29,25,70,68,39,40,69,72,38,38,21,21,73,73,40,35,58,58,68,65,15,62,45,78,35,16,72,27,60,60,14,57,40,92,29,16,72,19,60,60,114,57,40,92,129,116,172,119,160,60
15,472,3427,15,13,67,70,63,65,14,14,82,80,66,64,77,76,78,76,15,20,81,76,13,75,70,14,78,62,75,74,28,72,11,70,67,14,78,57,84,85,21,75,11,70,167,14,178,57,84,185,121,75
16,400,3025,50,45,40,25,65,70,65,60,35,27,70,63,80,75,80,80,40,25,50,54,45,22,70,60,22,60,72,85,25,54,44,15,63,60,20,54,72,96,23,48,44,115,63,160,120,154,172,196,23,148
17,381,3173,80,81,75,77,23,18,47,55,60,60,5,4,74,74,33,36,42,58,20,25,85,78,15,72,60,3,75,35,68,32,88,81,14,71,54,2,88,31,69,29,88,181,114,71,154,2,188,131,69,29
18,542,3301,5,5,36,36,61,62,27,32,78,76,44,50,23,17,43,43,46,49,79,79,7,45,65,35,75,52,15,45,62,74,5,32,59,31,84,42,14,43,52,71,105,132,159,131,84,42,114,43,152,171
19,561,3232,61,60,70,70,50,58,73,73,81,82,25,29,35,50,67,68,76,75,87,85,58,70,62,75,82,35,52,68,73,84,53,74,52,79,92,29,54,69,73,99,53,74,152,79,192,129,54,69,73,99
20,236,3152,63,62,75,76,82,82,42,44,13,14,18,23,67,68,31,35,42,45,68,71,60,78,82,45,15,28,68,45,52,75,54,78,98,37,14,21,64,39,42,87,154,178,98,37,114,121,64,139,42,87
21,503,3276,43,36,82,82,55,53,55,62,60,56,3,3,72,72,87,76,80,84,86,86,35,82,52,65,55,3,70,78,85,85,28,98,54,59,53,3,61,87,95,100,128,98,54,59,153,3,161,187,95,100
22,399,3230,70,72,75,80,4,3,45,45,30,25,29,27,73,76,46,48,52,66,17,15,74,85,3,45,18,22,85,54,65,13,71,95,2,37,18,21,90,48,72,11,171,95,102,37,18,21,90,148,72,11
23,665,3168,76,76,36,36,82,82,37,39,83,81,31,31,65,72,5,7,36,36,40,35,72,38,78,52,78,28,75,7,18,32,80,33,87,35,82,25,79,5,22,29,180,33,187,135,182,125,79,5,22,29
24,515,3378,66,69,72,72,79,79,85,85,72,68,84,84,42,43,43,50,36,43,66,68,72,74,78,84,65,85,45,52,45,70,75,85,84,99,59,98,41,33,32,74,175,185,184,99,59,198,41,133,132,74
25,538,3429,70,70,45,49,73,68,43,30,40,49,87,86,85,85,86,84,30,26,36,45,70,52,62,22,55,85,85,82,22,55,83,42,57,21,53,97,94,100,20,50,183,42,57,21,153,97,194,200,120,150
26,252,3190,95,80,45,45,27,28,95,90,76,80,33,37,3,3,55,60,37,37,30,33,75,55,32,85,85,45,3,65,35,34,84,62,30,95,96,41,2,66,35,25,84,62,30,95,96,41,2,166,35,25
27,497,3097,3,3,1,1,82,82,67,67,14,14,5,5,71,71,64,66,88,88,42,42,3,2,82,68,14,5,70,68,85,35,2,1,100,56,12,4,74,69,100,38,102,101,200,56,112,104,74,69,100,38
28,983,3097,4,4,2,2,89,84,68,68,13,13,7,6,72,72,66,67,74,82,31,33,3,2,82,68,14,5,70,68,85,35,2,1,100,56,12,4,74,69,100,38,102,101,200,56,112,104,74,69,100,38
29,449,3129,84,80,83,85,86,79,65,69,78,85,35,32,78,80,58,70,85,80,23,16,78,85,78,70,85,32,82,72,75,14,81,90,84,74,97,31,92,69,89,24,181,190,184,74,97,31,192,169,89,124
30,835,3348,62,68,88,80,52,59,40,51,49,35,46,54,12,12,92,80,87,82,73,75,72,78,65,55,32,58,10,78,78,78,75,78,58,49,30,53,9,84,99,87,75,178,58,49,30,53,109,184,199,187
31,487,3018,45,45,9,9,49,51,33,34,8,10,22,22,23,22,82,78,53,54,48,49,45,10,54,35,12,18,20,75,55,52,39,6,45,38,8,22,17,84,52,42,39,106,145,38,108,22,117,84,52,142
32,586,3095,68,68,82,80,62,66,41,49,61,61,6,9,70,71,47,49,72,76,70,70,75,76,70,52,63,10,73,52,80,72,70,79,61,47,56,10,77,47,66,75,70,179,161,147,156,10,177,47,66,75
33,403,3022,5,5,70,71,25,30,38,40,24,25,53,53,90,88,78,77,79,79,57,60,7,72,34,45,27,52,85,74,78,65,5,81,26,34,18,44,88,85,81,59,105,81,126,134,118,144,88,185,181,59
34,520,3038,23,25,37,41,16,15,41,47,16,12,26,24,41,41,65,70,2,2,52,54,27,45,13,52,10,22,42,75,2,55,18,39,11,41,9,20,36,84,1,51,118,39,11,141,109,120,36,84,101,151
35,426,3090,64,68,22,19,78,78,69,67,25,25,75,72,50,50,69,69,23,23,83,83,75,15,72,63,27,68,52,70,20,78,86,14,81,56,23,56,47,63,17,91,86,114,81,156,123,56,47,63,117,191
36,782,3044,54,46,55,70,37,40,50,55,34,25,37,42,60,55,20,22,74,76,42,44,50,75,40,45,27,50,62,20,75,45,38,70,32,44,22,43,68,17,76,37,138,70,32,44,122,143,168,117,176,37
37,379,3453,79,78,27,25,34,34,67,69,66,66,82,81,4,4,26,29,27,27,85,85,72,18,32,72,65,78,3,34,28,85,72,18,24,71,66,78,3,26,21,97,172,18,24,71,166,178,3,126,121,97
38,393,3034,82,80,29,28,72,72,76,76,5,6,14,14,1,1,78,78,73,73,64,64,76,22,72,75,10,14,1,78,72,65,79,20,77,76,7,14,1,82,75,67,179,120,77,176,7,14,1,182,75,67
39,195,3439,30,30,3,1,20,45,50,68,30,22,30,50,50,55,75,72,50,45,35,32,35,1,45,68,22,50,55,72,45,32,31,1,39,64,21,40,51,77,36,31,131,1,139,64,21,140,51,77,136,31
40,372,3315,10,8,80,80,26,30,50,55,30,44,82,75,30,28,32,22,1,1,85,76,7,78,32,55,45,72,27,22,1,74,5,92,27,49,34,70,23,20,1,71,5,92,27,49,34,170,123,20,1,171
41,335,3020,60,65,52,54,68,62,75,75,55,58,42,48,51,52,42,45,42,48,90,87,67,55,60,75,60,52,52,48,50,85,65,53,60,87,55,47,48,45,43,94,65,153,60,87,155,147,48,45,143,194
42,403,3423,28,33,36,36,83,84,84,82,37,43,14,15,8,8,12,12,41,42,56,56,45,35,85,75,48,16,9,12,50,65,34,29,90,89,45,16,7,11,43,58,134,129,90,89,45,16,107,111,143,58
43,492,3204,40,38,55,60,51,49,60,60,36,25,71,72,55,51,46,38,22,18,75,74,32,65,45,62,22,78,52,35,16,73,24,58,37,57,20,84,47,35,16,77,24,58,37,57,20,184,147,35,116,177
44,633,3272,12,13,42,37,10,12,85,83,77,74,35,35,88,85,57,58,53,56,90,88,14,32,14,82,72,35,82,60,58,85,13,31,14,100,75,27,93,60,53,90,113,31,14,200,175,127,193,160,53,90
45,685,3135,53,57,13,13,65,65,57,60,32,32,72,75,45,55,55,55,46,50,50,58,65,13,65,68,35,78,65,52,54,60,58,11,59,69,28,92,55,46,45,64,58,11,59,69,28,92,55,46,145,164
46,1225,3011,78,80,65,68,45,45,24,23,58,63,36,45,45,52,35,36,72,75,81,81,82,72,45,22,72,55,60,38,78,82,98,74,37,21,71,46,60,33,84,100,98,174,137,21,71,146,160,33,184,200
47,409,3036,13,13,35,30,69,80,68,68,28,28,10,10,42,47,40,40,68,68,31,35,12,27,85,73,27,12,54,45,74,52,12,18,97,73,22,13,48,39,71,35,12,118,97,73,122,13,148,139,171,135
48,352,3046,68,65,34,24,12,12,65,65,5,6,32,32,47,49,75,74,9,9,70,70,60,18,10,65,8,32,52,68,10,70,60,15,9,66,6,24,54,64,9,74,60,15,109,166,6,24,54,64,9,74
49,461,3124,52,58,37,35,80,85,67,72,5,5,76,85,32,25,74,75,78,83,45,55,60,35,85,72,5,85,14,75,85,55,57,31,90,80,4,97,24,70,96,62,157,131,190,180,4,197,124,70,96,62
50,292,3392,11,13,56,58,87,81,86,82,84,85,77,78,46,54,16,15,91,78,90,94,14,60,78,82,85,78,52,15,75,95,14,64,78,93,98,83,49,14,89,95,14,164,178,193,198,83,149,114,89,195
51,401,3020,65,67,45,55,68,60,76,75,45,60,40,52,40,52,40,48,40,50,80,85,67,55,60,75,60,52,52,48,50,85,65,53,60,87,55,47,48,45,43,94,65,153,60,87,155,147,48,45,143,194
52,302,3393,5,5,32,32,83,83,85,85,43,45,57,58,65,65,66,66,41,41,50,50,7,38,85,84,52,65,72,70,45,52,5,33,98,99,44,59,74,73,43,46,105,33,198,99,144,159,174,173,43,46
53,470,3374,37,40,38,38,66,65,42,37,9,9,28,30,70,75,82,85,30,33,40,43,48,45,62,35,10,32,82,95,38,45,45,41,52,35,9,30,92,95,33,39,45,41,152,35,9,30,192,195,33,139
54,309,3464,78,78,68,69,33,38,51,60,57,58,90,91,45,50,45,47,60,62,30,30,78,72,45,67,65,95,54,54,70,32,87,70,34,65,59,95,48,45,62,31,187,170,134,65,59,195,148,145,162,31
55,568,3075,53,53,67,67,36,38,31,28,37,40,50,47,40,45,90,90,60,65,60,70,70,70,52,18,45,45,52,85,65,72,63,83,41,22,41,44,50,97,59,68,63,183,141,22,41,44,50,197,59,68
56,1078,3396,35,40,91,75,45,55,50,52,90,85,8,10,90,90,55,74,90,78,65,65,40,75,55,52,85,10,85,74,78,62,32,87,49,42,88,6,93,85,99,57,32,87,49,42,88,106,93,185,199,57
57,397,3059,35,40,55,54,11,11,75,74,80,80,40,40,72,72,35,35,38,42,55,55,45,52,10,72,78,35,72,35,45,55,41,49,9,71,86,30,75,27,39,46,41,149,109,71,186,130,175,127,39,146
58,799,3297,58,62,5,4,72,76,41,37,41,45,19,16,90,89,31,32,5,4,66,70,65,3,80,32,50,14,85,34,4,70,58,2,66,31,38,24,94,26,3,83,58,2,66,31,138,124,194,126,103,183
59,411,3028,36,28,58,54,90,88,32,32,70,72,95,95,85,78,8,9,18,18,61,61,14,54,85,35,78,95,75,10,18,60,24,45,97,28,92,95,89,8,15,55,124,145,197,28,92,195,89,8,15,155
60,270,3171,8,8,47,55,17,17,85,83,10,10,7,8,84,83,77,77,75,75,78,81,10,60,16,78,10,10,78,78,75,85,6,60,16,81,9,7,87,82,87,98,106,160,116,181,109,7,187,182,87,198
61,692,3238,44,44,66,64,12,12,67,68,23,24,72,72,69,65,36,36,78,78,33,34,45,52,10,73,28,68,62,35,76,40,41,50,9,77,25,64,61,28,79,32,41,50,9,177,125,64,61,28,179,32
62,622,3407,2,2,32,32,43,34,27,28,66,52,2,3,83,83,45,45,76,74,85,80,3,32,32,28,45,3,70,42,72,78,2,24,31,26,43,2,74,36,70,91,2,24,31,26,43,102,74,36,170,191
63,822,3022,6,6,75,75,30,30,32,41,36,29,47,51,91,87,75,75,80,80,66,66,7,72,34,45,27,52,85,74,78,65,5,81,26,34,18,44,88,85,81,59,105,81,126,134,118,144,88,185,181,59
64,739,3138,69,69,3,3,61,61,70,72,75,70,7,8,80,80,45,50,42,50,80,80,65,3,65,75,68,10,75,55,55,78,59,3,59,79,64,7,88,62,46,83,59,3,159,79,64,7,188,62,146,83
65,262,3319,47,52,60,61,71,71,77,81,57,56,83,85,40,42,6,6,38,40,84,82,60,65,72,85,55,95,52,7,45,75,64,58,80,98,52,95,35,5,41,79,164,158,180,198,52,195,135,5,41,79
66,567,3060,52,55,47,50,84,81,45,52,26,26,46,54,4,4,85,79,82,80,44,46,60,52,75,63,27,55,5,76,75,52,55,47,89,56,23,51,4,79,85,44,155,147,89,156,123,51,104,179,85,144
67,596,3320,69,71,43,43,64,65,67,67,72,73,27,37,51,51,29,27,70,72,24,24,78,45,72,68,78,52,52,27,78,28,82,37,81,64,91,35,44,22,91,25,82,137,81,64,191,135,144,122,91,125
68,509,3285,75,75,44,48,43,40,38,38,68,70,80,75,76,75,82,80,78,78,2,3,75,52,35,45,80,72,72,78,72,3,70,54,35,40,66,74,81,99,80,3,70,54,35,40,66,174,81,199,180,3
69,450,3196,35,34,5,5,10,11,13,13,2,2,70,71,3,3,60,64,16,22,7,8,32,5,12,13,2,72,3,67,28,10,24,4,8,11,1,81,3,65,21,7,24,104,108,11,101,81,3,65,121,7
70,1741,3194,67,69,10,11,15,19,73,73,29,28,41,38,83,80,16,15,73,75,33,39,70,10,20,75,27,35,75,14,78,42,63,8,17,85,22,31,84,13,87,36,63,8,117,85,122,131,84,113,187,36
71,389,3401,72,72,68,70,65,68,7,8,64,64,30,33,70,78,82,82,24,26,45,45,73,74,70,9,70,35,76,85,45,50,77,71,74,7,83,28,79,96,34,40,177,171,74,107,183,128,179,196,134,140
72,594,3357,68,70,44,44,53,54,36,37,88,89,65,67,29,33,6,6,26,28,82,81,72,45,55,40,78,70,35,7,32,78,70,44,51,32,99,61,28,5,24,84,170,44,151,32,199,161,128,105,24,184
73,664,3103,31,30,76,76,32,35,5,5,83,83,10,10,46,55,16,17,28,28,78,78,28,75,45,4,78,10,65,19,28,75,21,87,43,3,81,9,58,17,26,84,121,87,43,103,181,109,58,17,26,84
74,367,3316,67,65,68,69,84,84,83,83,29,28,68,70,38,42,51,51,6,8,45,50,63,70,75,82,28,72,50,52,8,62,56,62,85,78,25,68,43,42,6,52,156,162,85,78,125,68,143,142,6,152
75,419,3224,94,94,10,10,69,70,49,50,36,39,30,30,71,71,76,76,78,78,61,62,85,10,70,55,45,22,72,75,78,65,94,6,63,62,40,20,76,86,92,65,94,106,63,62,40,120,76,86,92,165
76,1003,3108,32,32,55,55,55,90,78,78,95,95,60,68,37,39,1,2,80,80,80,80,34,52,85,78,85,65,45,3,75,72,26,48,90,82,94,59,39,2,76,75,126,48,190,182,194,59,139,102,176,175
77,682,3395,2,2,45,45,38,38,3,3,95,95,85,80,35,35,90,88,20,19,45,45,2,52,42,3,95,75,35,85,18,52,1,33,36,2,95,89,30,95,18,50,101,133,36,2,195,89,130,95,18,50
78,805,3439,37,33,3,2,26,28,62,65,24,24,27,44,48,48,65,65,38,42,38,34,35,1,45,68,22,50,55,72,45,32,31,1,39,64,21,40,51,77,36,31,131,1,139,64,21,140,51,77,136,31
79,194,3412,79,78,68,69,39,39,64,68,11,11,7,7,64,62,39,35,2,1,40,40,76,72,45,68,12,5,60,22,1,52,79,76,41,69,12,4,55,21,1,33,179,76,41,69,12,104,155,21,1,133
80,385,3333,19,19,61,61,38,40,77,74,80,81,26,29,6,6,49,55,16,14,59,59,22,65,42,75,85,32,7,55,12,62,19,59,36,70,96,27,5,53,11,61,19,59,36,70,196,27,105,153,111,61
81,357,3001,45,40,11,11,70,68,45,45,34,35,76,74,39,39,80,78,93,90,87,85,35,12,65,45,35,72,52,78,85,82,30,12,66,39,28,69,33,91,95,98,130,12,166,39,28,169,133,91,95,98
82,251,3370,32,45,72,75,82,84,40,48,6,7,15,13,9,9,44,48,7,6,76,77,45,78,85,52,7,12,8,48,5,78,41,92,88,42,5,8,6,45,4,87,41,92,88,42,5,108,6,45,4,187
83,410,3291,43,47,78,74,60,60,62,62,56,58,58,58,73,73,3,3,3,3,21,22,52,68,55,62,65,52,72,3,3,25,42,64,52,61,58,48,71,2,3,23,142,64,52,61,58,48,71,102,3,23
84,853,3101,86,86,79,70,15,15,13,13,52,46,55,59,75,75,88,80,38,36,59,63,85,65,16,14,45,65,72,75,35,68,90,67,16,12,39,55,70,84,30,69,90,67,16,112,39,55,170,84,130,69
85,135,3499,30,22,30,52,60,73,50,65,20,22,30,55,70,78,15,22,80,95,25,32,22,52,73,65,22,55,78,22,95,32,20,41,73,58,21,62,82,15,95,29,120,141,73,58,21,62,82,115,195,29
86,1098,3152,63,61,78,78,82,82,43,44,21,18,27,27,79,72,38,42,48,50,77,75,60,78,82,45,15,28,68,45,52,75,54,78,98,37,14,21,64,39,42,87,154,178,98,37,114,121,64,139,42,87
87,373,3176,82,82,58,58,38,45,60,60,75,75,60,60,67,67,24,22,60,56,85,85,78,55,52,54,72,62,70,19,52,75,91,52,35,45,80,52,73,17,48,89,191,52,135,145,180,152,173,17,48,89
88,678,3284,65,68,41,48,11,9,19,25,74,76,12,12,68,70,14,12,17,15,9,9,72,52,10,27,78,12,72,13,14,10,68,35,9,19,87,13,81,11,13,9,68,135,109,119,187,13,81,11,113,9
89,304,3318,55,55,76,79,71,71,75,75,23,25,35,35,63,63,72,73,52,51,80,77,55,82,72,75,27,35,63,74,50,75,49,78,75,87,22,38,56,85,40,88,49,78,175,87,122,38,156,185,140,188
90,739,3306,22,22,62,65,73,73,82,85,88,86,43,46,56,58,85,85,31,40,18,16,22,68,73,85,85,52,60,85,45,14,15,64,77,89,88,54,60,97,34,13,115,64,177,189,88,54,160,97,134,113
91,511,3194,62,68,8,8,17,18,75,75,23,25,36,36,80,77,14,14,85,82,37,38,70,10,20,75,27,35,75,14,78,42,63,8,17,85,22,31,84,13,87,36,63,8,117,85,122,131,84,113,187,36
92,542,3008,19,12,19,20,22,22,29,31,60,60,58,61,83,83,35,43,86,80,84,83,10,22,22,35,62,65,84,45,78,82,9,15,20,31,61,72,99,41,81,98,109,115,20,131,61,72,99,41,181,98
93,437,3213,35,35,67,67,13,13,53,53,59,61,54,57,10,10,23,28,80,80,91,91,35,70,12,52,68,65,10,34,85,95,27,74,12,46,69,59,9,26,96,95,127,74,12,46,69,59,9,126,196,195
94,607,3108,28,31,52,52,84,84,87,82,91,90,61,63,36,41,5,4,72,73,70,70,34,52,85,78,85,65,45,3,75,72,26,48,90,82,94,59,39,2,76,75,126,48,190,182,194,59,139,102,176,175
95,973,3274,43,43,76,75,43,43,78,77,28,28,27,28,23,23,62,63,84,83,67,68,45,72,45,75,32,34,20,65,82,72,36,81,37,70,27,25,17,65,100,80,136,81,37,70,27,25,117,165,200,180
96,315,3241,32,26,28,32,81,75,30,30,71,76,76,76,42,48,57,55,74,74,50,50,22,35,72,28,78,78,52,52,72,45,20,28,75,26,91,84,47,54,71,39,20,128,75,26,91,184,147,54,71,39
97,991,3103,17,22,65,67,42,43,4,4,79,79,11,10,48,62,21,19,26,27,95,92,28,75,45,4,78,10,65,19,28,75,21,87,43,3,81,9,58,17,26,84,121,87,43,103,181,109,58,17,26,84
98,743,3074,20,20,17,17,10,11,26,26,29,28,85,86,80,81,31,45,4,4,79,86,22,16,12,28,27,85,82,52,4,95,21,16,8,25,18,89,93,41,3,95,21,16,108,125,118,189,193,141,103,195
99,450,3126,62,64,36,37,28,24,52,52,80,78,78,76,28,33,37,27,69,74,38,43,67,38,18,52,75,75,35,28,75,45,65,33,22,47,85,89,29,25,84,43,65,33,22,147,85,89,129,125,84,43
100,503,3459,62,59,84,84,43,48,8,9,77,75,89,86,29,23,16,14,85,83,17,17,52,82,52,10,72,85,18,10,78,18,46,100,42,10,70,98,15,9,82,22,46,200,42,10,170,198,15,109,82,22
101,1159,3445,15,15,93,88,48,49,6,9,52,62,41,37,51,51,9,9,87,90,53,53,14,84,55,10,70,35,52,10,85,54,14,99,46,8,61,35,50,9,96,48,14,99,146,8,161,35,50,9,196,148
102,483,3056,35,35,25,25,40,40,39,49,43,43,78,68,83,83,68,69,73,73,5,5,40,22,18,50,50,65,95,75,74,5,32,20,22,40,43,66,95,80,85,4,32,20,22,140,143,166,195,80,185,104
103,746,3101,75,80,70,67,18,16,15,15,56,50,67,67,58,68,90,90,33,33,62,65,85,65,16,14,45,65,72,75,35,68,90,67,16,12,39,55,70,84,30,69,90,67,16,112,39,55,170,84,130,69
104,314,3309,12,12,7,8,48,62,84,84,54,54,90,87,34,49,51,51,39,52,91,89,10,8,65,82,55,85,52,50,52,85,10,6,65,93,62,96,35,40,42,94,110,6,165,193,62,96,135,140,142,194
105,248,3077,47,46,44,49,18,17,65,62,70,72,80,85,45,38,30,42,65,62,60,68,45,52,15,60,72,85,35,45,60,70,44,41,14,57,77,88,35,36,60,61,44,141,114,157,77,88,35,136,60,161
106,287,3075,66,68,66,68,47,49,25,22,43,43,55,50,52,52,77,80,69,67,66,68,70,70,52,18,45,45,52,85,65,72,63,83,41,22,41,44,50,97,59,68,63,183,141,22,41,44,50,197,59,68
107,674,3081,74,74,80,82,47,52,68,75,50,60,48,46,86,80,11,9,74,74,12,15,72,84,54,72,65,45,78,9,75,22,80,99,45,71,58,43,87,7,87,15,180,99,145,71,58,43,187,107,87,115
108,326,3121,45,45,52,58,8,9,55,56,40,40,36,32,80,82,32,32,63,67,26,25,45,62,10,58,42,22,85,32,67,22,37,61,8,53,36,20,97,29,65,20,37,61,8,53,36,120,197,29,65,20
109,527,3036,15,13,22,28,84,88,76,72,25,24,8,11,56,57,34,38,65,72,42,43,12,27,85,73,27,12,54,45,74,52,12,18,97,73,22,13,48,39,71,35,12,118,97,73,122,13,148,139,171,135
110,500,3195,72,76,34,34,78,78,62,52,76,74,50,47,55,55,83,78,51,51,57,56,78,34,78,52,73,48,62,78,52,55,84,26,86,50,77,45,68,78,44,46,184,126,186,50,177,45,168,178,144,146
111,385,3214,84,80,32,33,81,83,22,23,64,72,26,28,92,92,52,58,72,72,68,73,75,34,85,25,78,32,95,65,72,78,89,25,97,23,91,24,95,55,77,92,89,25,197,23,91,24,195,55,77,92
112,455,3311,61,60,65,62,40,45,32,40,10,10,75,72,40,45,5,5,10,12,80,75,60,62,50,45,10,72,45,5,12,72,64,52,40,32,6,69,37,4,8,77,164,152,140,132,106,169,37,104,108,77
113,352,3463,35,35,33,35,85,85,85,85,60,60,68,68,55,60,35,35,85,85,13,13,32,45,82,76,60,60,65,32,75,14,31,34,98,79,64,54,58,27,84,14,31,134,98,179,164,154,58,27,84,14
114,669,3113,52,52,83,83,58,60,17,20,16,14,12,12,45,45,75,75,39,45,70,75,52,85,68,25,14,12,45,74,55,85,49,89,56,23,13,12,43,85,46,96,149,189,56,23,113,12,43,185,146,196
115,1132,3067,1,1,48,50,42,45,37,35,64,70,30,27,76,77,68,68,78,78,27,20,1,55,52,34,70,22,78,67,78,14,1,50,47,25,67,21,81,65,78,24,1,150,147,25,167,21,181,65,178,124
116,500,3024,58,58,78,79,32,32,82,82,2,1,65,65,12,12,44,50,39,39,37,40,55,82,34,85,1,68,10,52,45,50,53,100,26,88,1,63,9,46,37,43,153,200,126,88,1,163,9,46,137,143
117,372,3432,33,31,31,25,45,47,50,58,75,75,50,50,45,55,50,50,31,25,45,45,28,22,52,65,75,52,55,54,22,45,26,20,54,55,86,48,46,45,21,39,26,120,54,55,86,48,146,145,21,39
118,615,3169,63,70,80,75,44,45,7,7,50,48,16,18,10,10,56,57,6,9,90,85,72,72,48,7,55,18,10,70,10,78,70,72,45,5,62,15,6,67,8,91,170,172,45,105,62,15,106,167,8,191
119,502,3365,24,26,35,40,60,57,80,80,75,78,62,62,65,65,67,68,12,13,55,58,27,45,55,85,85,72,80,74,14,60,22,40,51,98,93,69,66,71,12,64,122,40,151,198,93,169,66,171,112,164
120,1007,3327,46,45,25,14,87,86,18,18,37,50,50,60,93,91,37,40,24,23,31,40,45,12,85,18,60,65,85,45,22,45,40,11,90,22,55,55,94,39,20,41,40,111,190,22,155,55,94,139,120,41
121,514,3076,26,32,80,85,31,27,67,70,45,52,78,75,51,55,2,3,64,75,12,12,32,85,27,72,52,75,55,3,80,12,30,100,19,71,47,80,62,2,66,11,30,100,119,71,47,80,62,102,66,111
122,740,3433,21,22,73,75,83,84,24,23,34,40,85,83,24,31,46,51,69,69,41,46,27,78,85,22,45,78,32,55,70,55,22,81,96,21,37,99,29,52,73,51,122,181,196,21,37,199,29,52,173,51
123,410,3302,73,75,64,62,54,54,11,11,44,47,83,84,27,29,85,95,42,44,54,59,74,62,52,10,50,85,32,85,45,62,85,57,50,9,40,100,27,89,37,68,185,57,50,9,140,100,27,189,137,168
124,449,3213,35,35,70,70,10,13,65,55,70,70,55,60,10,10,20,30,80,85,95,95,35,70,12,52,68,65,10,34,85,95,27,74,12,46,69,59,9,26,96,95,127,74,12,46,69,59,9,126,196,195
125,251,3347,63,64,82,79,72,74,48,50,78,78,11,12,6,5,55,54,17,16,48,46,65,75,76,52,78,12,5,52,15,45,66,85,79,48,78,8,4,50,14,37,166,85,179,48,178,108,4,50,114,137
126,366,3362,85,80,30,35,23,16,35,35,45,50,5,8,15,13,80,75,5,10,50,62,78,35,16,35,52,8,13,72,10,62,78,27,16,28,47,6,11,70,10,52,178,127,16,128,147,6,11,170,10,152
127,599,3481,32,33,28,38,25,23,63,68,61,63,34,31,85,86,29,28,77,79,81,72,34,42,22,72,60,32,85,27,78,65,26,36,15,76,64,27,90,18,82,66,126,36,115,76,164,27,90,118,82,166
128,620,3378,78,78,80,80,82,82,85,85,63,63,91,91,40,40,45,45,37,37,70,70,72,74,78,84,65,85,45,52,45,70,75,85,84,99,59,98,41,33,32,74,175,185,184,99,59,198,41,133,132,74
129,329,3121,42,46,53,65,7,10,43,60,32,39,33,25,80,85,27,33,60,66,30,27,45,62,10,58,42,22,85,32,67,22,37,61,8,53,36,20,97,29,65,20,37,61,8,53,36,120,197,29,65,20
130,506,3024,40,45,83,83,23,25,90,90,1,1,65,65,8,8,55,52,45,45,50,50,55,82,34,85,1,68,10,52,45,50,53,100,26,88,1,63,9,46,37,43,153,200,126,88,1,163,9,46,137,143
131,327,3448,80,80,72,72,88,88,7,8,22,25,40,34,65,65,20,17,35,34,65,64,78,70,85,9,27,32,67,16,32,62,92,61,94,7,22,29,65,16,31,52,92,161,94,107,122,29,65,116,31,152
132,610,3165,75,75,78,75,80,75,85,85,2,3,50,55,8,8,38,40,68,74,16,14,75,72,75,85,5,55,10,45,75,12,76,72,85,94,4,52,9,36,84,11,176,172,85,94,4,52,9,136,84,111
133,433,3041,15,15,16,17,65,65,52,54,19,21,66,70,53,51,75,75,80,82,48,50,14,18,65,55,22,72,52,78,85,52,12,15,58,46,15,76,42,92,90,54,112,15,158,146,115,76,142,92,90,54
134,327,3106,86,82,91,84,78,76,31,32,52,53,7,10,19,19,35,35,79,76,90,88,75,75,68,35,60,12,22,35,72,85,76,85,64,38,64,13,15,27,81,94,176,85,64,38,164,13,115,127,81,194
135,458,3131,56,55,71,73,21,21,28,25,65,71,49,47,50,52,30,41,39,37,45,50,54,72,22,22,78,45,52,45,35,50,48,74,21,20,82,43,42,32,31,38,148,174,21,120,82,43,142,132,131,138
136,502,3404,8,8,74,74,14,13,68,66,80,80,77,77,43,45,33,33,59,59,37,37,9,78,10,60,85,78,52,35,65,32,7,82,9,57,88,83,47,29,59,24,107,182,109,157,88,83,147,129,159,24
137,410,3074,42,40,18,18,12,12,28,28,35,32,80,80,80,80,45,48,5,5,90,90,22,16,12,28,27,85,82,52,4,95,21,16,8,25,18,89,93,41,3,95,21,16,108,125,118,189,193,141,103,195
138,318,3211,72,70,78,77,80,80,38,44,43,40,45,46,44,47,50,50,8,9,23,27,65,74,78,50,35,48,50,52,13,32,72,85,82,38,30,45,40,54,11,29,72,185,182,138,130,45,140,54,11,29
139,772,3169,75,72,67,72,52,52,8,7,55,55,18,18,10,10,70,70,9,10,85,78,72,72,48,7,55,18,10,70,10,78,70,72,45,5,62,15,6,67,8,91,170,172,45,105,62,15,106,167,8,191
140,818,3124,73,70,35,35,92,92,90,90,3,4,96,95,15,15,50,65,75,80,55,55,60,35,85,72,5,85,14,75,85,55,57,31,90,80,4,97,24,70,96,62,157,131,190,180,4,197,124,70,96,62
141,484,3085,68,70,80,82,26,24,75,80,78,80,76,76,75,74,68,65,80,80,70,70,72,85,22,85,82,75,72,60,75,68,77,97,19,100,98,80,75,55,89,69,77,97,19,100,98,80,175,155,89,69
142,500,3360,77,79,86,85,13,13,17,17,36,42,68,69,28,28,72,74,8,9,2,2,82,82,13,18,55,72,28,78,10,1,98,100,11,18,62,75,25,81,8,1,98,200,11,18,62,175,125,181,8,1
143,600,3013,72,70,22,27,65,56,79,77,90,80,9,9,23,22,75,69,70,71,35,38,72,28,52,75,75,8,20,68,72,34,75,26,49,70,88,6,17,63,74,25,175,26,149,70,188,6,117,163,174,25
144,554,3221,34,35,84,82,79,76,30,29,66,65,25,26,81,77,72,76,80,82,54,56,35,78,72,27,65,27,73,78,85,58,28,83,75,23,72,19,73,91,96,53,28,83,75,123,72,119,73,91,196,53
145,367,3193,78,78,42,40,7,10,61,67,44,47,33,33,19,18,26,28,24,30,69,66,78,35,10,68,52,35,18,28,34,65,92,35,10,56,47,28,18,25,25,59,92,35,10,56,147,28,18,125,25,59
146,404,3150,64,68,73,74,52,53,31,33,32,38,68,68,44,46,12,11,81,82,86,85,72,78,55,35,42,68,52,10,85,82,71,91,53,28,36,64,42,9,93,78,71,91,153,128,36,64,142,9,93,78
147,524,3467,37,39,81,81,30,31,45,49,77,76,66,69,70,66,40,43,6,65,12,12,52,82,34,52,75,70,62,45,75,12,41,92,26,46,84,74,57,39,85,8,141,192,126,46,84,74,57,39,85,108
148,519,3369,37,41,36,44,54,59,88,91,40,46,83,75,62,62,85,82,85,78,63,67,45,52,65,95,55,78,62,76,75,72,39,41,59,95,50,91,52,79,70,68,39,141,59,195,150,91,152,179,70,68
149,576,3374,39,44,41,41,60,61,45,40,9,9,24,28,75,79,84,90,36,36,36,41,48,45,62,35,10,32,82,95,38,45,45,41,52,35,9,30,92,95,33,39,45,41,152,35,9,30,192,195,33,139
150,530,3312,25,22,70,72,78,82,63,68,72,76,6,7,10,12,68,70,35,43,75,73,18,72,85,72,78,7,12,70,45,73,22,74,88,71,81,5,13,74,43,73,22,174,88,71,181,5,13,74,43,73
151,649,3314,42,45,28,25,39,38,90,85,50,52,42,42,75,78,65,65,25,30,68,64,52,52,35,82,62,55,78,60,35,62,42,35,29,92,52,51,86,60,28,57,142,135,129,192,152,151,186,60,28,57
152,349,3363,67,67,51,51,51,51,67,68,74,76,65,66,34,34,74,74,52,52,19,19,63,55,55,72,78,68,35,75,55,19,56,53,49,81,81,64,28,87,62,17,156,153,49,81,181,64,28,87,62,17
153,496,3450,88,83,51,53,95,85,42,48,53,53,18,21,61,63,87,87,44,45,42,42,75,55,78,52,55,22,65,85,50,52,87,51,84,42,52,15,58,95,40,47,87,51,184,142,52,115,58,95,140,47
154,458,3169,68,70,75,72,34,40,7,7,55,55,14,17,5,8,64,68,9,10,83,80,72,72,48,7,55,18,10,70,10,78,70,72,45,5,62,15,6,67,8,91,170,172,45,105,62,15,106,167,8,191
155,378,3071,34,35,29,30,10,10,15,15,34,36,13,13,29,28,27,27,8,7,65,65,52,35,10,16,52,10,28,27,5,70,47,28,8,16,35,9,21,18,4,74,47,28,8,16,135,109,121,118,4,74
156,906,3205,76,77,37,45,70,72,59,65,62,68,52,55,47,52,67,66,49,53,7,9,78,52,75,68,70,62,54,65,60,9,99,47,89,63,83,52,48,66,60,7,199,147,89,163,183,152,148,166,160,107
157,458,3213,30,32,75,72,12,12,48,50,60,65,68,65,9,9,27,32,75,82,90,93,35,70,12,52,68,65,10,34,85,95,27,74,12,46,69,59,9,26,96,95,127,74,12,46,69,59,9,126,196,195
158,302,3398,47,52,38,38,37,43,76,75,61,63,55,59,78,76,58,56,4,5,84,84,55,35,45,72,65,60,75,54,5,82,50,35,37,74,58,55,88,48,4,98,150,35,137,174,58,155,188,148,104,98
159,403,3464,84,82,78,76,32,36,65,65,68,67,92,94,65,57,49,51,72,71,46,40,78,72,45,67,65,95,54,54,70,32,87,70,34,65,59,95,48,45,62,31,187,170,134,65,59,195,148,145,162,31
160,750,3375,56,57,68,66,29,30,37,36,6,7,5,6,43,49,68,71,85,85,84,84,60,62,35,35,8,7,55,72,85,85,60,57,29,35,6,5,53,77,90,89,60,57,129,35,6,105,153,77,90,189
161,426,3135,60,62,13,13,65,65,64,65,37,36,75,76,55,58,67,57,40,48,59,60,65,13,65,68,35,78,65,52,54,60,58,11,59,69,28,92,55,46,45,64,58,11,59,69,28,92,55,46,145,164
162,298,3016,81,88,81,82,78,78,17,15,45,47,60,66,4,5,48,50,88,87,33,37,95,85,78,12,52,70,5,55,85,45,95,96,82,11,54,67,4,49,89,32,195,196,182,111,54,167,4,49,189,132
163,261,3356,75,75,42,45,40,35,56,58,42,40,72,73,45,46,66,68,47,48,70,70,75,52,22,65,28,78,52,70,52,68,70,35,21,58,25,82,33,73,47,63,70,135,21,58,125,82,133,173,47,163
164,463,3238,38,38,46,48,9,9,68,70,23,25,69,70,52,57,30,30,75,75,40,38,45,52,10,73,28,68,62,35,76,40,41,50,9,77,25,64,61,28,79,32,41,50,9,177,125,64,61,28,179,32
165,912,3424,75,75,73,75,40,50,80,80,85,82,5,5,16,16,77,73,15,14,83,80,78,75,55,75,74,8,16,72,14,75,78,88,50,89,85,6,16,75,12,76,178,188,150,89,185,6,116,175,112,176
166,889,3006,27,35,71,85,8,9,76,74,72,72,6,5,6,5,82,70,32,27,53,52,35,85,10,74,72,4,5,70,28,52,28,96,7,71,81,3,4,83,26,42,28,196,7,171,81,103,104,183,26,42
167,626,3241,31,24,38,35,79,78,26,26,71,78,84,82,38,48,58,52,74,74,32,45,22,35,72,28,78,78,52,52,72,45,20,28,75,26,91,84,47,54,71,39,20,128,75,26,91,184,147,54,71,39
168,341,3395,3,3,33,51,37,38,5,4,73,95,82,80,42,40,85,85,23,21,51,51,2,52,42,3,95,75,35,85,18,52,1,33,36,2,95,89,30,95,18,50,101,133,36,2,195,89,130,95,18,50
169,362,3343,68,73,41,51,21,21,29,30,58,54,62,62,43,44,59,62,18,18,35,35,73,54,22,32,52,62,45,65,19,35,77,45,19,29,46,61,44,55,17,28,177,145,19,29,46,61,44,55,17,28
170,278,3491,32,32,9,9,47,47,68,68,35,35,56,59,80,80,3,3,29,25,42,42,28,12,45,65,42,65,85,5,22,45,26,13,44,67,36,59,97,4,20,34,26,13,44,67,36,159,197,4,120,34
171,544,3437,64,64,70,69,37,30,70,70,74,73,48,49,34,41,33,30,63,63,42,42,65,65,27,70,72,50,45,22,60,45,65,67,23,74,69,43,34,19,55,36,165,67,123,74,169,143,134,19,155,136
172,852,3367,57,53,40,37,17,18,41,42,69,73,33,47,43,40,80,83,74,73,77,77,52,35,18,45,78,52,35,85,72,78,47,27,15,40,91,35,28,100,71,92,47,127,15,40,91,135,128,100,71,92
173,1332,3226,83,83,48,52,28,26,30,27,42,45,58,62,58,51,71,64,36,22,67,61,85,55,27,28,45,65,52,65,14,60,90,50,19,26,40,72,44,58,24,60,190,150,119,26,40,72,144,158,124,60
174,472,3237,38,28,50,50,46,48,6,6,82,82,80,75,76,75,28,28,68,68,35,35,22,52,50,8,82,72,72,27,65,32,20,47,40,6,98,68,70,18,55,29,20,47,140,6,98,68,170,118,55,29
175,406,3307,53,53,7,5,80,85,55,55,90,85,10,10,17,24,85,82,82,86,7,8,55,4,95,55,85,8,25,82,85,9,51,3,95,50,97,6,23,78,93,7,51,103,195,150,197,6,23,78,93,107
176,337,3230,69,70,83,84,2,3,32,36,17,17,28,25,89,88,58,54,62,63,15,14,74,85,3,45,18,22,85,54,65,13,71,95,2,37,18,21,90,48,72,11,171,95,102,37,18,21,90,148,72,11
177,591,3372,23,22,49,46,67,65,61,56,48,53,81,81,20,22,87,86,10,11,66,69,19,45,65,55,58,82,22,84,12,72,17,43,59,52,53,98,19,99,13,81,17,43,59,52,53,98,19,99,13,81
178,374,3162,31,15,52,52,29,45,70,70,55,59,75,77,78,73,7,7,3,3,25,26,15,52,50,82,62,78,72,7,3,27,14,33,38,98,57,82,72,5,3,18,114,133,138,98,57,82,172,105,3,118
179,403,3239,55,60,58,68,70,73,40,40,17,19,10,10,80,74,90,93,80,85,20,23,65,74,75,45,22,12,70,95,75,27,55,71,79,32,15,8,74,95,86,22,55,171,79,132,115,108,74,195,86,122
180,542,3049,11,11,77,77,23,23,74,74,27,30,82,82,41,40,68,68,30,30,46,46,10,76,22,75,34,85,27,70,22,45,9,79,19,86,26,90,19,63,20,41,9,179,19,86,126,90,119,63,20,41
181,395,3347,66,66,75,75,77,77,42,48,68,75,16,12,7,5,50,50,17,16,33,43,65,75,76,52,78,12,5,52,15,45,66,85,79,48,78,8,4,50,14,37,166,85,179,48,178,108,4,50,114,137
182,361,3158,60,58,75,80,70,70,13,13,30,39,50,55,25,27,37,45,85,85,80,85,55,84,72,13,45,60,27,50,85,85,53,99,76,11,37,54,19,40,88,90,153,99,76,11,137,154,119,140,88,190
183,287,3116,65,65,85,80,23,26,31,40,6,5,35,35,70,69,60,60,25,35,3,3,67,75,28,45,5,34,68,60,42,3,65,84,21,34,4,26,63,57,36,3,65,84,121,134,104,126,163,157,36,3
184,518,3245,4,6,11,11,8,8,72,72,30,30,85,83,52,53,76,76,55,68,68,78,7,10,8,72,28,82,55,75,70,78,5,9,6,69,26,98,52,88,63,92,5,9,6,169,26,98,52,188,63,92
185,538,3295,46,48,33,36,32,20,49,51,24,20,9,9,4,3,38,44,67,67,77,81,52,40,14,54,16,10,3,50,67,85,47,32,24,45,16,10,3,38,65,93,47,32,124,145,116,10,3,138,65,93
186,385,3176,82,80,57,56,37,44,58,56,75,74,56,60,75,73,24,20,53,53,87,82,78,55,52,54,72,62,70,19,52,75,91,52,35,45,80,52,73,17,48,89,191,52,135,145,180,152,173,17,48,89
187,520,3435,38,55,32,45,75,72,35,45,10,9,28,28,28,24,6,5,68,66,75,76,62,52,70,50,9,28,22,5,65,78,68,33,73,40,7,26,20,4,67,91,168,133,173,140,107,26,20,104,67,191
188,490,3413,5,5,30,31,59,55,34,30,53,54,76,76,70,65,79,79,69,69,97,97,5,35,52,27,52,75,67,78,72,95,4,29,49,22,48,86,65,92,68,95,4,129,149,122,48,86,65,92,68,195
189,406,3200,52,52,58,54,63,62,5,4,82,82,83,83,65,63,72,75,41,42,26,27,52,52,60,3,85,84,62,78,45,28,42,49,60,3,94,99,52,81,39,26,142,149,60,3,94,99,152,181,139,26
190,580,3159,25,25,16,16,24,24,84,80,85,84,72,75,4,5,66,66,50,50,82,82,27,14,22,78,78,75,7,65,52,78,23,14,20,82,86,87,5,66,47,87,123,14,20,182,186,87,105,166,147,187
191,416,3242,63,63,80,80,42,43,82,82,20,20,80,80,65,68,62,65,7,7,78,75,70,78,48,84,20,85,75,72,8,73,74,78,45,99,17,97,87,76,6,77,74,178,45,99,117,197,87,76,6,177
192,350,3410,25,20,9,10,32,33,78,80,45,50,62,62,6,6,28,28,70,70,72,72,20,12,35,85,60,65,7,28,72,72,17,13,28,97,60,59,5,26,75,80,117,13,28,97,160,59,5,26,175,180
193,657,3404,9,9,70,75,12,11,58,59,75,80,65,72,43,45,33,34,50,55,25,26,9,78,10,60,85,78,52,35,65,32,7,82,9,57,88,83,47,29,59,24,107,182,109,157,88,83,147,129,159,24
194,252,3224,92,90,8,8,64,66,52,54,49,47,35,30,84,75,84,80,80,79,51,55,85,10,70,55,45,22,72,75,78,65,94,6,63,62,40,20,76,86,92,65,94,106,63,62,40,120,76,86,92,165
195,502,3090,65,65,22,20,75,75,62,62,22,22,74,72,40,45,65,65,20,20,80,79,75,15,72,63,27,68,52,70,20,78,86,14,81,56,23,56,47,63,17,91,86,114,81,156,123,56,47,63,117,191
196,389,3477,46,47,67,67,78,80,44,44,72,72,67,67,38,32,42,40,48,45,65,67,52,78,85,52,78,70,27,45,52,75,42,92,95,42,78,73,19,44,49,86,142,92,95,42,178,173,119,44,149,86
197,467,3020,70,68,65,63,63,60,78,78,61,61,57,55,48,50,46,47,57,53,85,85,67,55,60,75,60,52,52,48,50,85,65,53,60,87,55,47,48,45,43,94,65,153,60,87,155,147,48,45,143,194
198,494,3482,22,21,47,48,15,15,11,10,86,83,47,53,77,77,57,65,2,1,23,20,19,52,14,9,78,63,78,70,1,18,17,48,12,7,99,56,82,63,1,22,17,48,112,107,199,156,182,63,1,22
199,277,3403,87,82,90,90,20,20,94,92,76,76,45,45,87,85,53,53,45,45,65,65,78,85,18,95,74,52,82,48,45,72,78,97,22,95,85,41,100,45,43,70,178,197,22,195,185,141,200,45,43,170
200,463,3233,44,45,4,4,32,34,63,66,73,78,69,66,40,44,70,71,83,82,8,9,45,4,32,65,85,65,45,74,85,10,39,3,30,55,96,58,40,71,89,10,39,103,30,55,96,158,40,171,189,110
201,496,3431,25,25,75,75,35,40,85,82,24,26,70,66,25,23,40,42,35,35,32,20,27,78,45,82,28,68,22,45,35,14,19,91,39,100,21,64,19,40,35,24,119,91,39,200,121,64,19,40,35,124
202,415,3475,84,84,86,82,31,26,80,80,6,8,56,60,50,53,17,15,24,31,28,40,85,75,22,78,10,65,55,14,35,52,90,76,21,82,8,59,51,13,28,35,190,176,21,182,8,159,151,113,128,135
203,252,3081,68,68,83,83,40,42,65,65,58,58,40,40,75,75,7,7,70,70,13,13,72,84,54,72,65,45,78,9,75,22,80,99,45,71,58,43,87,7,87,15,180,99,145,71,58,43,187,107,87,115
204,692,3042,62,68,45,50,84,75,22,25,35,32,49,55,89,81,23,28,15,14,78,72,68,52,70,25,32,55,75,28,14,72,69,41,62,23,24,51,85,25,12,75,69,141,162,23,24,51,85,125,112,75
205,574,3453,90,80,20,20,27,30,72,72,75,70,90,80,2,2,36,36,40,30,90,88,72,18,32,72,65,78,3,34,28,85,72,18,24,71,66,78,3,26,21,97,172,18,24,71,166,178,3,126,121,97
206,988,3133,82,82,69,74,68,68,62,62,90,90,44,48,82,82,26,26,50,50,39,39,84,78,73,60,85,52,85,27,55,42,99,82,73,60,90,47,96,22,46,36,99,182,73,60,190,47,196,122,146,36
207,377,3451,72,75,60,65,70,73,2,2,65,69,20,21,70,75,33,40,60,62,90,87,78,72,75,2,72,22,78,50,65,85,81,71,86,1,81,20,83,43,59,97,181,71,86,101,81,20,83,143,159,197
208,312,3263,65,65,63,63,60,65,43,40,10,10,46,45,37,40,18,16,70,68,60,59,65,70,70,38,10,52,45,14,67,55,66,61,63,33,10,54,39,13,65,62,166,161,63,33,110,54,139,113,65,62
209,802,3476,1,2,35,32,65,71,27,34,38,38,80,82,42,48,68,75,56,65,36,35,2,22,70,32,35,85,52,78,68,34,1,21,83,24,28,97,47,83,69,26,101,21,183,24,128,197,147,83,69,126
210,1097,3374,50,50,48,48,60,60,52,45,10,10,30,30,72,78,95,95,40,40,38,40,48,45,62,35,10,32,82,95,38,45,45,41,52,35,9,30,92,95,33,39,45,41,152,35,9,30,192,195,33,139
211,609,3058,39,39,52,52,34,28,75,70,77,77,67,60,5,5,36,32,83,83,48,52,35,52,14,65,60,60,10,32,78,52,28,42,24,58,60,57,8,30,92,42,128,42,124,158,60,157,8,30,92,142
212,486,3297,54,56,4,3,62,70,45,39,38,40,32,24,87,86,23,28,7,6,67,68,65,3,80,32,50,14,85,34,4,70,58,2,66,31,38,24,94,26,3,83,58,2,66,31,138,124,194,126,103,183
213,559,3332,40,42,80,78,66,68,75,76,80,77,78,78,14,14,3,3,82,82,85,85,45,75,70,78,75,78,14,3,82,85,39,84,62,87,89,84,12,3,98,97,39,84,162,187,89,184,112,3,98,197
214,1565,3013,64,72,45,47,54,54,75,75,65,76,8,8,21,21,72,72,72,72,72,23,72,28,52,75,75,8,20,68,72,34,75,26,49,70,88,6,17,63,74,25,175,26,149,70,188,6,117,163,174,25
215,579,3223,71,73,35,35,2,2,50,52,82,81,74,74,83,83,87,86,57,58,64,62,80,34,3,60,78,78,82,85,70,55,66,25,2,57,87,82,93,96,63,52,66,25,2,157,187,82,193,196,63,52
216,502,3118,44,46,10,9,85,78,78,80,33,32,66,68,6,7,16,17,5,6,52,52,52,10,75,85,35,70,10,22,10,54,47,9,89,88,30,73,6,15,8,48,47,109,89,88,130,173,106,115,8,148
217,434,3497,27,24,73,77,72,72,65,70,65,68,60,66,80,81,17,17,80,78,77,82,20,82,73,76,70,72,82,16,75,85,17,100,73,79,63,70,98,16,85,97,117,200,73,179,63,170,98,116,85,197
218,630,3035,68,67,84,81,6,6,88,90,78,81,31,29,76,76,2,2,18,18,97,93,62,75,10,95,85,22,75,3,18,85,57,85,8,95,90,21,76,2,22,98,57,85,8,195,190,21,176,2,22,198
219,681,3064,14,14,80,81,70,70,48,50,70,75,78,80,40,45,9,9,22,25,67,67,14,82,72,55,78,80,45,8,28,65,12,93,71,62,86,66,37,6,25,59,112,193,71,62,186,66,137,6,125,159
220,321,3387,58,57,65,69,55,55,48,50,50,60,17,16,35,30,8,8,53,53,65,65,60,72,55,52,65,14,27,10,52,65,60,71,52,47,58,12,19,9,41,55,60,71,52,47,58,112,119,9,141,55
221,494,3483,12,12,87,86,23,24,9,9,47,50,20,22,81,79,87,85,80,79,17,16,12,82,25,10,55,27,72,75,72,14,8,100,23,6,50,19,71,89,72,13,108,200,23,106,150,119,71,89,172,113
222,357,3341,73,75,79,80,73,74,58,58,43,44,67,67,23,23,72,72,38,41,74,72,82,85,75,62,45,70,22,75,45,72,92,96,79,68,43,63,19,87,37,74,192,96,79,168,43,63,19,87,37,174
223,564,3389,78,75,67,66,82,80,74,72,22,17,75,73,24,25,70,65,21,21,36,35,68,65,78,68,16,70,27,60,22,35,64,59,91,63,16,62,22,54,20,28,64,59,191,163,116,162,122,154,20,28
224,559,3051,36,36,5,5,68,64,42,46,16,16,74,73,51,51,28,33,34,27,42,41,35,5,63,52,15,72,52,35,22,40,28,4,56,41,14,72,42,28,20,32,28,104,156,141,114,172,142,128,120,32
225,294,3225,6,6,17,17,68,60,82,84,79,76,82,75,5,5,65,63,62,57,75,77,7,18,54,85,72,72,5,62,55,75,5,15,48,97,69,72,4,61,50,79,5,15,148,197,169,172,104,61,150,79
226,345,3409,65,60,70,75,30,35,50,55,80,80,80,80,60,60,85,85,85,85,6,8,52,80,45,63,85,82,60,85,85,10,49,66,34,56,90,93,64,96,93,8,149,66,34,156,90,193,164,196,93,8
227,206,3149,68,68,85,85,12,12,36,45,44,49,63,64,85,80,79,79,63,55,82,80,70,72,12,52,54,60,75,78,52,75,62,72,12,47,45,60,88,91,48,79,162,172,12,47,145,60,188,91,48,79
228,323,3460,83,79,38,43,67,66,59,57,88,84,52,58,70,69,43,44,36,36,37,40,75,50,65,55,75,62,68,45,35,45,80,43,59,52,89,68,63,44,28,36,80,143,159,52,89,168,163,44,128,136
229,340,3220,61,65,12,11,45,55,50,55,68,70,82,82,23,25,5,5,8,9,18,23,70,10,65,60,75,82,27,7,10,27,61,9,58,64,70,78,23,5,10,22,161,109,58,164,70,78,123,5,110,122
230,479,3012,12,13,32,29,66,71,69,68,70,69,12,11,18,40,79,75,40,47,59,61,14,27,70,60,68,10,45,70,50,60,12,19,63,54,63,10,32,83,40,57,112,119,63,154,163,110,132,183,140,157
231,310,3468,78,75,69,69,44,49,19,17,24,29,50,50,69,71,40,42,59,63,69,69,76,68,52,16,32,54,73,45,65,68,79,63,54,16,30,48,73,34,59,56,179,163,54,16,30,148,73,34,159,56
232,875,3189,30,29,78,80,32,25,8,9,85,85,80,80,45,50,75,75,65,67,44,46,28,85,22,10,85,75,52,75,70,48,26,96,21,7,88,70,41,87,67,45,26,96,21,7,88,70,141,87,167,45
233,357,3211,62,63,71,72,78,78,41,46,39,37,46,47,45,47,53,52,14,14,25,30,65,74,78,50,35,48,50,52,13,32,72,85,82,38,30,45,40,54,11,29,72,185,182,138,130,45,140,54,11,29
234,462,3033,33,33,87,86,56,55,85,83,24,16,65,68,41,39,88,85,57,56,42,43,18,85,55,82,15,72,35,78,55,45,22,94,53,92,14,81,28,91,52,40,22,194,153,192,114,81,128,191,52,40
235,441,3417,52,55,65,70,76,80,5,5,35,37,90,88,11,11,80,77,22,23,85,85,60,78,85,5,40,84,12,75,27,85,64,91,89,4,32,99,11,84,18,88,164,91,189,104,32,99,111,84,118,88
236,810,3248,7,8,78,75,78,78,40,41,43,48,60,62,64,64,36,38,3,3,68,69,10,70,74,45,55,68,65,40,3,70,7,74,71,37,46,63,72,32,2,63,7,74,171,137,146,163,72,32,2,63
237,496,3085,68,70,75,80,21,21,78,85,88,80,69,72,70,70,60,60,75,75,60,62,72,85,22,85,82,75,72,60,75,68,77,97,19,100,98,80,75,55,89,69,77,97,19,100,98,80,175,155,89,69
238,441,3474,73,81,35,42,13,12,65,68,57,53,8,10,43,44,54,60,60,62,8,8,85,45,12,68,52,10,45,60,62,7,96,41,8,69,46,10,32,57,68,5,196,41,108,69,46,10,132,157,168,105
239,321,3214,84,75,21,34,82,85,23,25,64,78,27,32,88,95,44,65,67,72,65,78,75,34,85,25,78,32,95,65,72,78,89,25,97,23,91,24,95,55,77,92,89,25,197,23,91,24,195,55,77,92
240,543,3314,43,46,33,38,29,30,77,78,58,58,46,49,74,74,62,62,35,35,71,69,52,52,35,82,62,55,78,60,35,62,42,35,29,92,52,51,86,60,28,57,142,135,129,192,152,151,186,60,28,57
241,1064,3052,80,80,90,90,90,90,70,90,65,75,2,2,2,3,18,35,90,90,40,60,78,78,75,70,75,2,3,35,85,60,83,99,87,73,80,1,2,29,89,60,83,199,87,173,80,101,2,129,189,160
242,464,3393,6,6,38,38,92,90,92,90,50,50,65,65,71,71,72,72,48,48,52,52,7,38,85,84,52,65,72,70,45,52,5,33,98,99,44,59,74,73,43,46,105,33,198,99,144,159,174,173,43,46
243,599,3496,58,52,6,8,52,59,47,48,85,82,90,88,66,72,49,51,92,90,68,72,45,10,65,50,76,85,78,55,85,74,37,10,55,38,79,97,82,46,100,85,37,10,55,138,179,97,82,146,100,185
244,579,3280,58,58,84,84,51,51,7,7,51,51,38,38,76,76,88,88,9,9,44,44,62,72,55,10,52,40,72,78,10,52,68,75,53,8,46,32,74,92,9,42,168,75,153,8,46,32,174,92,109,142
245,373,3054,42,43,32,32,80,82,85,85,31,38,32,35,75,73,40,45,8,8,60,60,45,35,85,82,45,42,72,50,8,58,41,29,100,92,34,36,81,40,6,53,41,129,100,192,34,36,81,140,6,53
246,342,3178,3,3,59,56,2,2,71,71,65,64,45,40,30,30,57,55,72,72,5,7,4,52,3,72,62,35,28,52,75,9,3,44,2,68,68,27,26,49,80,7,103,144,2,68,168,127,26,149,80,107
247,383,3432,32,32,28,27,51,51,62,62,83,81,52,52,50,52,49,50,36,30,45,45,28,22,52,65,75,52,55,54,22,45,26,20,54,55,86,48,46,45,21,39,26,120,54,55,86,48,146,145,21,39
248,537,3488,67,70,15,15,16,16,55,55,77,77,88,85,35,35,9,9,80,80,88,88,72,14,14,52,78,75,42,10,73,85,81,14,13,54,82,80,36,8,77,97,81,14,113,54,82,80,36,8,177,97
249,919,3280,41,51,65,65,46,46,11,11,50,51,44,42,64,67,66,71,15,15,51,51,62,72,55,10,52,40,72,78,10,52,68,75,53,8,46,32,74,92,9,42,168,75,153,8,46,32,174,92,109,142
250,553,3065,42,48,65,68,52,52,38,35,64,67,43,42,38,18,45,40,38,35,44,45,52,72,52,34,70,40,14,38,35,45,41,76,42,25,63,32,24,33,31,39,141,76,42,25,63,32,124,33,131,139
251,370,3401,80,76,81,76,78,74,7,8,69,69,31,33,85,79,78,80,27,36,54,52,73,74,70,9,70,35,76,85,45,50,77,71,74,7,83,28,79,96,34,40,177,171,74,107,183,128,179,196,134,140
252,417,3390,5,5,68,75,41,39,83,84,65,65,71,75,28,35,82,84,86,76,22,19,5,78,35,85,65,75,45,85,75,16,4,82,29,89,66,76,34,94,85,16,104,182,129,189,166,176,134,194,85,16
253,787,3084,54,56,26,26,75,74,83,84,70,68,72,70,85,91,74,74,51,52,12,12,60,27,72,85,65,68,95,72,55,12,55,22,68,90,58,56,95,72,51,12,155,122,68,90,158,56,195,172,151,12
254,313,3145,65,70,7,7,26,35,50,62,14,12,19,22,6,6,50,60,75,80,60,65,75,7,45,68,12,27,8,67,85,78,70,5,34,56,11,23,6,65,97,86,70,5,34,56,111,123,6,65,197,186
255,265,3432,34,30,28,27,46,49,57,59,72,73,53,53,59,58,56,55,39,30,45,45,28,22,52,65,75,52,55,54,22,45,26,20,54,55,86,48,46,45,21,39,26,120,54,55,86,48,146,145,21,39
256,1014,3042,63,65,42,44,73,72,27,25,38,36,59,57,81,79,30,29,15,14,77,75,68,52,70,25,32,55,75,28,14,72,69,41,62,23,24,51,85,25,12,75,69,141,162,23,24,51,85,125,112,75
257,465,3211,67,65,75,75,78,78,45,47,45,40,45,45,50,50,48,50,13,13,25,28,65,74,78,50,35,48,50,52,13,32,72,85,82,38,30,45,40,54,11,29,72,185,182,138,130,45,140,54,11,29
258,430,3337,6,7,70,70,75,75,10,10,70,70,45,50,72,73,62,63,14,17,6,6,8,72,75,10,72,52,75,65,18,5,6,75,88,9,72,42,70,59,15,4,6,175,188,9,172,142,70,159,15,104
259,540,3227,61,66,58,62,77,80,42,43,10,10,78,71,64,68,64,62,76,81,13,12,70,65,82,45,10,68,72,62,85,12,67,65,78,39,9,64,70,52,98,11,167,165,78,139,109,64,170,152,198,111
260,717,3235,76,76,65,65,55,55,64,64,76,76,5,5,37,37,16,16,79,79,68,68,72,65,54,68,75,7,35,14,78,72,80,55,45,64,85,5,28,13,78,69,180,55,145,64,85,5,28,113,178,169
261,704,3379,33,33,60,58,56,54,31,36,29,26,70,70,80,78,61,66,23,20,39,44,32,55,52,40,22,68,76,70,16,50,24,51,50,32,20,56,79,67,16,40,24,151,50,32,120,56,179,167,116,140
262,724,3319,65,64,72,70,79,79,85,85,62,59,87,91,34,40,8,7,40,42,90,80,60,65,72,85,55,95,52,7,45,75,64,58,80,98,52,95,35,5,41,79,164,158,180,198,52,195,135,5,41,79
263,332,3397,75,70,2,2,60,60,75,73,50,50,76,75,68,68,5,8,35,35,79,79,65,2,55,70,52,73,70,10,35,78,58,1,52,73,47,73,67,7,28,86,158,101,52,173,147,73,167,7,28,186
264,319,3087,51,43,28,20,64,63,62,65,15,15,63,68,56,50,32,32,27,27,76,81,45,12,67,73,16,72,52,32,28,85,44,11,65,77,16,68,42,24,25,97,44,111,65,177,16,68,142,24,125,197
265,619,3012,14,14,40,35,72,71,63,64,72,70,10,10,38,43,78,75,53,51,63,62,14,27,70,60,68,10,45,70,50,60,12,19,63,54,63,10,32,83,40,57,112,119,63,154,163,110,132,183,140,157
266,511,3011,80,80,60,60,35,40,35,30,70,70,55,55,45,55,40,40,85,85,80,80,82,72,45,22,72,55,60,38,78,82,98,74,37,21,71,46,60,33,84,100,98,174,137,21,71,146,160,33,184,200
267,636,3362,80,79,20,33,19,17,39,37,42,48,8,8,12,12,73,73,6,10,49,60,78,35,16,35,52,8,13,72,10,62,78,27,16,28,47,6,11,70,10,52,178,127,16,128,147,6,11,170,10,152
268,421,3312,23,20,78,75,83,85,72,72,91,91,4,6,9,10,71,71,37,39,83,75,18,72,85,72,78,7,12,70,45,73,22,74,88,71,81,5,13,74,43,73,22,174,88,71,181,5,13,74,43,73
269,377,3057,25,25,49,52,79,73,80,78,72,72,59,54,3,3,39,50,29,27,60,62,25,52,73,78,72,54,3,52,27,62,23,54,77,83,69,48,2,35,22,68,23,54,177,83,169,148,102,135,122,168
270,324,3267,88,88,5,5,47,44,37,37,83,83,37,34,52,56,95,95,8,10,45,45,84,4,35,35,82,32,60,85,12,45,99,3,38,27,93,29,60,94,13,39,99,103,38,127,193,29,160,194,13,39
271,825,3117,30,29,53,53,80,79,76,77,51,53,74,74,84,84,33,34,55,56,89,87,28,54,78,78,55,74,85,35,58,84,26,48,87,82,52,71,95,29,53,99,26,148,187,82,52,171,95,129,53,99
272,540,3429,63,67,35,42,68,64,20,21,42,48,88,87,85,85,76,80,23,22,38,44,70,52,62,22,55,85,85,82,22,55,83,42,57,21,53,97,94,100,20,50,183,42,57,21,153,97,194,200,120,150
273,769,3366,75,76,30,28,66,68,85,82,33,34,4,5,10,12,68,70,6,6,25,22,78,27,70,82,35,7,12,72,7,22,91,23,74,78,29,5,13,70,5,15,191,123,74,78,129,105,13,170,5,115
274,292,3379,33,31,50,54,48,49,35,40,30,22,60,65,68,73,60,63,25,18,45,49,32,55,52,40,22,68,76,70,16,50,24,51,50,32,20,56,79,67,16,40,24,151,50,32,120,56,179,167,116,140
275,385,3113,61,56,81,82,65,67,29,27,23,18,12,12,41,44,73,73,56,56,88,86,52,85,68,25,14,12,45,74,55,85,49,89,56,23,13,12,43,85,46,96,149,189,56,23,113,12,43,185,146,196
276,535,3171,10,10,42,57,23,20,84,80,7,9,8,8,85,81,77,77,80,76,89,88,10,60,16,78,10,10,78,78,75,85,6,60,16,81,9,7,87,82,87,98,106,160,116,181,109,7,187,182,87,198
277,242,3482,22,22,42,44,14,14,7,8,80,80,52,56,79,78,50,60,2,1,25,19,19,52,14,9,78,63,78,70,1,18,17,48,12,7,99,56,82,63,1,22,17,48,112,107,199,156,182,63,1,22
278,475,3128,62,62,17,17,68,72,84,86,85,85,89,89,91,88,43,45,1,1,93,89,63,14,74,85,82,85,82,45,1,82,56,13,85,96,93,98,100,37,1,92,156,113,185,196,193,198,200,37,1,192
279,353,3196,35,30,6,6,13,13,14,14,2,2,74,74,3,3,57,62,40,34,9,9,32,5,12,13,2,72,3,67,28,10,24,4,8,11,1,81,3,65,21,7,24,104,108,11,101,81,3,65,121,7
280,766,3086,75,78,76,79,31,32,71,73,40,45,69,69,53,58,54,55,35,35,62,65,85,82,35,85,60,85,72,65,35,78,93,100,31,88,55,90,69,59,30,82,93,200,131,88,155,90,169,159,130,82
281,771,3099,85,85,83,83,87,86,27,27,66,70,65,69,55,58,69,70,58,55,12,12,85,82,85,28,78,72,70,73,52,13,97,92,94,26,99,81,63,73,46,11,97,192,194,26,199,81,63,73,46,11
282,699,3292,65,60,50,47,90,80,60,60,75,80,92,90,38,30,60,65,45,40,43,41,68,45,85,52,85,84,22,70,35,35,56,39,98,44,100,99,20,83,30,28,56,139,198,144,100,99,120,183,130,28
283,321,3347,61,63,82,77,79,78,54,54,79,78,14,13,4,5,58,55,16,15,38,43,65,75,76,52,78,12,5,52,15,45,66,85,79,48,78,8,4,50,14,37,166,85,179,48,178,108,4,50,114,137
284,399,3105,52,54,23,25,75,76,73,73,83,80,56,55,89,87,9,9,62,65,84,84,55,27,78,74,75,55,85,9,68,85,62,23,91,71,84,51,88,7,69,96,62,123,91,171,84,51,88,107,69,196
285,515,3437,56,56,62,62,28,28,67,68,70,70,34,42,38,38,27,25,60,60,42,42,65,65,27,70,72,50,45,22,60,45,65,67,23,74,69,43,34,19,55,36,165,67,123,74,169,143,134,19,155,136
286,509,3162,25,22,47,49,46,48,79,81,75,65,70,77,78,73,4,6,3,3,29,28,15,52,50,82,62,78,72,7,3,27,14,33,38,98,57,82,72,5,3,18,114,133,138,98,57,82,172,105,3,118
287,646,3239,60,63,75,75,80,80,39,40,32,28,13,13,80,75,90,93,88,85,30,29,65,74,75,45,22,12,70,95,75,27,55,71,79,32,15,8,74,95,86,22,55,171,79,132,115,108,74,195,86,122
288,477,3285,75,75,47,50,35,35,32,40,72,78,80,75,68,70,85,82,76,74,3,3,75,52,35,45,80,72,72,78,72,3,70,54,35,40,66,74,81,99,80,3,70,54,35,40,66,174,81,199,180,3
289,613,3065,48,52,71,71,53,52,31,32,67,68,38,38,25,19,40,37,36,35,44,42,52,72,52,34,70,40,14,38,35,45,41,76,42,25,63,32,24,33,31,39,141,76,42,25,63,32,124,33,131,139
290,602,3068,5,6,82,81,1,1,78,78,60,60,47,47,39,37,65,65,75,71,65,65,7,78,1,78,60,35,34,65,65,67,5,84,1,83,60,29,26,67,59,65,105,184,1,83,160,129,126,67,159,65
291,1249,3311,56,59,67,65,22,25,26,27,9,9,74,73,51,46,4,5,13,13,75,74,60,62,50,45,10,72,45,5,12,72,64,52,40,32,6,69,37,4,8,77,164,152,140,132,106,169,37,104,108,77
292,426,3261,48,49,10,4,78,78,38,35,83,85,23,23,39,42,31,38,46,46,3,4,55,4,78,32,85,20,45,45,45,5,51,3,78,31,90,17,39,34,37,4,151,103,178,31,90,117,39,134,37,4
293,522,3188,67,67,88,88,42,47,25,27,88,81,62,65,59,59,44,47,68,75,67,67,72,85,60,32,78,72,80,52,82,72,77,90,60,27,91,76,66,47,92,81,77,90,160,27,191,76,66,147,192,81
294,593,3496,66,55,11,11,56,60,38,46,85,81,88,86,74,76,44,46,81,83,86,82,45,10,65,50,76,85,78,55,85,74,37,10,55,38,79,97,82,46,100,85,37,10,55,138,179,97,82,146,100,185
295,512,3458,70,70,63,57,47,47,39,41,11,11,83,83,14,14,35,35,79,79,8,8,67,54,45,45,10,78,14,35,78,10,65,45,43,40,10,84,13,31,82,8,65,145,43,40,10,184,113,131,82,8
296,367,3132,19,24,75,76,55,56,65,66,14,14,28,32,6,7,72,75,81,79,65,68,27,78,60,68,13,35,7,78,78,70,19,86,54,64,11,29,5,84,78,83,119,186,154,64,11,129,105,184,178,183
297,508,3493,58,59,36,39,72,76,82,74,57,63,7,7,63,66,74,73,29,24,48,52,60,40,78,72,65,7,68,72,22,52,54,32,91,76,55,5,63,75,20,49,154,32,91,76,55,105,163,175,20,149
298,369,3324,55,62,72,82,11,10,65,60,52,54,34,45,34,52,68,78,82,75,28,50,62,82,10,60,55,45,52,78,75,50,68,78,10,57,62,32,44,82,87,38,168,78,10,157,62,132,144,182,87,138
299,405,3070,35,30,12,12,8,8,53,60,75,75,53,53,42,42,40,42,90,80,45,40,27,10,7,65,78,54,35,45,82,35,23,10,5,58,86,48,30,41,93,35,123,10,5,158,186,148,130,41,193,35
300,326,3455,70,70,61,59,48,51,3,3,7,9,4,5,31,31,38,41,83,83,68,68,68,55,54,3,10,5,32,50,85,67,64,46,48,2,6,4,29,43,95,65,64,146,148,102,106,104,29,143,95,65
301,452,3474,75,80,43,43,12,12,65,65,60,55,12,10,25,40,70,65,65,65,7,7,85,45,12,68,52,10,45,60,62,7,96,41,8,69,46,10,32,57,68,5,196,41,108,69,46,10,132,157,168,105
302,529,3118,48,47,11,11,88,82,82,88,45,42,76,72,8,9,14,16,10,10,53,53,52,10,75,85,35,70,10,22,10,54,47,9,89,88,30,73,6,15,8,48,47,109,89,88,130,173,106,115,8,148
303,750,3184,69,73,75,79,62,65,76,77,69,72,28,28,27,33,26,27,80,77,61,65,75,82,80,82,78,28,34,28,75,74,76,98,66,92,99,26,26,25,85,85,176,98,66,192,199,26,126,125,85,185
304,206,3167,70,67,10,10,35,40,80,77,70,70,67,67,34,30,75,75,6,6,67,60,72,12,45,78,72,70,32,78,7,65,72,13,39,83,74,62,30,91,5,67,172,13,139,83,174,162,30,191,105,67
305,400,3209,88,85,50,50,7,7,11,12,74,74,42,42,1,1,32,32,81,81,77,77,85,55,7,12,72,45,2,32,85,80,94,46,5,12,77,37,1,30,90,66,94,146,105,12,77,137,101,30,90,66
306,521,3387,60,60,65,67,49,51,48,50,55,60,19,17,32,32,15,13,38,43,59,60,60,72,55,52,65,14,27,10,52,65,60,71,52,47,58,12,19,9,41,55,60,71,52,47,58,112,119,9,141,55
307,535,3442,26,27,38,38,64,64,69,68,10,9,72,73,60,58,36,33,79,80,7,8,34,45,68,72,10,78,60,35,85,12,26,34,63,70,9,91,60,35,90,8,126,134,163,170,109,191,160,35,90,108
308,266,3280,48,55,68,68,51,51,7,8,46,50,30,35,65,68,75,77,8,9,35,40,62,72,55,10,52,40,72,78,10,52,68,75,53,8,46,32,74,92,9,42,168,75,153,8,46,32,174,92,109,142
309,732,3269,75,70,75,72,8,10,65,65,65,60,30,30,45,40,60,55,35,32,6,6,75,78,10,72,65,32,45,60,35,7,80,82,8,76,59,31,44,57,28,5,80,182,8,76,59,31,44,157,28,5
310,309,3442,30,32,35,40,60,62,65,68,14,11,72,75,58,58,32,33,85,85,11,11,34,45,68,72,10,78,60,35,85,12,26,34,63,70,9,91,60,35,90,8,126,134,163,170,109,191,160,35,90,108
311,404,3274,42,42,65,65,47,47,67,70,28,28,24,26,21,21,50,55,82,82,75,75,45,72,45,75,32,34,20,65,82,72,36,81,37,70,27,25,17,65,100,80,136,81,37,70,27,25,117,165,200,180
312,493,3051,33,35,6,5,77,66,40,45,21,18,81,75,47,49,35,35,26,23,31,37,35,5,63,52,15,72,52,35,22,40,28,4,56,41,14,72,42,28,20,32,28,104,156,141,114,172,142,128,120,32
313,290,3058,37,37,46,46,36,36,70,70,68,68,65,65,10,10,34,34,74,74,41,41,35,52,14,65,60,60,10,32,78,52,28,42,24,58,60,57,8,30,92,42,128,42,124,158,60,157,8,30,92,142
314,321,3252,10,10,36,35,60,65,34,28,50,55,80,85,28,30,40,60,50,50,90,86,9,35,65,27,55,85,32,60,55,85,7,28,58,23,51,96,24,55,49,100,107,128,158,123,51,196,24,155,49,100
315,386,3194,58,65,8,8,16,16,75,75,22,25,40,38,70,72,14,14,78,78,40,40,70,10,20,75,27,35,75,14,78,42,63,8,17,85,22,31,84,13,87,36,63,8,117,85,122,131,84,113,187,36
316,740,3102,4,5,90,85,85,85,12,12,78,78,23,25,47,47,67,70,68,70,36,35,7,85,85,12,82,27,45,75,74,35,5,98,89,13,78,22,44,87,71,27,5,198,189,13,78,122,44,87,171,127
317,622,3368,19,15,78,76,42,42,23,40,80,80,92,88,75,85,25,27,57,57,48,50,12,74,45,45,78,85,85,28,60,52,12,85,43,34,81,98,96,25,64,42,12,185,43,134,181,198,196,125,164,42
318,535,3200,47,47,53,53,72,66,3,3,85,85,87,85,60,60,77,77,42,42,35,30,52,52,60,3,85,84,62,78,45,28,42,49,60,3,94,99,52,81,39,26,142,149,60,3,94,99,152,181,139,26
319,738,3102,6,6,88,86,90,88,12,12,84,84,24,24,48,47,64,70,68,68,32,32,7,85,85,12,82,27,45,75,74,35,5,98,89,13,78,22,44,87,71,27,5,198,189,13,78,122,44,87,171,127
320,498,3399,59,66,80,85,64,62,2,2,90,80,39,52,26,32,24,24,88,88,65,73,68,85,60,2,75,52,32,25,85,73,63,98,60,1,88,42,27,23,88,73,163,198,60,101,188,42,27,23,88,73
321,1212,3156,61,61,57,57,43,43,47,47,75,74,82,82,42,44,26,24,49,49,81,81,80,70,45,55,78,78,35,22,65,78,66,63,34,49,92,83,35,20,65,78,66,63,34,49,92,83,35,20,165,178
322,329,3354,77,77,65,65,62,62,68,68,49,49,2,3,37,37,24,24,30,29,79,80,78,65,55,60,52,3,52,16,22,85,78,58,51,60,41,2,35,16,20,93,178,58,151,60,141,2,135,116,120,93
323,577,3447,58,52,64,68,76,76,54,60,33,33,46,65,28,33,22,30,74,70,68,65,52,70,76,60,35,65,35,32,70,65,46,63,79,54,29,55,38,27,83,67,46,63,179,154,129,55,38,27,183,67
324,471,3468,72,72,64,65,33,41,25,18,29,29,46,48,72,72,26,29,68,67,65,65,76,68,52,16,32,54,73,45,65,68,79,63,54,16,30,48,73,34,59,56,179,163,54,16,30,148,73,34,159,56
325,490,3370,36,36,73,74,84,84,29,34,6,6,12,12,10,10,46,46,4,4,82,82,45,78,85,52,7,12,8,48,5,78,41,92,88,42,5,8,6,45,4,87,41,92,88,42,5,108,6,45,4,187
326,968,3103,25,25,70,70,40,42,5,5,82,82,9,9,55,60,19,19,27,27,78,78,28,75,45,4,78,10,65,19,28,75,21,87,43,3,81,9,58,17,26,84,121,87,43,103,181,109,58,17,26,84
327,598,3332,40,42,80,80,50,65,75,80,85,80,85,80,15,14,4,3,86,83,75,80,45,75,70,78,75,78,14,3,82,85,39,84,62,87,89,84,12,3,98,97,39,84,162,187,89,184,112,3,98,197
328,430,3061,10,11,75,75,64,60,65,63,50,54,46,45,75,74,84,79,55,58,80,82,13,75,52,60,52,45,72,75,62,82,11,70,49,57,33,41,75,84,68,98,11,70,149,157,133,41,175,84,168,98
329,547,3240,34,28,3,3,32,35,17,16,78,78,75,75,11,11,17,17,80,80,45,48,22,3,38,13,78,74,12,18,82,52,20,2,33,11,87,85,8,18,93,47,20,2,33,11,187,185,108,18,193,47
330,330,3256,84,84,86,85,29,27,58,64,88,88,81,78,9,9,41,43,78,78,72,72,82,85,22,72,85,75,10,52,78,72,78,97,21,70,94,85,8,50,86,75,78,97,21,170,194,85,8,50,186,175
331,759,3400,93,90,85,84,79,71,24,26,4,4,38,37,79,74,91,83,48,52,87,81,85,82,68,28,5,35,72,75,52,78,90,78,64,21,4,35,81,76,42,78,90,78,64,121,104,35,81,176,142,178
332,536,3142,45,40,60,63,13,14,75,70,50,48,60,55,16,19,5,5,80,78,45,47,38,62,14,70,45,52,20,5,75,50,33,61,12,73,44,50,17,4,89,38,33,61,112,173,44,50,117,104,89,138
333,453,3053,24,19,40,45,90,85,6,10,75,70,85,68,30,32,5,10,30,22,90,85,19,45,85,10,70,68,32,10,22,85,17,37,97,6,83,64,24,8,15,90,17,37,97,106,183,64,24,8,115,190
334,1301,3256,75,80,90,92,21,21,70,70,94,94,85,85,8,8,50,50,86,86,75,75,82,85,22,72,85,75,10,52,78,72,78,97,21,70,94,85,8,50,86,75,78,97,21,170,194,85,8,50,186,175
335,637,3362,90,87,35,35,22,17,28,35,47,52,9,9,16,13,80,75,8,9,43,61,78,35,16,35,52,8,13,72,10,62,78,27,16,28,47,6,11,70,10,52,178,127,16,128,147,6,11,170,10,152
336,408,3176,79,79,56,55,33,38,41,47,85,77,55,57,67,68,22,20,53,52,85,80,78,55,52,54,72,62,70,19,52,75,91,52,35,45,80,52,73,17,48,89,191,52,135,145,180,152,173,17,48,89
337,761,3421,6,5,44,47,14,14,51,52,77,74,80,79,38,47,81,81,17,15,86,80,5,52,14,55,72,78,52,82,12,78,4,47,12,62,71,99,42,78,11,82,104,47,112,62,71,199,42,78,111,182
338,862,3249,8,8,29,29,7,7,63,63,25,25,70,70,46,48,45,45,50,50,95,93,10,35,8,63,35,62,52,35,52,78,7,38,6,56,29,52,47,30,46,78,7,38,6,156,129,152,147,130,46,178
339,283,3316,55,60,60,65,80,80,75,75,30,30,50,55,35,35,45,45,8,8,55,55,63,70,75,82,28,72,50,52,8,62,56,62,85,78,25,68,43,42,6,52,156,162,85,78,125,68,143,142,6,152
340,402,3126,61,63,36,36,26,22,47,49,81,80,85,80,33,33,26,26,77,77,41,41,67,38,18,52,75,75,35,28,75,45,65,33,22,47,85,89,29,25,84,43,65,33,22,147,85,89,129,125,84,43
341,576,3044,38,40,69,72,36,38,49,47,24,26,40,42,61,62,18,19,80,79,45,46,50,75,40,45,27,50,62,20,75,45,38,70,32,44,22,43,68,17,76,37,138,70,32,44,122,143,168,117,176,37
342,670,3195,73,76,25,29,78,78,47,51,74,74,39,41,58,59,81,81,47,50,49,52,78,34,78,52,73,48,62,78,52,55,84,26,86,50,77,45,68,78,44,46,184,126,186,50,177,45,168,178,144,146
343,301,3129,83,76,90,83,86,77,71,68,83,82,34,31,79,79,68,70,85,81,27,27,78,85,78,70,85,32,82,72,75,14,81,90,84,74,97,31,92,69,89,24,181,190,184,74,97,31,192,169,89,124
344,777,3205,75,75,37,45,75,75,60,65,72,72,62,62,55,55,67,67,49,55,8,8,78,52,75,68,70,62,54,65,60,9,99,47,89,63,83,52,48,66,60,7,199,147,89,163,183,152,148,166,160,107
345,578,3337,6,6,79,78,76,76,10,10,73,73,40,42,68,70,65,65,16,16,3,4,8,72,75,10,72,52,75,65,18,5,6,75,88,9,72,42,70,59,15,4,6,175,188,9,172,142,70,159,15,104
346,1363,3498,40,45,33,22,95,92,95,95,50,40,46,50,10,10,59,60,4,5,77,84,50,12,82,85,35,52,9,60,5,85,38,11,100,90,38,47,7,55,4,96,138,111,200,90,38,147,107,155,104,96
347,421,3121,55,53,60,62,8,9,68,64,37,42,32,26,80,83,40,32,70,67,25,24,45,62,10,58,42,22,85,32,67,22,37,61,8,53,36,20,97,29,65,20,37,61,8,53,36,120,197,29,65,20
348,290,3001,34,34,13,13,54,56,44,44,35,35,67,67,36,40,67,70,92,90,90,89,35,12,65,45,35,72,52,78,85,82,30,12,66,39,28,69,33,91,95,98,130,12,166,39,28,169,133,91,95,98
349,282,3146,34,36,20,18,15,15,60,60,70,70,5,5,74,74,78,78,45,45,55,40,45,15,14,55,72,4,75,78,45,35,34,14,12,51,71,3,87,83,39,38,134,114,112,151,71,103,87,83,139,38
350,415,3083,2,2,77,77,61,61,53,53,65,65,61,60,55,55,53,53,85,85,40,15,3,72,60,55,70,54,54,55,85,14,2,70,57,50,67,48,45,49,97,24,2,170,157,150,167,148,145,49,197,124
351,582,3228,63,63,87,85,62,61,58,62,39,38,60,60,23,23,31,31,66,66,53,50,60,78,55,65,35,62,22,14,68,45,64,83,52,72,35,61,20,24,69,43,164,83,52,72,35,61,20,124,69,43
352,470,3107,76,84,78,78,44,44,5,5,81,80,7,7,58,68,34,32,46,50,80,81,82,78,45,5,78,7,70,32,52,82,78,86,40,4,81,5,62,24,54,100,78,186,40,4,181,105,162,24,54,200
353,633,3014,42,46,73,72,85,83,48,49,35,34,22,28,87,82,52,54,85,82,78,75,55,70,85,52,32,28,78,55,78,73,51,73,93,54,24,21,83,46,87,73,151,173,93,54,24,121,83,146,187,73
354,632,3353,92,92,75,70,35,32,25,25,30,31,99,97,87,86,70,70,40,50,21,21,75,60,25,22,32,85,85,65,55,20,89,54,23,20,30,89,95,72,53,17,89,154,23,20,30,189,95,72,153,117
355,712,3263,72,70,64,67,65,65,41,41,11,11,54,53,39,41,13,13,66,66,52,52,65,70,70,38,10,52,45,14,67,55,66,61,63,33,10,54,39,13,65,62,166,161,63,33,110,54,139,113,65,62
356,1407,3150,70,71,75,76,40,42,30,25,30,28,75,78,32,30,14,14,80,82,85,82,72,78,55,35,42,68,52,10,85,82,71,91,53,28,36,64,42,9,93,78,71,91,153,128,36,64,142,9,93,78
357,523,3194,64,67,6,7,19,19,78,76,24,26,38,36,72,74,16,15,74,76,38,40,70,10,20,75,27,35,75,14,78,42,63,8,17,85,22,31,84,13,87,36,63,8,117,85,122,131,84,113,187,36
358,554,3375,61,61,65,65,36,38,42,36,8,8,6,6,50,53,70,70,83,85,75,80,60,62,35,35,8,7,55,72,85,85,60,57,29,35,6,5,53,77,90,89,60,57,129,35,6,105,153,77,90,189
359,788,3151,30,24,70,73,9,9,60,60,80,79,35,34,5,5,68,70,18,17,37,39,22,75,10,60,78,32,5,72,16,40,21,87,9,54,82,31,4,81,16,32,21,87,9,154,182,31,104,81,116,32
360,460,3263,67,66,68,68,72,72,31,32,10,10,45,46,45,45,13,13,75,70,55,55,65,70,70,38,10,52,45,14,67,55,66,61,63,33,10,54,39,13,65,62,166,161,63,33,110,54,139,113,65,62
361,317,3478,4,4,42,47,37,36,51,55,76,76,52,52,9,9,45,50,76,75,88,85,5,52,35,60,75,52,10,55,73,82,4,33,28,57,86,46,10,46,73,98,4,133,128,157,86,46,10,146,73,98
362,327,3350,54,54,85,85,32,33,65,65,23,23,58,58,65,67,8,8,93,91,64,64,55,85,38,65,22,60,70,9,85,65,62,98,33,59,19,54,61,7,94,72,62,198,33,159,19,154,161,107,194,72
363,542,3168,74,74,33,35,79,79,34,39,81,80,22,25,76,76,7,7,27,22,30,30,72,38,78,52,78,28,75,7,18,32,80,33,87,35,82,25,79,5,22,29,180,33,187,135,182,125,79,5,22,29
364,324,3097,3,3,2,2,83,85,67,70,13,13,7,6,74,74,63,67,88,88,32,35,3,2,82,68,14,5,70,68,85,35,2,1,100,56,12,4,74,69,100,38,102,101,200,56,112,104,74,69,100,38
365,690,3489,67,70,90,90,71,71,30,25,42,50,45,45,65,67,50,55,60,60,88,85,72,75,72,22,55,52,72,58,62,82,77,85,81,21,52,48,70,53,61,78,77,85,81,21,52,48,170,53,61,78
366,348,3369,48,48,42,45,58,58,80,84,46,47,62,64,58,58,80,80,68,68,55,60,45,52,65,95,55,78,62,76,75,72,39,41,59,95,50,91,52,79,70,68,39,141,59,195,150,91,152,179,70,68
367,606,3188,73,73,82,82,55,58,35,35,72,75,68,69,70,72,55,55,83,83,68,70,72,85,60,32,78,72,80,52,82,72,77,90,60,27,91,76,66,47,92,81,77,90,160,27,191,76,66,147,192,81
368,540,3175,82,80,75,74,37,40,45,47,55,58,40,41,55,58,82,83,53,54,33,35,74,67,52,52,60,40,60,85,55,52,71,65,33,42,54,32,64,90,51,54,171,65,133,42,154,32,164,90,51,54
369,673,3468,75,76,62,64,40,45,20,19,27,28,58,56,68,70,26,31,58,60,60,62,76,68,52,16,32,54,73,45,65,68,79,63,54,16,30,48,73,34,59,56,179,163,54,16,30,148,73,34,159,56
370,422,3034,73,73,27,25,65,68,70,70,5,8,13,13,1,1,85,80,78,75,50,55,76,22,72,75,10,14,1,78,72,65,79,20,77,76,7,14,1,82,75,67,179,120,77,176,7,14,1,182,75,67
371,199,3473,68,68,51,50,40,40,38,38,83,88,90,90,73,76,16,18,70,73,60,63,75,45,40,35,85,85,85,18,78,65,88,43,32,27,97,94,96,15,78,55,188,43,32,127,197,194,96,15,178,55
372,560,3009,18,18,5,5,17,17,85,75,40,50,10,10,95,90,65,65,96,90,22,20,19,5,18,70,52,9,82,65,85,20,17,4,15,74,41,7,100,58,100,17,17,4,15,74,141,107,200,158,100,117
373,541,3367,45,50,35,38,16,16,55,42,66,70,41,45,32,36,80,75,80,70,77,78,52,35,18,45,78,52,35,85,72,78,47,27,15,40,91,35,28,100,71,92,47,127,15,40,91,135,128,100,71,92
374,307,3100,55,55,54,58,53,53,48,48,13,13,73,73,70,70,68,68,38,40,61,65,62,65,52,55,14,75,74,68,45,70,61,58,44,50,12,88,85,69,41,67,61,58,144,150,112,188,185,69,41,167
375,404,3100,56,58,54,54,55,55,53,53,12,13,76,76,78,78,61,65,40,42,60,62,62,65,52,55,14,75,74,68,45,70,61,58,44,50,12,88,85,69,41,67,61,58,144,150,112,188,185,69,41,167
376,1060,3488,67,70,13,13,14,14,48,48,79,78,82,80,32,37,7,8,78,75,86,86,72,14,14,52,78,75,42,10,73,85,81,14,13,54,82,80,36,8,77,97,81,14,113,54,82,80,36,8,177,97
377,320,3376,86,86,85,85,77,77,88,88,4,4,72,75,64,66,12,12,50,50,58,58,85,82,74,75,3,78,72,12,52,60,95,93,71,85,2,92,74,12,46,60,95,193,171,85,102,92,174,12,46,60
378,1397,3461,48,55,55,55,32,30,55,55,35,45,88,86,45,42,45,48,3,2,48,50,60,52,28,54,45,82,35,52,2,52,55,44,26,45,32,98,31,50,1,42,155,144,26,145,132,98,131,50,101,42
379,650,3115,74,76,8,10,24,26,4,3,66,53,35,34,44,46,77,72,76,75,81,75,78,10,27,3,58,34,48,72,75,75,87,7,18,3,53,25,45,77,88,85,187,7,118,3,53,25,45,77,188,85
380,318,3052,88,88,90,88,65,68,63,68,78,78,2,2,3,3,33,33,86,86,55,58,78,78,75,70,75,2,3,35,85,60,83,99,87,73,80,1,2,29,89,60,83,199,87,173,80,101,2,129,189,160
381,638,3354,85,80,50,60,40,50,65,60,45,50,5,5,30,40,30,25,32,28,80,80,78,65,55,60,52,3,52,16,22,85,78,58,51,60,41,2,35,16,20,93,178,58,151,60,141,2,135,116,120,93
382,210,3341,88,88,85,85,78,78,70,70,50,50,50,50,22,22,70,70,40,40,75,75,82,85,75,62,45,70,22,75,45,72,92,96,79,68,43,63,19,87,37,74,192,96,79,168,43,63,19,87,37,174
383,628,3055,3,3,52,52,73,73,68,68,29,29,46,46,81,81,68,68,62,62,23,23,3,45,78,65,25,45,78,60,70,27,2,37,82,58,23,40,87,54,67,19,102,37,182,58,23,40,187,154,167,119
384,681,3340,8,9,54,56,3,3,52,53,31,30,74,72,13,12,65,65,70,69,20,18,10,58,3,55,27,70,10,65,68,16,8,53,2,51,19,83,6,59,64,16,8,53,102,51,119,183,106,159,64,116
385,330,3364,16,16,32,35,50,52,27,30,55,55,70,70,55,57,85,85,80,78,90,90,16,48,60,34,52,67,63,85,72,85,16,45,55,26,49,65,56,90,74,88,16,45,155,126,149,65,156,90,174,88
386,513,3172,19,19,71,71,76,76,26,26,13,13,67,67,78,78,23,23,40,40,84,84,18,72,75,27,12,72,73,22,52,85,15,70,80,18,12,81,73,20,35,93,15,170,80,118,12,81,73,120,135,93
387,375,3148,36,36,32,31,52,59,27,27,38,36,68,68,1,1,69,69,72,72,70,75,35,27,65,28,35,72,1,72,72,78,29,19,55,25,28,76,1,68,80,91,129,119,55,125,28,76,1,68,180,91
388,526,3074,33,29,19,18,11,12,24,25,28,28,84,85,79,80,34,48,3,4,90,95,22,16,12,28,27,85,82,52,4,95,21,16,8,25,18,89,93,41,3,95,21,16,108,125,118,189,193,141,103,195
389,363,3463,40,40,28,32,80,80,85,78,65,62,64,62,58,60,30,30,78,78,15,15,32,45,82,76,60,60,65,32,75,14,31,34,98,79,64,54,58,27,84,14,31,134,98,179,164,154,58,27,84,14
390,660,3205,78,78,46,50,73,73,61,65,68,68,55,61,56,56,65,66,57,58,8,9,78,52,75,68,70,62,54,65,60,9,99,47,89,63,83,52,48,66,60,7,199,147,89,163,183,152,148,166,160,107
391,792,3233,45,43,5,4,34,32,68,64,90,87,65,66,56,47,80,76,92,90,8,10,45,4,32,65,85,65,45,74,85,10,39,3,30,55,96,58,40,71,89,10,39,103,30,55,96,158,40,171,189,110
392,1224,3425,71,70,85,85,42,47,53,55,34,37,87,85,44,44,38,40,60,60,70,70,65,85,52,62,48,82,45,45,65,74,66,93,41,61,45,92,44,34,65,85,166,93,141,61,45,192,44,34,165,185
393,472,3323,80,80,2,2,67,67,8,9,70,68,50,50,50,50,8,9,40,37,75,73,78,3,70,10,65,52,52,10,35,75,82,2,67,10,67,41,54,8,38,86,182,102,167,10,67,141,54,8,38,86
394,431,3426,65,65,80,81,45,45,20,17,3,4,45,45,52,58,40,40,20,21,20,19,65,82,45,15,5,45,63,52,22,18,66,92,41,14,4,37,56,35,19,15,166,192,41,114,104,137,156,135,19,15
395,242,3123,83,80,47,53,34,34,57,55,61,61,86,85,31,34,70,75,30,28,81,81,75,55,34,52,60,85,35,78,14,82,85,50,26,49,54,93,38,91,24,92,85,150,126,149,154,93,38,191,124,192
396,402,3024,43,42,62,71,27,26,77,72,3,3,54,56,10,8,52,55,39,35,44,43,55,82,34,85,1,68,10,52,45,50,53,100,26,88,1,63,9,46,37,43,153,200,126,88,1,163,9,46,137,143
397,619,3013,60,60,28,28,33,43,61,66,70,70,7,7,12,16,65,66,68,70,30,30,72,28,52,75,75,8,20,68,72,34,75,26,49,70,88,6,17,63,74,25,175,26,149,70,188,6,117,163,174,25
398,990,3168,65,70,40,36,72,79,40,45,75,76,22,26,72,72,7,7,19,19,22,31,72,38,78,52,78,28,75,7,18,32,80,33,87,35,82,25,79,5,22,29,180,33,187,135,182,125,79,5,22,29
399,374,3106,72,75,83,80,65,66,38,38,56,60,10,11,17,20,34,34,68,70,89,87,75,75,68,35,60,12,22,35,72,85,76,85,64,38,64,13,15,27,81,94,176,85,64,38,164,13,115,127,81,194
400,844,3145,62,72,5,6,38,42,55,63,15,13,35,30,7,8,66,66,88,87,76,77,75,7,45,68,12,27,8,67,85,78,70,5,34,56,11,23,6,65,97,86,70,5,34,56,111,123,6,65,197,186
401,579,3044,50,50,68,75,45,42,55,48,35,29,40,49,60,60,18,18,70,72,60,50,50,75,40,45,27,50,62,20,75,45,38,70,32,44,22,43,68,17,76,37,138,70,32,44,122,143,168,117,176,37
402,399,3135,45,47,13,13,63,64,66,66,31,33,71,74,60,62,62,55,45,49,66,65,65,13,65,68,35,78,65,52,54,60,58,11,59,69,28,92,55,46,45,64,58,11,59,69,28,92,55,46,145,164
403,720,3440,70,70,42,42,85,85,62,62,68,69,72,72,67,67,85,82,27,27,65,65,78,40,85,65,72,70,72,78,28,78,86,32,95,72,68,73,75,84,26,91,186,32,95,72,68,173,175,184,26,91
404,399,3018,43,42,7,9,45,49,38,37,10,11,29,20,21,21,85,77,50,53,47,49,45,10,54,35,12,18,20,75,55,52,39,6,45,38,8,22,17,84,52,42,39,106,145,38,108,22,117,84,52,142
405,894,3344,48,51,33,40,19,17,44,44,62,66,63,63,29,35,30,32,76,77,87,87,55,45,16,45,72,62,45,35,78,85,46,41,16,44,76,68,32,27,82,90,146,41,16,44,76,168,132,127,82,90
406,682,3063,45,50,88,90,75,80,25,30,18,22,90,98,10,12,90,98,77,85,75,80,68,78,72,45,16,95,10,82,72,62,63,83,75,37,16,95,6,93,76,61,163,83,175,37,116,195,106,193,76,61
407,512,3268,25,25,35,45,80,70,40,45,22,28,15,18,65,60,15,14,60,60,80,85,25,50,62,50,32,22,60,14,60,85,23,38,57,43,27,15,54,13,60,90,23,138,57,143,27,115,154,113,60,90
408,613,3016,83,87,73,77,68,74,15,13,43,49,62,64,4,4,54,54,82,83,29,36,95,85,78,12,52,70,5,55,85,45,95,96,82,11,54,67,4,49,89,32,195,196,182,111,54,167,4,49,189,132
409,460,3391,36,41,62,64,30,32,70,66,48,48,50,49,29,32,30,28,48,48,1,2,52,70,35,62,52,45,45,27,52,2,35,62,29,57,54,39,34,19,44,1,135,162,129,57,54,39,34,119,144,101
410,484,3290,92,88,58,56,72,68,75,76,84,78,72,69,48,43,45,42,63,67,92,83,85,54,72,72,72,65,45,38,62,78,89,45,72,71,81,66,39,33,61,99,189,145,172,71,81,166,39,33,61,199
411,1588,3481,38,35,36,41,38,27,55,65,60,60,35,35,70,80,28,28,75,75,60,60,34,42,22,72,60,32,85,27,78,65,26,36,15,76,64,27,90,18,82,66,126,36,115,76,164,27,90,118,82,166
412,1136,3402,87,87,82,82,29,46,45,39,34,45,84,84,95,95,53,53,43,48,27,31,85,78,52,35,50,78,85,55,55,34,93,83,35,30,38,82,89,46,62,26,93,83,135,130,138,82,189,146,62,126
413,548,3478,4,4,41,42,40,39,56,57,63,63,47,47,6,7,49,49,67,68,70,74,5,52,35,60,75,52,10,55,73,82,4,33,28,57,86,46,10,46,73,98,4,133,128,157,86,46,10,146,73,98
414,673,3328,78,78,64,62,65,65,67,70,80,80,76,74,48,48,50,48,82,82,72,73,75,58,60,72,82,72,48,45,82,73,86,53,54,68,100,72,45,37,92,73,86,53,154,68,200,172,45,37,192,73
415,897,3008,15,12,27,25,28,26,34,34,44,50,63,63,77,78,45,45,70,72,81,81,10,22,22,35,62,65,84,45,78,82,9,15,20,31,61,72,99,41,81,98,109,115,20,131,61,72,99,41,181,98
416,580,3481,28,35,36,38,31,24,58,65,58,58,24,27,76,80,32,30,64,72,56,62,34,42,22,72,60,32,85,27,78,65,26,36,15,76,64,27,90,18,82,66,126,36,115,76,164,27,90,118,82,166
417,249,3095,70,68,74,72,55,58,43,45,56,56,8,8,64,65,49,47,66,67,75,65,75,76,70,52,63,10,73,52,80,72,70,79,61,47,56,10,77,47,66,75,70,179,161,147,156,10,177,47,66,75
418,792,3375,63,63,69,69,38,38,45,41,7,7,5,6,58,57,76,76,83,83,92,89,60,62,35,35,8,7,55,72,85,85,60,57,29,35,6,5,53,77,90,89,60,57,129,35,6,105,153,77,90,189
419,510,3458,72,70,49,49,45,45,37,38,11,11,78,78,14,14,35,35,80,80,8,8,67,54,45,45,10,78,14,35,78,10,65,45,43,40,10,84,13,31,82,8,65,145,43,40,10,184,113,131,82,8
420,463,3077,54,50,40,49,20,17,68,62,69,70,80,83,30,33,35,40,57,61,68,70,45,52,15,60,72,85,35,45,60,70,44,41,14,57,77,88,35,36,60,61,44,141,114,157,77,88,35,136,60,161
421,639,3433,25,27,78,78,76,82,30,25,38,40,80,79,27,30,48,52,73,72,46,50,27,78,85,22,45,78,32,55,70,55,22,81,96,21,37,99,29,52,73,51,122,181,196,21,37,199,29,52,173,51
422,466,3291,54,53,72,70,61,57,63,63,59,62,51,51,78,75,3,3,2,2,21,24,52,68,55,62,65,52,72,3,3,25,42,64,52,61,58,48,71,2,3,23,142,64,52,61,58,48,71,102,3,23
423,639,3296,18,18,15,15,12,13,20,27,1,1,67,66,95,90,60,60,37,38,44,44,18,14,14,32,1,65,85,60,40,45,22,12,14,27,1,66,98,64,32,37,22,112,14,27,1,166,198,164,32,137
424,358,3306,30,25,70,69,72,72,79,83,79,80,43,48,47,52,80,83,34,37,23,17,22,68,73,85,85,52,60,85,45,14,15,64,77,89,88,54,60,97,34,13,115,64,177,189,88,54,160,97,134,113
425,1012,3118,56,50,5,8,70,70,70,70,37,30,60,60,5,7,10,10,6,7,60,63,52,10,75,85,35,70,10,22,10,54,47,9,89,88,30,73,6,15,8,48,47,109,89,88,130,173,106,115,8,148
426,287,3035,63,63,87,84,8,9,88,92,89,87,24,23,76,77,3,3,24,20,92,89,62,75,10,95,85,22,75,3,18,85,57,85,8,95,90,21,76,2,22,98,57,85,8,195,190,21,176,2,22,198
427,416,3450,73,74,48,52,85,80,43,46,56,56,27,24,62,63,87,86,45,49,44,47,75,55,78,52,55,22,65,85,50,52,87,51,84,42,52,15,58,95,40,47,87,51,184,142,52,115,58,95,140,47
428,309,3318,45,47,80,80,76,76,68,70,29,29,34,34,51,56,77,77,46,46,74,74,55,82,72,75,27,35,63,74,50,75,49,78,75,87,22,38,56,85,40,88,49,78,175,87,122,38,156,185,140,188
429,429,3034,68,68,32,32,65,65,75,75,12,12,14,14,1,1,78,78,81,81,65,65,76,22,72,75,10,14,1,78,72,65,79,20,77,76,7,14,1,82,75,67,179,120,77,176,7,14,1,182,75,67
430,519,3369,38,41,38,41,65,63,98,96,42,50,68,70,55,57,71,72,80,79,63,65,45,52,65,95,55,78,62,76,75,72,39,41,59,95,50,91,52,79,70,68,39,141,59,195,150,91,152,179,70,68
431,343,3285,68,73,48,51,45,37,34,41,73,76,77,74,70,70,83,82,75,73,4,4,75,52,35,45,80,72,72,78,72,3,70,54,35,40,66,74,81,99,80,3,70,54,35,40,66,174,81,199,180,3
432,583,3310,28,30,12,12,23,24,15,15,54,50,71,80,38,40,52,54,87,86,62,65,35,12,27,14,45,85,45,60,75,70,28,8,23,14,44,100,36,60,85,73,28,108,123,14,44,100,136,160,85,173
433,1888,3321,47,46,85,85,32,32,31,29,44,47,32,33,37,41,26,23,66,67,24,23,45,85,32,27,50,35,45,20,68,22,39,98,30,23,43,28,34,17,63,15,39,198,30,123,143,28,134,117,163,115
434,1159,3190,75,75,45,56,30,30,85,85,85,85,35,45,4,3,58,65,45,40,33,34,75,55,32,85,85,45,3,65,35,34,84,62,30,95,96,41,2,66,35,25,84,62,30,95,96,41,2,166,35,25
435,584,3208,88,79,76,74,64,65,58,60,37,28,82,76,85,81,17,21,86,81,76,78,75,72,65,62,22,72,78,22,78,78,89,71,58,68,21,72,92,15,81,82,89,71,58,168,21,172,92,115,181,182
436,1685,3426,68,67,79,81,37,41,17,16,6,5,28,43,56,60,58,55,43,27,17,16,65,82,45,15,5,45,63,52,22,18,66,92,41,14,4,37,56,35,19,15,166,192,41,114,104,137,156,135,19,15
437,520,3085,63,66,75,78,22,22,74,78,79,80,74,74,71,71,57,57,79,78,59,61,72,85,22,85,82,75,72,60,75,68,77,97,19,100,98,80,75,55,89,69,77,97,19,100,98,80,175,155,89,69
438,458,3302,67,70,77,64,45,45,10,10,37,40,70,75,27,27,83,83,35,38,42,59,74,62,52,10,50,85,32,85,45,62,85,57,50,9,40,100,27,89,37,68,185,57,50,9,140,100,27,189,137,168
439,1298,3385,64,70,63,63,68,69,82,80,69,60,73,70,32,33,75,73,42,46,76,72,75,63,70,75,54,62,35,72,52,68,87,56,62,79,48,57,35,75,48,64,87,156,162,79,148,57,35,175,48,64
440,371,3168,75,74,41,39,73,76,43,49,80,79,25,26,81,77,8,7,24,19,22,31,72,38,78,52,78,28,75,7,18,32,80,33,87,35,82,25,79,5,22,29,180,33,187,135,182,125,79,5,22,29
441,512,3062,62,69,8,8,66,81,81,82,7,8,62,69,75,77,59,59,46,50,62,70,78,8,85,85,9,78,78,60,52,72,91,6,96,93,7,86,84,54,44,76,91,6,96,93,107,186,184,154,144,76
442,386,3418,40,48,41,48,68,66,21,17,44,40,67,73,10,14,27,18,44,40,75,75,52,55,65,12,35,75,14,18,35,75,42,62,59,11,31,70,14,22,38,86,142,62,59,111,131,70,14,22,38,86
443,760,3270,80,80,45,45,76,76,6,6,7,7,82,82,2,2,28,30,30,30,75,75,85,55,78,10,10,82,3,32,25,72,94,62,86,7,10,78,3,29,23,75,194,62,186,7,10,78,3,29,23,75
444,1349,3329,44,35,55,60,73,73,48,49,54,43,81,77,35,43,87,80,44,50,67,63,32,67,72,52,35,78,35,75,55,65,30,65,80,47,29,91,30,76,46,67,30,65,180,47,129,191,130,176,146,67
445,802,3326,39,35,52,52,55,55,74,70,82,85,70,65,80,75,19,20,74,72,84,86,32,52,55,65,85,65,75,18,72,85,31,41,62,59,93,72,85,22,80,90,31,141,62,59,93,72,85,22,180,90
446,586,3372,20,19,48,45,65,65,55,55,58,58,80,82,22,22,90,85,9,11,70,72,19,45,65,55,58,82,22,84,12,72,17,43,59,52,53,98,19,99,13,81,17,43,59,52,53,98,19,99,13,81
447,634,3044,35,48,68,72,32,38,45,45,20,25,45,49,62,62,16,18,78,76,49,46,50,75,40,45,27,50,62,20,75,45,38,70,32,44,22,43,68,17,76,37,138,70,32,44,122,143,168,117,176,37
448,648,3042,81,75,47,48,81,76,25,26,31,33,64,58,86,84,26,26,19,18,86,86,68,52,70,25,32,55,75,28,14,72,69,41,62,23,24,51,85,25,12,75,69,141,162,23,24,51,85,125,112,75
449,1319,3195,78,78,32,32,80,80,57,55,67,69,41,43,54,60,79,79,48,50,47,55,78,34,78,52,73,48,62,78,52,55,84,26,86,50,77,45,68,78,44,46,184,126,186,50,177,45,168,178,144,146
450,484,3442,31,31,26,25,60,64,67,69,9,9,79,79,52,57,32,32,88,87,8,11,34,45,68,72,10,78,60,35,85,12,26,34,63,70,9,91,60,35,90,8,126,134,163,170,109,191,160,35,90,108
451,674,3395,2,2,38,45,40,40,3,3,80,90,85,80,45,45,90,90,19,19,56,56,2,52,42,3,95,75,35,85,18,52,1,33,36,2,95,89,30,95,18,50,101,133,36,2,195,89,130,95,18,50
452,382,3441,70,72,77,80,42,43,8,8,2,2,37,35,17,16,79,78,80,80,67,66,75,85,45,7,1,32,15,75,78,65,88,88,37,5,1,31,14,80,83,59,188,88,37,105,1,31,114,80,83,59
453,747,3327,32,40,28,20,81,83,19,17,47,58,39,52,95,90,33,40,27,25,30,39,45,12,85,18,60,65,85,45,22,45,40,11,90,22,55,55,94,39,20,41,40,111,190,22,155,55,94,139,120,41
454,363,3288,29,30,57,58,74,74,43,45,44,45,42,44,38,39,51,52,32,33,30,34,34,60,75,52,55,52,45,60,35,45,26,55,84,50,49,47,41,57,28,36,126,155,84,50,49,47,41,157,28,136
455,1331,3434,38,48,3,4,12,11,45,44,89,88,72,70,82,74,38,42,14,10,90,88,50,4,10,40,84,68,75,45,10,82,43,3,10,32,99,63,86,34,10,92,143,103,10,32,99,163,86,34,110,192
456,703,3262,22,20,73,78,31,31,76,76,32,36,87,87,9,10,64,65,14,15,72,72,18,78,32,73,40,82,10,68,16,72,22,82,27,77,32,92,7,63,16,81,22,82,27,177,32,192,7,163,16,81
457,395,3330,76,74,61,61,48,39,21,19,72,69,81,75,5,6,84,75,94,85,71,72,72,62,35,18,68,73,8,73,82,72,75,68,35,22,64,77,6,73,93,71,175,168,35,22,64,177,6,73,193,71
458,525,3464,75,75,73,73,42,42,65,65,59,59,88,92,55,55,47,52,72,72,33,33,78,72,45,67,65,95,54,54,70,32,87,70,34,65,59,95,48,45,62,31,187,170,134,65,59,195,148,145,162,31
459,746,3022,9,9,80,80,34,34,27,45,27,27,40,40,95,95,70,70,85,85,45,65,7,72,34,45,27,52,85,74,78,65,5,81,26,34,18,44,88,85,81,59,105,81,126,134,118,144,88,185,181,59
460,558,3344,58,56,35,41,17,17,50,46,68,71,60,60,32,41,40,40,72,72,82,82,55,45,16,45,72,62,45,35,78,85,46,41,16,44,76,68,32,27,82,90,146,41,16,44,76,168,132,127,82,90
461,352,3247,6,6,26,27,32,38,16,16,7,9,30,28,49,50,34,36,28,32,78,76,5,25,42,19,10,34,52,35,34,73,4,23,36,17,10,26,41,38,25,77,4,23,36,17,10,126,141,38,25,177
462,681,3003,81,84,70,58,55,52,18,30,56,55,58,60,17,21,42,43,78,78,42,35,85,58,54,34,55,60,27,45,78,32,98,53,48,25,46,60,23,44,78,31,198,53,148,25,146,160,123,44,178,31
463,851,3254,72,70,57,60,9,9,81,81,88,88,5,7,30,35,64,72,62,62,75,75,70,60,10,78,85,10,35,72,65,78,62,55,10,84,89,8,29,75,72,87,162,155,110,184,189,8,129,75,72,187
464,359,3035,80,75,81,80,7,8,84,90,90,87,28,25,77,77,3,3,22,20,88,88,62,75,10,95,85,22,75,3,18,85,57,85,8,95,90,21,76,2,22,98,57,85,8,195,190,21,176,2,22,198
465,860,3426,60,63,72,80,40,41,17,16,7,6,55,50,60,60,35,45,27,23,17,18,65,82,45,15,5,45,63,52,22,18,66,92,41,14,4,37,56,35,19,15,166,192,41,114,104,137,156,135,19,15
466,691,3323,68,74,3,3,60,68,9,10,62,63,40,48,42,50,8,9,38,35,60,69,78,3,70,10,65,52,52,10,35,75,82,2,67,10,67,41,54,8,38,86,182,102,167,10,67,141,54,8,38,86
467,799,3184,73,76,77,79,72,73,84,83,86,85,26,27,32,32,35,29,80,80,72,73,75,82,80,82,78,28,34,28,75,74,76,98,66,92,99,26,26,25,85,85,176,98,66,192,199,26,126,125,85,185
468,393,3499,29,29,42,43,65,68,47,52,25,25,49,49,71,71,31,31,85,85,32,32,22,52,73,65,22,55,78,22,95,32,20,41,73,58,21,62,82,15,95,29,120,141,73,58,21,62,82,115,195,29
469,568,3202,14,14,87,87,9,9,77,76,13,13,40,40,74,74,17,18,67,67,47,47,14,85,10,72,12,42,72,19,65,52,14,95,6,68,12,36,76,17,58,47,14,95,106,68,12,36,76,17,58,47
470,681,3102,5,5,89,90,91,90,10,10,70,79,18,20,54,49,60,73,73,70,28,30,7,85,85,12,82,27,45,75,74,35,5,98,89,13,78,22,44,87,71,27,5,198,189,13,78,122,44,87,171,127
471,484,3296,24,20,19,18,18,17,24,29,4,3,64,64,87,87,60,60,25,32,50,50,18,14,14,32,1,65,85,60,40,45,22,12,14,27,1,66,98,64,32,37,22,112,14,27,1,166,198,164,32,137
472,515,3220,72,72,11,11,56,58,69,67,63,67,80,80,26,26,4,5,9,9,30,29,70,10,65,60,75,82,27,7,10,27,61,9,58,64,70,78,23,5,10,22,161,109,58,164,70,78,123,5,110,122
473,337,3372,22,19,51,47,76,70,72,60,65,60,83,82,25,23,88,85,10,12,84,74,19,45,65,55,58,82,22,84,12,72,17,43,59,52,53,98,19,99,13,81,17,43,59,52,53,98,19,99,13,81
474,337,3389,68,68,71,71,78,78,68,68,26,19,68,68,23,24,68,65,34,28,31,32,68,65,78,68,16,70,27,60,22,35,64,59,91,63,16,62,22,54,20,28,64,59,191,163,116,162,122,154,20,28
475,454,3345,70,70,25,25,30,29,35,33,68,70,68,70,75,73,62,58,35,40,72,72,73,27,28,32,72,72,72,55,45,72,73,22,26,30,70,68,74,51,39,76,73,122,26,30,170,68,174,151,139,76
476,430,3280,60,61,82,76,55,55,10,10,62,56,38,39,75,73,82,80,12,11,55,53,62,72,55,10,52,40,72,78,10,52,68,75,53,8,46,32,74,92,9,42,168,75,153,8,46,32,174,92,109,142
477,466,3383,80,81,88,85,6,8,3,3,37,36,60,70,12,13,18,16,44,44,76,76,82,85,10,4,34,70,13,15,45,75,78,93,9,3,26,83,11,14,39,79,78,93,9,103,126,183,11,114,39,79
478,512,3480,54,56,84,84,69,69,72,71,74,74,83,83,82,83,14,14,64,61,76,76,58,85,70,65,72,85,85,13,54,75,53,97,63,67,72,95,90,11,48,80,53,97,63,67,172,95,190,11,148,80
479,986,3095,70,70,68,70,59,58,46,49,55,58,8,9,65,65,45,47,58,70,77,72,75,76,70,52,63,10,73,52,80,72,70,79,61,47,56,10,77,47,66,75,70,179,161,147,156,10,177,47,66,75
480,428,3273,3,3,28,32,76,76,83,80,71,71,37,37,60,63,4,4,54,56,2,1,3,35,78,72,70,14,68,4,60,1,3,27,84,77,74,24,63,3,64,1,3,127,184,77,74,124,163,103,164,1
481,999,3363,54,62,47,62,58,57,70,70,71,75,66,66,40,40,78,78,50,53,20,20,63,55,55,72,78,68,35,75,55,19,56,53,49,81,81,64,28,87,62,17,156,153,49,81,181,64,28,87,62,17
482,1169,3302,74,74,81,68,44,46,12,12,36,42,73,82,32,32,89,86,48,46,46,56,74,62,52,10,50,85,32,85,45,62,85,57,50,9,40,100,27,89,37,68,185,57,50,9,140,100,27,189,137,168
483,334,3089,75,80,75,75,80,80,72,73,50,53,45,50,3,2,13,13,25,25,64,64,85,72,82,78,58,55,1,14,28,65,89,74,92,92,53,62,1,14,26,59,189,174,192,92,53,62,1,14,26,59
484,698,3455,65,68,45,50,48,52,4,3,8,9,6,5,24,29,38,45,75,80,65,65,68,55,54,3,10,5,32,50,85,67,64,46,48,2,6,4,29,43,95,65,64,146,148,102,106,104,29,143,95,65
485,622,3214,88,80,27,30,90,87,26,26,54,78,26,30,99,95,46,55,72,72,80,78,75,34,85,25,78,32,95,65,72,78,89,25,97,23,91,24,95,55,77,92,89,25,197,23,91,24,195,55,77,92
486,598,3310,28,30,10,11,18,21,15,13,51,46,81,82,59,55,60,60,86,84,69,69,35,12,27,14,45,85,45,60,75,70,28,8,23,14,44,100,36,60,85,73,28,108,123,14,44,100,136,160,85,173
487,434,3113,55,55,83,83,56,60,32,30,27,25,14,14,38,40,72,68,45,48,82,84,52,85,68,25,14,12,45,74,55,85,49,89,56,23,13,12,43,85,46,96,149,189,56,23,113,12,43,185,146,196
488,329,3317,68,68,74,74,68,68,50,50,4,4,65,65,40,40,76,76,85,85,40,40,72,70,60,55,3,68,38,78,78,52,71,74,54,62,2,63,33,92,99,47,71,74,154,62,102,163,33,92,199,147
489,269,3061,16,15,72,72,55,55,59,59,44,44,37,40,73,73,84,77,63,63,84,84,13,75,52,60,52,45,72,75,62,82,11,70,49,57,33,41,75,84,68,98,11,70,149,157,133,41,175,84,168,98
490,1330,3436,70,54,85,85,21,25,60,60,35,33,92,79,28,33,70,64,37,40,2,2,52,85,27,60,32,75,35,65,45,3,50,93,18,57,24,79,27,58,36,2,50,93,118,157,24,79,127,58,136,2
491,407,3029,30,32,75,75,35,32,9,9,80,78,80,80,52,52,12,13,21,21,63,63,35,72,27,9,74,85,52,14,18,62,27,74,18,7,85,96,42,12,22,52,127,174,118,107,185,196,42,112,22,152
492,332,3323,67,75,7,4,65,65,12,10,57,65,47,52,48,49,8,11,38,38,65,72,78,3,70,10,65,52,52,10,35,75,82,2,67,10,67,41,54,8,38,86,182,102,167,10,67,141,54,8,38,86
493,764,3313,57,63,27,31,74,78,14,13,38,38,41,43,86,86,47,42,76,76,32,28,70,34,78,12,38,45,85,35,75,22,83,26,82,8,33,39,90,30,85,19,183,126,182,108,33,139,90,130,85,19
494,345,3078,80,80,25,26,80,80,55,55,6,5,75,75,50,50,55,55,40,45,17,16,78,15,76,52,5,72,52,65,58,16,86,14,79,50,4,81,49,58,53,16,186,114,179,50,4,81,149,158,53,116
495,689,3146,36,39,24,16,11,13,60,60,70,72,4,4,75,75,83,81,42,45,32,33,45,15,14,55,72,4,75,78,45,35,34,14,12,51,71,3,87,83,39,38,134,114,112,151,71,103,87,83,139,38
496,672,3302,70,72,72,65,50,54,10,10,38,44,80,82,33,32,82,84,45,45,58,60,74,62,52,10,50,85,32,85,45,62,85,57,50,9,40,100,27,89,37,68,185,57,50,9,140,100,27,189,137,168
497,639,3172,20,20,63,63,76,76,33,32,11,11,67,68,71,71,39,32,32,42,81,81,18,72,75,27,12,72,73,22,52,85,15,70,80,18,12,81,73,20,35,93,15,170,80,118,12,81,73,120,135,93
498,1040,3091,58,51,74,74,41,41,54,54,52,58,84,84,91,75,74,70,56,54,13,11,45,82,62,55,60,85,75,65,55,10,37,78,68,50,60,96,88,59,62,10,137,78,168,150,160,96,188,159,62,110
499,300,3015,36,48,25,18,46,45,36,40,55,65,85,80,51,68,42,48,41,50,78,83,52,16,45,40,67,75,70,52,55,85,42,16,43,32,65,89,67,54,51,93,142,116,43,32,65,89,167,54,51,93
500,649,3299,17,20,77,76,13,13,72,74,73,73,32,30,9,9,54,58,85,82,88,85,22,75,13,75,73,27,10,62,78,82,15,87,11,70,77,18,6,68,84,100,115,87,11,70,177,118,106,168,184,200
501,566,3403,88,82,94,91,22,21,96,95,88,82,42,47,84,84,50,50,45,45,59,65,78,85,18,95,74,52,82,48,45,72,78,97,22,95,85,41,100,45,43,70,178,197,22,195,185,141,200,45,43,170
502,464,3038,28,28,31,42,20,15,35,45,8,9,22,22,28,32,77,76,4,3,54,54,27,45,13,52,10,22,42,75,2,55,18,39,11,41,9,20,36,84,1,51,118,39,11,141,109,120,36,84,101,151
503,416,3090,55,58,20,20,65,65,48,48,21,21,62,62,40,40,55,55,18,18,70,71,75,15,72,63,27,68,52,70,20,78,86,14,81,56,23,56,47,63,17,91,86,114,81,156,123,56,47,63,117,191
504,812,3401,68,70,70,71,69,69,10,10,70,70,29,30,70,73,75,79,30,38,40,45,73,74,70,9,70,35,76,85,45,50,77,71,74,7,83,28,79,96,34,40,177,171,74,107,183,128,179,196,134,140
505,436,3344,43,46,39,42,13,14,46,46,62,64,51,57,26,33,31,32,78,78,87,87,55,45,16,45,72,62,45,35,78,85,46,41,16,44,76,68,32,27,82,90,146,41,16,44,76,168,132,127,82,90
506,278,3262,24,21,68,72,26,29,68,70,34,37,73,76,7,7,48,50,14,14,85,78,18,78,32,73,40,82,10,68,16,72,22,82,27,77,32,92,7,63,16,81,22,82,27,177,32,192,7,163,16,81
507,417,3334,58,61,73,73,49,51,14,14,48,49,36,37,26,28,3,3,56,58,9,11,60,72,55,14,52,38,35,3,60,12,54,77,46,12,47,33,27,2,60,8,154,77,146,112,47,33,127,102,160,108
508,1095,3281,80,80,45,50,47,40,85,85,37,37,81,82,37,36,47,52,60,60,82,82,68,50,35,85,38,82,35,52,62,75,64,43,38,93,33,93,28,42,61,80,64,143,38,93,33,193,128,142,61,80
509,721,3016,88,89,78,80,76,77,13,13,56,52,68,68,4,4,58,57,92,90,28,33,95,85,78,12,52,70,5,55,85,45,95,96,82,11,54,67,4,49,89,32,195,196,182,111,54,167,4,49,189,132
510,547,3069,87,85,46,48,72,74,76,78,62,64,49,50,81,83,90,80,65,67,12,10,78,55,85,82,75,52,85,78,70,8,99,51,95,92,76,48,97,78,74,6,199,51,95,192,176,48,197,178,74,6
511,618,3080,23,23,13,13,68,69,35,33,42,43,32,30,28,25,68,68,34,34,45,43,18,12,72,32,45,27,22,67,32,50,15,8,68,24,40,22,20,65,27,40,15,108,68,24,40,122,20,65,27,140
512,776,3200,49,50,54,52,61,61,3,3,89,86,91,88,57,60,85,79,42,43,32,30,52,52,60,3,85,84,62,78,45,28,42,49,60,3,94,99,52,81,39,26,142,149,60,3,94,99,152,181,139,26
513,1039,3182,15,15,40,43,38,35,64,65,73,78,2,3,86,85,43,46,39,44,6,8,14,45,35,65,85,3,85,48,45,10,14,39,35,66,96,2,90,45,41,7,14,139,35,166,196,2,90,45,41,7
514,679,3488,72,72,15,14,15,14,50,52,76,78,76,75,32,39,8,10,78,75,82,85,72,14,14,52,78,75,42,10,73,85,81,14,13,54,82,80,36,8,77,97,81,14,113,54,82,80,36,8,177,97
515,679,3144,74,74,80,77,27,27,85,84,53,55,37,37,50,55,67,67,24,26,46,46,72,75,28,78,65,40,60,68,32,45,75,88,21,78,58,32,60,64,24,37,175,188,121,178,158,32,160,64,24,37
516,444,3447,58,56,73,71,81,79,57,58,27,31,49,54,38,37,31,31,63,65,73,71,52,70,76,60,35,65,35,32,70,65,46,63,79,54,29,55,38,27,83,67,46,63,179,154,129,55,38,27,183,67
517,794,3176,77,77,53,54,32,40,52,52,74,74,68,66,82,78,25,22,46,48,82,78,78,55,52,54,72,62,70,19,52,75,91,52,35,45,80,52,73,17,48,89,191,52,135,145,180,152,173,17,48,89
518,1029,3051,37,36,5,5,53,60,43,48,18,17,70,72,52,52,38,36,28,24,32,38,35,5,63,52,15,72,52,35,22,40,28,4,56,41,14,72,42,28,20,32,28,104,156,141,114,172,142,128,120,32
519,756,3223,70,75,39,37,3,4,58,57,82,80,86,80,85,87,88,88,60,68,55,56,80,34,3,60,78,78,82,85,70,55,66,25,2,57,87,82,93,96,63,52,66,25,2,157,187,82,193,196,63,52
520,598,3064,12,13,84,83,71,71,53,54,74,76,68,75,42,43,8,8,15,23,72,69,14,82,72,55,78,80,45,8,28,65,12,93,71,62,86,66,37,6,25,59,112,193,71,62,186,66,137,6,125,159
521,856,3120,32,32,41,41,64,66,27,28,10,10,30,31,39,38,45,46,73,73,69,69,32,35,72,34,10,35,35,45,72,70,31,31,69,25,6,27,28,40,75,67,31,131,169,25,106,127,128,40,175,167
522,384,3116,62,62,70,73,25,26,35,40,5,5,32,33,58,60,55,55,35,37,2,3,67,75,28,45,5,34,68,60,42,3,65,84,21,34,4,26,63,57,36,3,65,84,121,134,104,126,163,157,36,3
523,406,3381,20,17,66,65,47,47,84,82,39,36,21,18,88,80,23,25,52,55,70,65,15,62,45,78,35,16,72,27,60,60,14,57,40,92,29,16,72,19,60,60,114,57,40,92,129,116,172,119,160,60
524,851,3224,80,86,8,9,64,66,48,49,43,43,32,32,70,70,80,79,75,76,64,64,85,10,70,55,45,22,72,75,78,65,94,6,63,62,40,20,76,86,92,65,94,106,63,62,40,120,76,86,92,165
525,384,3191,65,65,55,55,40,38,60,58,75,75,78,78,75,73,65,60,3,3,40,40,65,52,35,54,78,78,70,55,4,42,72,33,30,45,81,82,62,51,3,36,72,133,130,145,181,182,162,151,103,36
526,297,3323,65,72,5,3,55,65,10,10,60,60,45,45,40,40,8,9,35,35,70,70,78,3,70,10,65,52,52,10,35,75,82,2,67,10,67,41,54,8,38,86,182,102,167,10,67,141,54,8,38,86
527,929,3317,68,71,73,73,67,64,61,61,3,3,66,67,41,41,74,76,84,82,53,53,72,70,60,55,3,68,38,78,78,52,71,74,54,62,2,63,33,92,99,47,71,74,154,62,102,163,33,92,199,147
528,504,3125,67,67,34,34,70,72,27,38,87,89,75,81,68,68,42,44,33,33,69,71,68,32,75,45,95,85,74,52,35,73,69,24,86,32,95,96,71,47,28,77,69,24,86,132,195,96,171,147,28,177
529,518,3069,95,90,52,53,85,85,75,76,80,81,48,49,74,80,79,79,75,75,10,9,78,55,85,82,75,52,85,78,70,8,99,51,95,92,76,48,97,78,74,6,199,51,95,192,176,48,197,178,74,6
530,936,3072,82,80,53,59,16,15,47,50,85,81,51,52,83,83,22,23,57,61,56,59,78,65,12,52,78,55,85,27,65,62,87,65,12,42,99,51,89,23,72,52,187,165,12,142,199,51,189,123,72,152
531,538,3221,32,34,88,80,83,75,22,27,58,64,25,26,65,67,68,75,84,84,54,54,35,78,72,27,65,27,73,78,85,58,28,83,75,23,72,19,73,91,96,53,28,83,75,123,72,119,73,91,196,53
532,1042,3325,10,10,80,85,50,55,12,12,88,80,60,55,90,85,60,65,55,52,38,45,10,85,60,12,78,52,82,70,52,45,9,88,55,12,83,46,92,73,49,36,109,88,155,12,83,46,192,173,149,136
533,844,3087,43,41,14,13,59,61,70,71,16,16,65,67,40,46,29,30,21,23,82,83,45,12,67,73,16,72,52,32,28,85,44,11,65,77,16,68,42,24,25,97,44,111,65,177,16,68,142,24,125,197
534,669,3359,57,58,13,10,70,72,32,37,38,50,34,19,62,56,35,33,78,82,4,4,54,8,76,45,52,14,55,28,85,3,48,6,79,32,35,24,51,25,100,3,148,6,179,132,135,124,151,125,100,3
535,513,3469,84,84,81,79,82,82,51,57,72,74,6,7,28,30,45,50,59,59,84,84,82,72,78,65,85,8,35,55,60,85,98,74,82,59,96,6,27,52,60,89,98,174,182,59,96,6,127,52,60,189
536,309,3477,45,46,80,78,90,90,55,55,89,85,75,75,33,33,45,45,55,55,70,74,52,78,85,52,78,70,27,45,52,75,42,92,95,42,78,73,19,44,49,86,142,92,95,42,178,173,119,44,149,86
537,1178,3244,21,21,3,3,55,57,55,59,23,23,83,85,12,12,79,79,10,10,94,91,22,3,62,65,27,85,12,74,9,78,15,2,68,65,22,96,13,85,7,84,115,2,168,165,122,196,13,185,107,184
538,329,3005,82,74,55,54,36,46,35,25,85,85,14,14,24,24,88,77,3,3,53,53,70,58,52,22,85,14,25,78,3,52,73,53,35,21,94,12,23,78,2,48,173,53,135,21,94,112,23,178,102,48
539,611,3432,27,27,29,24,52,54,59,63,83,80,54,51,55,55,48,52,39,30,47,48,28,22,52,65,75,52,55,54,22,45,26,20,54,55,86,48,46,45,21,39,26,120,54,55,86,48,146,145,21,39
540,461,3372,22,21,50,49,67,67,45,52,50,55,80,80,25,24,85,85,11,12,75,73,19,45,65,55,58,82,22,84,12,72,17,43,59,52,53,98,19,99,13,81,17,43,59,52,53,98,19,99,13,81
541,399,3008,11,11,16,18,25,24,43,39,55,58,60,62,75,79,35,36,78,78,80,81,10,22,22,35,62,65,84,45,78,82,9,15,20,31,61,72,99,41,81,98,109,115,20,131,61,72,99,41,181,98
542,404,3445,17,17,70,75,50,50,15,12,60,62,45,40,55,55,12,11,65,70,45,50,14,84,55,10,70,35,52,10,85,54,14,99,46,8,61,35,50,9,96,48,14,99,146,8,161,35,50,9,196,148
543,419,3273,3,3,18,20,100,98,80,75,70,65,17,15,67,67,6,5,35,50,1,1,3,35,78,72,70,14,68,4,60,1,3,27,84,77,74,24,63,3,64,1,3,127,184,77,74,124,163,103,164,1
544,925,3139,78,80,9,9,79,79,69,69,7,8,74,74,15,15,71,71,40,37,14,14,85,10,75,67,10,73,14,68,35,13,96,8,86,65,7,77,13,64,35,11,196,8,86,65,7,177,113,64,35,11
545,615,3449,39,20,36,45,50,45,66,72,89,84,26,35,65,60,73,72,85,78,15,18,14,45,45,72,84,35,60,72,78,18,24,34,37,75,99,28,60,74,78,15,124,34,137,175,99,128,60,174,178,15
546,260,3236,70,76,50,56,72,80,80,88,74,74,60,70,55,55,30,35,32,21,60,70,78,62,85,84,72,75,52,40,15,85,99,68,97,99,74,87,48,32,14,96,199,168,197,99,174,87,48,32,114,96
547,293,3497,24,22,75,78,72,72,77,77,64,67,58,65,82,82,29,25,80,77,78,80,20,82,73,76,70,72,82,16,75,85,17,100,73,79,63,70,98,16,85,97,117,200,73,179,63,170,98,116,85,197
548,619,3195,75,78,32,32,78,78,49,49,68,68,46,48,55,57,72,75,55,52,50,53,78,34,78,52,73,48,62,78,52,55,84,26,86,50,77,45,68,78,44,46,184,126,186,50,177,45,168,178,144,146
549,562,3136,48,48,70,70,86,85,75,75,25,26,52,57,41,43,22,22,65,66,38,41,52,68,78,72,27,65,55,22,68,50,49,64,87,75,22,59,49,19,63,40,149,64,187,75,122,59,49,19,163,140
550,392,3133,93,90,75,77,68,70,57,57,85,85,41,43,83,83,25,25,44,47,31,33,84,78,73,60,85,52,85,27,55,42,99,82,73,60,90,47,96,22,46,36,99,182,73,60,190,47,196,122,146,36
551,741,3452,17,17,23,23,62,65,42,54,76,85,76,76,27,37,42,47,77,77,3,3,19,28,68,60,85,78,45,52,78,3,17,21,63,55,90,78,36,44,92,2,17,121,163,155,190,178,136,144,92,2
552,325,3201,75,67,72,72,52,64,2,1,16,17,4,4,22,26,14,12,44,46,7,6,74,78,72,1,18,5,35,13,55,7,71,83,76,1,15,4,27,11,46,5,171,83,76,1,15,104,127,11,146,5
553,338,3369,35,42,39,42,69,67,83,90,50,54,70,75,74,65,80,76,69,74,71,72,45,52,65,95,55,78,62,76,75,72,39,41,59,95,50,91,52,79,70,68,39,141,59,195,150,91,152,179,70,68
554,510,3007,35,33,55,55,42,45,27,29,6,7,57,55,40,42,67,69,50,55,11,11,32,60,52,32,9,52,45,73,62,12,31,57,54,27,7,49,36,77,52,12,31,157,54,27,107,149,136,177,152,12
555,677,3270,85,85,56,56,80,78,9,10,9,9,85,83,3,3,38,35,29,28,86,82,85,55,78,10,10,82,3,32,25,72,94,62,86,7,10,78,3,29,23,75,194,62,186,7,10,78,3,29,23,75
556,282,3135,49,57,17,15,62,63,71,70,37,38,77,77,60,65,67,58,49,52,64,62,65,13,65,68,35,78,65,52,54,60,58,11,59,69,28,92,55,46,45,64,58,11,59,69,28,92,55,46,145,164
557,611,3435,48,55,40,46,65,68,45,47,10,9,35,30,30,25,6,6,68,66,75,77,62,52,70,50,9,28,22,5,65,78,68,33,73,40,7,26,20,4,67,91,168,133,173,140,107,26,20,104,67,191
558,546,3260,80,77,30,32,22,23,30,29,75,74,83,81,45,47,19,21,26,23,50,52,75,35,25,27,72,78,52,28,22,55,85,28,23,19,72,82,42,21,20,62,85,128,23,119,172,182,142,121,120,62
559,219,3349,76,76,81,71,32,36,35,35,84,84,64,64,7,8,43,40,75,75,38,45,75,62,45,34,82,65,10,35,75,52,86,57,32,26,98,67,7,29,84,42,86,57,132,126,98,67,7,129,84,42
560,469,3104,80,75,55,60,28,28,80,80,50,55,5,3,45,50,80,80,35,40,5,4,72,68,27,78,65,3,54,85,45,4,75,63,18,87,65,2,45,93,41,3,75,163,118,187,165,102,145,93,41,103
561,318,3076,29,30,74,80,44,32,62,69,39,41,78,77,44,48,3,3,61,68,12,12,32,85,27,72,52,75,55,3,80,12,30,100,19,71,47,80,62,2,66,11,30,100,119,71,47,80,62,102,66,111
562,613,3093,67,75,88,83,86,86,20,20,26,26,2,2,78,75,42,45,90,88,37,40,80,75,78,16,27,3,73,48,82,52,66,79,91,16,19,2,73,45,78,42,66,79,191,16,119,102,73,45,78,42
563,557,3240,22,22,2,2,31,34,12,12,80,80,76,76,10,11,16,17,78,78,47,48,22,3,38,13,78,74,12,18,82,52,20,2,33,11,87,85,8,18,93,47,20,2,33,11,187,185,108,18,193,47
564,494,3457,25,25,18,16,60,60,60,65,30,28,12,12,72,75,30,35,80,80,75,75,22,14,62,68,28,10,75,35,75,72,19,12,52,69,21,9,86,28,85,75,19,112,152,69,121,9,86,28,85,175
565,477,3402,85,85,77,77,43,46,44,41,37,40,68,73,92,88,36,41,45,48,29,31,85,78,52,35,50,78,85,55,55,34,93,83,35,30,38,82,89,46,62,26,93,83,135,130,138,82,189,146,62,126
566,306,3029,32,32,73,73,25,25,5,5,76,76,82,80,46,46,12,12,22,22,47,57,35,72,27,9,74,85,52,14,18,62,27,74,18,7,85,96,42,12,22,52,127,174,118,107,185,196,42,112,22,152
567,301,3119,68,72,46,46,56,57,18,18,15,15,26,26,76,76,81,81,72,70,13,15,75,35,65,18,14,28,75,75,68,16,87,38,55,15,14,25,86,88,69,16,87,38,55,15,14,125,86,188,69,16
568,675,3079,70,71,29,32,80,83,60,60,65,75,21,24,60,57,8,9,13,13,75,75,72,35,85,62,75,27,52,10,12,74,74,28,100,57,86,23,48,7,8,85,174,128,100,57,86,123,48,7,108,185
569,348,3343,77,75,44,58,26,25,32,32,53,53,58,60,47,46,57,62,22,21,35,35,73,54,22,32,52,62,45,65,19,35,77,45,19,29,46,61,44,55,17,28,177,145,19,29,46,61,44,55,17,28
570,1763,3184,75,73,87,83,65,70,89,84,90,75,29,28,28,30,26,25,80,80,79,76,75,82,80,82,78,28,34,28,75,74,76,98,66,92,99,26,26,25,85,85,176,98,66,192,199,26,126,125,85,185
571,211,3325,12,12,77,77,49,52,9,11,75,75,58,51,75,77,63,63,50,50,43,43,10,85,60,12,78,52,82,70,52,45,9,88,55,12,83,46,92,73,49,36,109,88,155,12,83,46,192,173,149,136
572,629,3027,18,19,56,56,73,73,57,56,10,10,83,80,29,31,40,40,79,74,30,30,22,54,75,55,12,72,42,45,72,35,15,45,86,53,8,80,36,39,72,31,115,145,86,153,108,180,36,139,172,131
573,786,3214,94,83,40,36,83,85,27,25,79,79,36,35,98,95,47,59,78,76,80,80,75,34,85,25,78,32,95,65,72,78,89,25,97,23,91,24,95,55,77,92,89,25,197,23,91,24,195,55,77,92
574,682,3224,89,88,10,10,56,62,54,54,39,42,27,25,66,68,75,75,83,80,52,62,85,10,70,55,45,22,72,75,78,65,94,6,63,62,40,20,76,86,92,65,94,106,63,62,40,120,76,86,92,165
575,1488,3467,41,45,78,80,28,32,42,46,81,80,68,68,57,60,37,40,85,80,12,12,52,82,34,52,75,70,62,45,75,12,41,92,26,46,84,74,57,39,85,8,141,192,126,46,84,74,57,39,85,108
576,403,3097,3,3,2,2,76,78,67,67,15,13,8,6,78,72,56,61,87,87,32,33,3,2,82,68,14,5,70,68,85,35,2,1,100,56,12,4,74,69,100,38,102,101,200,56,112,104,74,69,100,38
577,516,3300,55,50,59,60,30,45,40,50,70,70,35,35,40,40,35,35,80,75,10,10,52,70,52,54,70,55,45,35,72,10,46,83,47,48,74,46,37,35,75,10,46,183,147,148,74,146,137,35,75,10
578,898,3046,59,59,19,18,11,11,61,61,6,7,27,28,49,49,70,69,6,7,72,72,60,18,10,65,8,32,52,68,10,70,60,15,9,66,6,24,54,64,9,74,60,15,109,166,6,24,54,64,9,74
579,231,3129,70,78,75,85,80,78,67,70,72,85,33,32,75,82,40,72,80,75,32,18,78,85,78,70,85,32,82,72,75,14,81,90,84,74,97,31,92,69,89,24,181,190,184,74,97,31,192,169,89,124
580,846,3383,80,80,80,82,7,9,4,4,33,33,60,68,12,13,16,15,39,41,68,70,82,85,10,4,34,70,13,15,45,75,78,93,9,3,26,83,11,14,39,79,78,93,9,103,126,183,11,114,39,79
581,459,3118,47,49,11,11,82,80,80,82,43,41,70,70,9,9,21,21,10,10,55,55,52,10,75,85,35,70,10,22,10,54,47,9,89,88,30,73,6,15,8,48,47,109,89,88,130,173,106,115,8,148
582,1902,3205,77,76,49,49,80,79,67,67,68,68,63,63,51,52,60,64,56,57,9,9,78,52,75,68,70,62,54,65,60,9,99,47,89,63,83,52,48,66,60,7,199,147,89,163,183,152,148,166,160,107
583,437,3275,42,38,71,71,6,6,55,58,42,46,73,72,65,54,28,28,37,35,88,87,35,70,7,60,52,70,45,27,32,85,29,67,5,60,33,83,37,18,29,93,129,167,5,160,133,183,37,118,29,93
584,499,3469,85,85,76,75,81,80,55,58,85,85,8,8,26,29,62,60,65,64,86,86,82,72,78,65,85,8,35,55,60,85,98,74,82,59,96,6,27,52,60,89,98,174,182,59,96,6,127,52,60,189
585,649,3383,73,80,88,86,9,10,5,4,25,34,61,68,14,14,16,16,45,45,73,73,82,85,10,4,34,70,13,15,45,75,78,93,9,3,26,83,11,14,39,79,78,93,9,103,126,183,11,114,39,79
586,315,3161,80,83,36,35,29,33,70,72,29,30,10,10,37,38,48,50,80,78,70,60,85,32,45,72,34,10,38,52,72,55,96,31,34,76,25,9,33,41,68,50,196,31,134,76,25,109,33,141,68,150
587,627,3115,85,80,7,7,17,25,3,3,55,55,32,32,54,50,80,76,84,80,71,75,78,10,27,3,58,34,48,72,75,75,87,7,18,3,53,25,45,77,88,85,187,7,118,3,53,25,45,77,188,85
588,208,3274,32,37,72,72,48,47,81,78,34,33,38,35,34,26,57,59,78,78,80,79,45,72,45,75,32,34,20,65,82,72,36,81,37,70,27,25,17,65,100,80,136,81,37,70,27,25,117,165,200,180
589,684,3388,36,37,32,32,40,38,5,5,77,77,82,80,85,83,32,42,90,90,25,23,38,32,32,4,78,72,75,45,75,18,33,31,30,3,91,81,87,34,89,15,33,31,30,103,91,81,87,134,89,15
590,651,3430,84,79,77,75,72,71,55,50,87,87,12,12,59,66,73,75,17,19,89,87,72,72,68,52,85,13,70,78,22,85,80,69,56,47,90,11,61,86,20,88,180,169,56,47,90,11,161,186,20,88
591,522,3226,90,86,45,56,32,30,30,30,40,42,56,65,55,53,58,65,35,35,65,65,85,55,27,28,45,65,52,65,14,60,90,50,19,26,40,72,44,58,24,60,190,150,119,26,40,72,144,158,124,60
592,655,3409,63,61,72,74,35,40,65,67,85,85,88,87,61,62,77,81,86,87,7,8,52,80,45,63,85,82,60,85,85,10,49,66,34,56,90,93,64,96,93,8,149,66,34,156,90,193,164,196,93,8
593,690,3108,33,33,48,48,72,83,79,79,92,90,59,61,42,42,2,2,66,70,63,67,34,52,85,78,85,65,45,3,75,72,26,48,90,82,94,59,39,2,76,75,126,48,190,182,194,59,139,102,176,175
594,883,3304,78,77,31,26,53,53,86,84,52,56,62,66,27,29,88,88,86,85,6,5,72,14,54,78,55,72,35,85,82,4,69,24,45,78,51,72,27,93,98,3,169,124,145,178,51,172,127,93,98,103
595,670,3268,18,23,30,45,70,67,45,47,35,35,27,25,63,63,18,16,78,70,85,85,25,50,62,50,32,22,60,14,60,85,23,38,57,43,27,15,54,13,60,90,23,138,57,143,27,115,154,113,60,90
596,631,3269,62,70,74,78,12,12,68,70,50,60,26,35,38,45,40,52,26,30,8,8,75,78,10,72,65,32,45,60,35,7,80,82,8,76,59,31,44,57,28,5,80,182,8,76,59,31,44,157,28,5
597,364,3100,54,58,62,62,50,52,57,57,14,14,82,80,84,77,64,65,32,37,62,68,62,65,52,55,14,75,74,68,45,70,61,58,44,50,12,88,85,69,41,67,61,58,144,150,112,188,185,69,41,167
598,430,3086,85,85,85,82,40,36,80,84,40,45,75,77,65,70,60,62,36,36,65,70,85,82,35,85,60,85,72,65,35,78,93,100,31,88,55,90,69,59,30,82,93,200,131,88,155,90,169,159,130,82
599,411,3349,68,72,71,66,43,44,36,36,78,78,64,64,8,8,34,34,82,80,45,48,75,62,45,34,82,65,10,35,75,52,86,57,32,26,98,67,7,29,84,42,86,57,132,126,98,67,7,129,84,42
600,281,3339,53,53,64,64,68,68,76,80,32,33,4,4,45,48,82,80,64,64,27,33,52,65,68,85,35,5,55,78,65,42,48,65,64,88,29,4,52,84,66,36,48,165,64,88,129,4,52,184,166,36
601,486,3173,83,83,85,85,28,21,80,80,70,70,4,4,84,84,45,45,73,73,40,40,85,78,15,72,60,3,75,35,68,32,88,81,14,71,54,2,88,31,69,29,88,181,114,71,154,2,188,131,69,29
602,432,3032,1,1,72,75,65,65,55,55,28,28,75,75,7,8,48,50,45,38,72,70,1,82,65,54,28,75,8,52,32,67,1,92,58,45,26,76,6,47,31,65,1,192,58,145,26,176,6,47,31,65
603,457,3090,76,76,23,19,58,61,55,60,26,26,61,64,48,49,64,66,24,24,80,79,75,15,72,63,27,68,52,70,20,78,86,14,81,56,23,56,47,63,17,91,86,114,81,156,123,56,47,63,117,191
604,552,3105,41,52,31,29,75,77,69,72,81,77,49,54,90,88,7,8,75,71,75,82,55,27,78,74,75,55,85,9,68,85,62,23,91,71,84,51,88,7,69,96,62,123,91,171,84,51,88,107,69,196
605,568,3446,50,50,11,11,53,53,62,62,73,70,55,55,22,22,78,80,83,83,59,59,60,10,55,70,68,52,25,85,74,62,55,9,51,61,64,44,23,96,71,61,155,9,151,161,64,144,23,196,171,61
606,636,3141,13,13,75,80,80,82,75,75,48,55,42,50,77,75,40,50,35,35,60,65,12,82,82,76,58,54,73,55,35,65,11,78,100,79,53,45,77,46,31,67,111,78,200,179,53,145,177,146,131,67
607,559,3403,87,82,86,85,21,19,90,95,74,74,38,47,83,82,45,47,43,45,73,72,78,85,18,95,74,52,82,48,45,72,78,97,22,95,85,41,100,45,43,70,178,197,22,195,185,141,200,45,43,170
608,1496,3451,86,80,75,73,78,76,4,3,73,72,24,23,74,78,35,42,62,64,82,84,78,72,75,2,72,22,78,50,65,85,81,71,86,1,81,20,83,43,59,97,181,71,86,101,81,20,83,143,159,197
609,470,3258,67,69,47,42,37,41,74,72,3,3,7,8,35,43,75,78,12,11,74,68,72,45,45,75,3,10,52,85,12,70,80,44,37,80,2,7,47,94,8,73,180,44,137,80,2,7,147,194,108,173
610,573,3036,12,12,35,32,85,85,75,74,23,25,9,10,55,55,43,44,71,72,37,40,12,27,85,73,27,12,54,45,74,52,12,18,97,73,22,13,48,39,71,35,12,118,97,73,122,13,148,139,171,135
611,933,3104,76,73,60,61,20,22,74,75,59,60,2,2,50,50,90,85,42,42,4,4,72,68,27,78,65,3,54,85,45,4,75,63,18,87,65,2,45,93,41,3,75,163,118,187,165,102,145,93,41,103
612,650,3250,35,36,58,58,34,37,74,73,82,83,41,42,43,47,22,21,90,88,69,69,35,65,45,72,82,45,55,12,85,65,28,55,41,70,93,44,46,11,96,59,128,55,41,170,193,44,146,111,196,59
613,597,3077,57,50,33,50,19,17,54,56,73,72,84,85,27,32,39,43,61,60,68,68,45,52,15,60,72,85,35,45,60,70,44,41,14,57,77,88,35,36,60,61,44,141,114,157,77,88,35,136,60,161
614,467,3167,74,73,10,12,42,45,78,78,78,74,68,70,35,32,70,78,8,7,55,65,72,12,45,78,72,70,32,78,7,65,72,13,39,83,74,62,30,91,5,67,172,13,139,83,174,162,30,191,105,67
615,415,3490,91,89,29,25,17,16,81,80,19,17,91,89,68,68,75,75,62,63,42,48,85,14,15,75,16,75,68,75,65,52,88,24,14,88,16,89,56,80,72,42,88,124,114,188,116,89,56,80,72,42
616,364,3188,68,69,77,77,48,58,29,29,79,79,56,56,62,62,41,41,85,85,59,59,72,85,60,32,78,72,80,52,82,72,77,90,60,27,91,76,66,47,92,81,77,90,160,27,191,76,66,147,192,81
617,492,3335,30,30,85,80,42,45,8,8,2,1,80,80,82,82,54,54,7,8,38,38,52,78,52,7,1,85,75,55,10,35,35,99,33,5,1,96,88,49,9,31,135,199,133,5,1,196,188,49,9,131
618,754,3268,32,22,41,45,79,68,44,45,37,34,24,22,72,70,16,15,76,65,88,80,25,50,62,50,32,22,60,14,60,85,23,38,57,43,27,15,54,13,60,90,23,138,57,143,27,115,154,113,60,90
619,1263,3173,92,92,92,88,12,13,78,76,78,76,6,6,81,80,62,62,70,70,30,30,85,78,15,72,60,3,75,35,68,32,88,81,14,71,54,2,88,31,69,29,88,181,114,71,154,2,188,131,69,29
620,500,3290,85,84,65,53,77,71,88,71,82,71,55,64,55,44,44,37,56,61,88,77,85,54,72,72,72,65,45,38,62,78,89,45,72,71,81,66,39,33,61,99,189,145,172,71,81,166,39,33,61,199
621,693,3366,83,81,35,33,66,68,85,83,28,33,7,7,9,11,76,74,6,6,16,19,78,27,70,82,35,7,12,72,7,22,91,23,74,78,29,5,13,70,5,15,191,123,74,78,129,105,13,170,5,115
622,499,3049,9,9,81,79,22,22,84,78,36,34,89,88,32,30,76,73,28,25,37,43,10,76,22,75,34,85,27,70,22,45,9,79,19,86,26,90,19,63,20,41,9,179,19,86,126,90,119,63,20,41
623,287,3163,36,17,80,80,23,25,65,68,65,72,36,29,46,55,4,4,77,74,27,27,16,78,28,70,70,28,60,3,72,27,16,99,21,67,61,26,60,3,68,23,16,199,121,167,161,26,160,3,68,123
624,539,3037,90,85,90,88,62,62,16,16,1,1,15,15,66,66,45,45,72,70,65,62,72,84,62,15,2,13,65,45,70,60,75,99,61,14,1,11,59,40,61,57,75,99,61,114,101,11,59,40,161,157
625,702,3249,8,8,34,36,6,6,62,62,28,33,55,62,40,52,33,33,57,57,92,92,10,35,8,63,35,62,52,35,52,78,7,38,6,56,29,52,47,30,46,78,7,38,6,156,129,152,147,130,46,178
626,744,3403,63,72,75,83,23,20,80,88,76,72,42,48,84,83,46,47,44,44,74,73,78,85,18,95,74,52,82,48,45,72,78,97,22,95,85,41,100,45,43,70,178,197,22,195,185,141,200,45,43,170
627,247,3400,88,86,82,82,78,75,29,30,4,4,37,36,68,72,85,78,52,52,80,79,85,82,68,28,5,35,72,75,52,78,90,78,64,21,4,35,81,76,42,78,90,78,64,121,104,35,81,176,142,178
628,776,3489,65,72,80,80,80,72,25,22,45,50,50,50,60,70,60,60,65,52,70,85,72,75,72,22,55,52,72,58,62,82,77,85,81,21,52,48,70,53,61,78,77,85,81,21,52,48,170,53,61,78
629,460,3310,38,38,13,13,26,26,14,14,62,55,98,98,35,39,58,58,99,92,85,83,35,12,27,14,45,85,45,60,75,70,28,8,23,14,44,100,36,60,85,73,28,108,123,14,44,100,136,160,85,173
630,965,3127,90,85,45,52,85,85,38,36,30,33,28,28,67,77,30,45,65,65,58,60,82,54,85,32,35,28,80,52,65,65,78,48,97,31,28,21,66,33,72,65,78,148,97,31,28,121,66,133,72,165
631,253,3167,69,69,8,11,34,41,82,80,84,77,76,72,28,31,77,77,4,6,65,65,72,12,45,78,72,70,32,78,7,65,72,13,39,83,74,62,30,91,5,67,172,13,139,83,174,162,30,191,105,67
632,414,3063,65,64,79,79,70,72,52,44,27,21,85,91,12,11,81,81,63,67,59,62,68,78,72,45,16,95,10,82,72,62,63,83,75,37,16,95,6,93,76,61,163,83,175,37,116,195,106,193,76,61
633,395,3113,51,51,90,86,68,68,36,30,19,19,8,12,51,47,80,80,40,50,85,85,52,85,68,25,14,12,45,74,55,85,49,89,56,23,13,12,43,85,46,96,149,189,56,23,113,12,43,185,146,196
634,400,3418,30,45,45,49,50,55,24,20,29,31,75,75,13,13,19,19,30,31,71,72,52,55,65,12,35,75,14,18,35,75,42,62,59,11,31,70,14,22,38,86,142,62,59,111,131,70,14,22,38,86
635,347,3006,37,37,87,87,8,9,78,75,79,76,3,3,4,4,87,80,27,27,45,48,35,85,10,74,72,4,5,70,28,52,28,96,7,71,81,3,4,83,26,42,28,196,7,171,81,103,104,183,26,42
636,386,3061,24,26,78,78,55,55,53,53,47,47,47,47,74,74,86,86,53,53,90,90,13,75,52,60,52,45,72,75,62,82,11,70,49,57,33,41,75,84,68,98,11,70,149,157,133,41,175,84,168,98
637,332,3464,83,81,81,78,37,42,55,61,57,62,91,93,47,51,38,45,62,65,34,32,78,72,45,67,65,95,54,54,70,32,87,70,34,65,59,95,48,45,62,31,187,170,134,65,59,195,148,145,162,31
638,355,3099,81,81,79,80,89,88,23,23,76,77,68,69,62,60,73,73,49,50,15,14,85,82,85,28,78,72,70,73,52,13,97,92,94,26,99,81,63,73,46,11,97,192,194,26,199,81,63,73,46,11
639,237,3172,20,20,71,71,81,77,24,25,10,10,78,74,82,75,23,23,36,45,88,88,18,72,75,27,12,72,73,22,52,85,15,70,80,18,12,81,73,20,35,93,15,170,80,118,12,81,73,120,135,93
640,569,3357,72,72,40,42,53,54,35,37,80,79,65,68,32,34,7,7,27,30,80,79,72,45,55,40,78,70,35,7,32,78,70,44,51,32,99,61,28,5,24,84,170,44,151,32,199,161,128,105,24,184
641,545,3373,28,26,70,71,16,16,68,69,30,34,42,48,4,5,78,75,84,80,12,12,28,70,15,70,35,45,5,74,78,13,26,83,14,63,28,39,4,85,81,11,26,183,114,63,128,39,104,185,181,11
642,455,3280,63,62,70,74,58,54,10,10,57,55,36,38,69,73,74,78,11,10,47,50,62,72,55,10,52,40,72,78,10,52,68,75,53,8,46,32,74,92,9,42,168,75,153,8,46,32,174,92,109,142
643,593,3073,8,9,75,75,2,1,68,68,69,69,48,48,37,37,30,30,41,41,85,85,10,78,1,70,70,52,35,34,45,82,9,82,1,62,73,48,31,26,41,98,9,182,1,162,173,48,131,126,41,98
644,1109,3049,11,11,78,77,27,25,69,72,30,32,92,89,35,30,68,69,34,26,38,41,10,76,22,75,34,85,27,70,22,45,9,79,19,86,26,90,19,63,20,41,9,179,19,86,126,90,119,63,20,41
645,386,3141,10,11,80,81,90,85,82,78,45,52,43,47,78,75,43,44,37,36,62,63,12,82,82,76,58,54,73,55,35,65,11,78,100,79,53,45,77,46,31,67,111,78,200,179,53,145,177,146,131,67
646,1570,3393,8,8,36,36,86,85,89,85,51,51,58,62,63,70,72,70,42,42,46,50,7,38,85,84,52,65,72,70,45,52,5,33,98,99,44,59,74,73,43,46,105,33,198,99,144,159,174,173,43,46
647,782,3226,86,86,44,52,25,26,33,33,38,39,54,61,47,52,68,66,19,18,61,61,85,55,27,28,45,65,52,65,14,60,90,50,19,26,40,72,44,58,24,60,190,150,119,26,40,72,144,158,124,60
648,503,3283,10,10,80,80,74,72,85,85,30,30,18,16,44,44,46,47,35,30,74,74,10,78,68,85,34,14,45,52,22,75,9,91,64,89,25,13,34,33,20,80,9,191,64,189,25,113,34,133,20,80
649,295,3317,77,75,79,76,63,62,47,51,3,3,62,66,41,40,77,78,91,87,46,50,72,70,60,55,3,68,38,78,78,52,71,74,54,62,2,63,33,92,99,47,71,74,154,62,102,163,33,92,199,147
650,534,3306,32,27,65,67,81,75,85,85,88,87,45,50,48,55,87,86,30,38,16,15,22,68,73,85,85,52,60,85,45,14,15,64,77,89,88,54,60,97,34,13,115,64,177,189,88,54,160,97,134,113
651,780,3412,75,77,69,73,42,44,56,61,13,14,5,5,47,56,24,21,3,2,37,45,76,72,45,68,12,5,60,22,1,52,79,76,41,69,12,4,55,21,1,33,179,76,41,69,12,104,155,21,1,133
652,584,3043,23,30,85,85,72,74,72,70,85,85,50,47,18,18,81,80,81,80,5,7,35,85,75,68,85,45,18,78,78,7,28,97,80,63,90,37,15,91,87,5,28,97,80,163,190,137,15,191,187,5
653,507,3023,26,30,37,34,65,65,14,12,80,82,29,27,70,72,75,75,70,70,70,74,34,35,65,10,85,28,70,75,78,78,25,28,66,6,94,21,73,89,87,78,25,128,166,106,94,121,173,89,187,178
654,972,3090,70,70,27,16,65,70,65,55,30,28,70,70,55,55,67,67,21,21,75,75,75,15,72,63,27,68,52,70,20,78,86,14,81,56,23,56,47,63,17,91,86,114,81,156,123,56,47,63,117,191
655,478,3435,54,56,48,49,78,76,41,44,9,9,25,26,21,21,6,6,65,65,77,77,62,52,70,50,9,28,22,5,65,78,68,33,73,40,7,26,20,4,67,91,168,133,173,140,107,26,20,104,67,191
656,1301,3140,13,13,72,76,68,68,51,48,3,3,31,34,23,28,76,72,74,74,17,17,12,78,70,55,3,45,34,68,76,16,8,82,67,53,2,41,26,64,79,16,108,82,167,153,102,41,126,64,179,116
657,1513,3217,72,72,63,66,89,85,16,15,78,84,68,66,70,70,58,63,45,50,63,67,75,72,85,15,85,68,73,72,52,72,79,74,94,14,97,64,73,76,48,68,79,174,194,114,197,64,73,76,48,68
658,774,3177,29,33,61,63,56,56,66,69,12,12,54,54,7,7,66,68,36,38,10,10,32,68,54,73,12,55,7,70,40,10,27,56,45,73,13,49,5,63,32,9,27,56,145,73,13,49,5,63,32,9
659,809,3415,38,38,28,28,66,68,16,15,71,68,68,58,78,82,68,70,42,50,84,84,35,28,70,14,65,54,85,72,52,85,35,25,61,12,58,48,90,69,42,88,35,125,161,112,58,148,90,169,42,88
660,361,3458,75,72,54,54,45,45,41,42,7,8,89,85,14,14,39,37,76,76,6,8,67,54,45,45,10,78,14,35,78,10,65,45,43,40,10,84,13,31,82,8,65,145,43,40,10,184,113,131,82,8
661,341,3281,60,65,39,47,32,35,78,83,29,30,84,82,34,35,37,52,57,60,77,75,68,50,35,85,38,82,35,52,62,75,64,43,38,93,33,93,28,42,61,80,64,143,38,93,33,193,128,142,61,80
662,1739,3327,45,45,32,24,87,87,30,25,52,55,55,60,90,87,35,40,32,26,42,44,45,12,85,18,60,65,85,45,22,45,40,11,90,22,55,55,94,39,20,41,40,111,190,22,155,55,94,139,120,41
663,442,3115,80,80,6,8,40,33,2,2,55,55,30,30,52,50,75,75,82,80,88,85,78,10,27,3,58,34,48,72,75,75,87,7,18,3,53,25,45,77,88,85,187,7,118,3,53,25,45,77,188,85
664,310,3054,33,39,32,34,83,85,91,85,28,30,34,37,68,72,44,46,7,8,51,54,45,35,85,82,45,42,72,50,8,58,41,29,100,92,34,36,81,40,6,53,41,129,100,192,34,36,81,140,6,53
665,574,3456,40,37,50,52,53,48,21,20,68,70,50,48,11,12,51,52,65,65,28,28,35,54,45,18,72,45,12,55,70,28,31,48,43,15,81,37,12,51,83,26,131,148,43,15,81,37,12,51,183,26
666,631,3409,55,54,65,72,38,39,60,60,72,75,78,78,76,62,80,80,82,82,8,8,52,80,45,63,85,82,60,85,85,10,49,66,34,56,90,93,64,96,93,8,149,66,34,156,90,193,164,196,93,8
667,449,3262,26,22,76,78,22,25,75,73,31,33,82,82,7,9,55,63,15,16,68,70,18,78,32,73,40,82,10,68,16,72,22,82,27,77,32,92,7,63,16,81,22,82,27,177,32,192,7,163,16,81
668,337,3238,42,42,52,52,12,10,70,70,16,24,80,70,50,56,32,34,80,80,30,36,45,52,10,73,28,68,62,35,76,40,41,50,9,77,25,64,61,28,79,32,41,50,9,177,125,64,61,28,179,32
669,401,3336,43,41,37,36,34,34,78,80,3,3,67,72,16,20,74,75,62,63,4,4,38,35,34,85,3,75,27,78,65,5,33,28,26,97,3,86,23,92,67,4,33,28,126,97,3,86,123,92,67,4
670,586,3341,74,76,80,80,82,80,57,58,40,40,52,52,20,20,80,80,40,40,69,70,82,85,75,62,45,70,22,75,45,72,92,96,79,68,43,63,19,87,37,74,192,96,79,168,43,63,19,87,37,174
671,325,3103,36,35,70,70,43,43,6,4,82,82,12,10,52,56,26,22,34,30,78,78,28,75,45,4,78,10,65,19,28,75,21,87,43,3,81,9,58,17,26,84,121,87,43,103,181,109,58,17,26,84
672,599,3159,25,26,15,15,27,25,80,79,75,76,75,75,7,7,70,68,50,51,85,80,27,14,22,78,78,75,7,65,52,78,23,14,20,82,86,87,5,66,47,87,123,14,20,182,186,87,105,166,147,187
673,350,3047,24,24,75,85,70,78,75,72,30,32,50,65,39,48,39,43,40,45,70,70,25,85,78,72,32,65,52,45,45,70,23,96,84,72,30,66,41,34,44,73,23,96,184,172,30,166,141,34,44,173
674,625,3107,72,82,81,80,42,44,3,4,84,80,9,8,59,65,26,28,48,50,90,88,82,78,45,5,78,7,70,32,52,82,78,86,40,4,81,5,62,24,54,100,78,186,40,4,181,105,162,24,54,200
675,391,3183,9,10,48,45,22,22,53,53,61,60,41,37,79,83,81,77,3,3,11,10,10,45,19,52,60,35,85,75,3,10,8,44,17,47,60,31,100,70,2,10,8,44,17,47,160,131,100,70,2,110
676,457,3198,88,87,92,86,71,72,34,34,15,14,68,69,63,64,73,72,84,81,68,66,85,84,70,34,13,70,65,70,78,63,93,99,62,25,11,63,58,73,83,56,93,99,162,25,11,63,58,173,83,156
677,245,3381,19,18,64,63,35,38,78,78,25,28,28,28,81,78,28,28,57,58,67,62,15,62,45,78,35,16,72,27,60,60,14,57,40,92,29,16,72,19,60,60,114,57,40,92,129,116,172,119,160,60
678,177,3264,49,52,60,65,39,40,70,70,40,42,25,20,67,69,21,20,55,55,57,60,55,72,45,72,45,14,72,18,55,70,51,75,39,75,40,13,72,18,49,67,151,175,39,75,40,113,172,18,49,167
679,488,3144,74,73,79,79,27,28,83,83,63,65,30,36,59,58,72,70,27,29,44,45,72,75,28,78,65,40,60,68,32,45,75,88,21,78,58,32,60,64,24,37,175,188,121,178,158,32,160,64,24,37
680,274,3391,35,47,72,71,28,31,68,62,40,46,33,39,28,39,37,34,45,50,3,3,52,70,35,62,52,45,45,27,52,2,35,62,29,57,54,39,34,19,44,1,135,162,129,57,54,39,34,119,144,101
681,488,3441,80,77,80,82,44,44,5,6,2,2,37,34,15,15,70,73,75,75,47,70,75,85,45,7,1,32,15,75,78,65,88,88,37,5,1,31,14,80,83,59,188,88,37,105,1,31,114,80,83,59
682,360,3336,38,38,41,38,30,32,78,82,4,3,70,72,28,27,76,77,75,70,5,5,38,35,34,85,3,75,27,78,65,5,33,28,26,97,3,86,23,92,67,4,33,28,126,97,3,86,123,92,67,4
683,1712,3416,31,28,36,54,13,13,60,70,21,22,5,5,97,92,83,80,30,45,50,54,27,52,12,72,22,5,85,85,50,50,18,42,12,68,19,4,94,94,43,38,118,42,12,68,19,4,94,194,143,138
684,579,3280,58,59,86,86,52,52,9,9,62,62,38,38,74,74,77,77,11,11,43,44,62,72,55,10,52,40,72,78,10,52,68,75,53,8,46,32,74,92,9,42,168,75,153,8,46,32,174,92,109,142
685,842,3182,13,13,50,49,43,40,69,66,76,78,2,3,86,86,46,46,39,42,5,7,14,45,35,65,85,3,85,48,45,10,14,39,35,66,96,2,90,45,41,7,14,139,35,166,196,2,90,45,41,7
686,291,3237,30,25,40,45,40,45,8,8,80,80,65,70,70,70,35,30,50,60,40,35,22,52,50,8,82,72,72,27,65,32,20,47,40,6,98,68,70,18,55,29,20,47,140,6,98,68,170,118,55,29
687,577,3035,74,70,85,81,8,9,93,93,87,87,29,24,73,74,3,3,16,17,92,90,62,75,10,95,85,22,75,3,18,85,57,85,8,95,90,21,76,2,22,98,57,85,8,195,190,21,176,2,22,198
688,369,3058,31,32,40,45,37,32,70,70,63,60,58,58,11,11,36,35,76,78,46,48,35,52,14,65,60,60,10,32,78,52,28,42,24,58,60,57,8,30,92,42,128,42,124,158,60,157,8,30,92,142
689,453,3318,62,62,88,88,78,78,69,69,27,27,28,29,59,60,78,78,48,48,81,80,55,82,72,75,27,35,63,74,50,75,49,78,75,87,22,38,56,85,40,88,49,78,175,87,122,38,156,185,140,188
690,362,3153,20,17,78,75,72,70,2,3,78,75,80,80,85,82,70,70,64,65,62,65,12,74,68,3,76,85,85,68,80,60,11,71,64,2,79,93,89,63,66,54,111,171,64,2,179,93,189,163,66,154
691,661,3270,89,87,52,52,75,75,6,7,7,7,80,80,3,3,37,35,32,28,68,68,85,55,78,10,10,82,3,32,25,72,94,62,86,7,10,78,3,29,23,75,194,62,186,7,10,78,3,29,23,75
692,527,3157,78,78,8,8,36,34,57,57,49,49,82,82,82,80,13,13,53,53,56,55,78,9,32,55,48,85,78,14,55,54,78,7,31,62,45,98,91,13,49,48,178,107,31,62,45,198,191,113,49,148
693,782,3079,70,70,27,29,75,80,65,60,65,70,27,27,42,45,10,10,12,12,70,71,72,35,85,62,75,27,52,10,12,74,74,28,100,57,86,23,48,7,8,85,174,128,100,57,86,123,48,7,108,185
694,471,3474,83,84,35,43,8,12,69,69,57,55,11,11,24,45,62,62,55,58,6,7,85,45,12,68,52,10,45,60,62,7,96,41,8,69,46,10,32,57,68,5,196,41,108,69,46,10,132,157,168,105
695,441,3109,58,54,28,28,46,48,51,51,48,52,49,49,23,19,76,76,71,71,14,13,52,28,54,52,55,52,18,75,72,12,48,26,45,54,51,42,15,88,71,12,48,26,145,54,151,142,15,188,71,12
696,451,3083,3,3,75,75,62,60,50,52,55,60,50,50,42,45,45,48,88,88,30,28,3,72,60,55,70,54,54,55,85,14,2,70,57,50,67,48,45,49,97,24,2,170,157,150,167,148,145,49,197,124
697,619,3123,92,85,52,52,28,30,53,52,55,59,86,85,26,30,81,80,18,16,83,82,75,55,34,52,60,85,35,78,14,82,85,50,26,49,54,93,38,91,24,92,85,150,126,149,154,93,38,191,124,192
698,435,3214,77,77,32,32,81,81,26,26,71,74,37,34,87,90,58,62,76,76,84,82,75,34,85,25,78,32,95,65,72,78,89,25,97,23,91,24,95,55,77,92,89,25,197,23,91,24,195,55,77,92
699,525,3295,51,52,32,36,29,22,49,51,17,17,10,10,3,3,49,49,65,66,88,87,52,40,14,54,16,10,3,50,67,85,47,32,24,45,16,10,3,38,65,93,47,32,124,145,116,10,3,138,65,93
700,277,3076,27,30,75,85,42,35,77,72,47,52,78,75,47,50,3,3,67,72,12,12,32,85,27,72,52,75,55,3,80,12,30,100,19,71,47,80,62,2,66,11,30,100,119,71,47,80,62,102,66,111
701,414,3358,87,80,1,2,85,80,60,60,81,83,76,74,31,33,68,76,38,35,56,56,75,2,78,60,85,70,35,80,32,55,79,1,91,57,88,67,29,66,30,50,79,101,191,157,88,167,129,66,30,150
702,1166,3261,40,45,7,7,80,80,30,30,70,70,27,27,30,30,25,25,30,30,7,5,55,4,78,32,85,20,45,45,45,5,51,3,78,31,90,17,39,34,37,4,151,103,178,31,90,117,39,134,37,4
703,297,3215,64,64,74,74,11,11,32,32,51,51,13,13,56,56,69,78,93,93,89,89,65,72,12,25,52,13,55,80,85,85,58,70,12,23,42,11,53,66,89,93,158,170,12,23,142,11,153,66,189,93
704,639,3043,31,32,84,84,71,73,65,66,83,84,39,41,19,18,79,78,80,78,7,7,35,85,75,68,85,45,18,78,78,7,28,97,80,63,90,37,15,91,87,5,28,97,80,163,190,137,15,191,187,5
705,359,3152,55,58,74,75,81,81,45,45,28,19,24,26,72,69,35,38,48,49,65,68,60,78,82,45,15,28,68,45,52,75,54,78,98,37,14,21,64,39,42,87,154,178,98,37,114,121,64,139,42,87
706,372,3228,69,68,79,78,65,60,63,64,38,36,58,60,25,25,41,41,63,69,59,55,60,78,55,65,35,62,22,14,68,45,64,83,52,72,35,61,20,24,69,43,164,83,52,72,35,61,20,124,69,43
707,405,3428,81,85,68,68,9,9,75,79,13,16,7,9,67,71,34,38,53,53,73,75,95,72,10,85,18,10,75,40,52,78,95,74,6,93,15,10,87,32,48,84,195,174,106,93,15,10,87,32,48,184
708,664,3235,79,80,36,51,44,47,77,76,96,95,4,5,34,34,16,15,94,90,72,72,72,65,54,68,75,7,35,14,78,72,80,55,45,64,85,5,28,13,78,69,180,55,145,64,85,5,28,113,178,169
709,596,3401,78,75,85,81,77,75,6,7,81,79,32,34,88,85,88,88,27,33,41,43,73,74,70,9,70,35,76,85,45,50,77,71,74,7,83,28,79,96,34,40,177,171,74,107,183,128,179,196,134,140
710,544,3150,63,65,61,68,58,58,36,36,29,35,71,71,54,54,14,12,79,82,77,77,72,78,55,35,42,68,52,10,85,82,71,91,53,28,36,64,42,9,93,78,71,91,153,128,36,64,142,9,93,78
711,834,3046,55,55,16,16,13,13,58,58,7,7,20,25,45,45,60,65,9,9,60,60,60,18,10,65,8,32,52,68,10,70,60,15,9,66,6,24,54,64,9,74,60,15,109,166,6,24,54,64,9,74
712,775,3142,42,40,51,58,15,14,73,73,49,45,47,49,20,20,7,5,80,76,38,45,38,62,14,70,45,52,20,5,75,50,33,61,12,73,44,50,17,4,89,38,33,61,112,173,44,50,117,104,89,138
713,824,3459,54,54,73,78,45,45,10,10,70,70,92,90,17,18,13,13,75,76,25,23,52,82,52,10,72,85,18,10,78,18,46,100,42,10,70,98,15,9,82,22,46,200,42,10,170,198,15,109,82,22
714,582,3267,90,85,5,5,22,30,39,36,78,81,26,30,46,61,86,85,12,12,31,45,84,4,35,35,82,32,60,85,12,45,99,3,38,27,93,29,60,94,13,39,99,103,38,127,193,29,160,194,13,39
715,529,3217,68,73,68,70,88,84,17,16,83,83,64,65,68,68,60,62,44,45,65,65,75,72,85,15,85,68,73,72,52,72,79,74,94,14,97,64,73,76,48,68,79,174,194,114,197,64,73,76,48,68
716,437,3338,30,30,28,28,14,14,37,37,2,42,92,92,89,89,60,60,57,57,64,64,16,22,14,42,50,85,78,62,55,78,16,15,12,36,40,88,92,52,52,91,16,115,112,36,140,88,92,152,52,91
717,754,3240,25,25,2,2,40,40,14,14,86,86,81,81,12,12,16,16,80,80,48,48,22,3,38,13,78,74,12,18,82,52,20,2,33,11,87,85,8,18,93,47,20,2,33,11,187,185,108,18,193,47
718,393,3094,33,29,18,14,7,10,60,60,30,31,40,35,73,61,3,6,59,55,70,65,35,14,12,60,45,45,60,8,55,72,30,14,8,60,32,41,60,6,52,70,130,14,108,160,132,41,60,6,52,170
719,450,3375,68,66,70,69,33,34,45,44,9,9,6,7,59,58,72,72,83,84,89,88,60,62,35,35,8,7,55,72,85,85,60,57,29,35,6,5,53,77,90,89,60,57,129,35,6,105,153,77,90,189
720,386,3084,45,55,25,25,60,70,85,85,60,60,55,65,85,90,85,75,50,53,45,12,60,27,72,85,65,68,95,72,55,12,55,22,68,90,58,56,95,72,51,12,155,122,68,90,158,56,195,172,151,12
721,349,3240,24,24,3,3,34,34,14,14,78,78,79,79,17,15,19,19,84,84,39,45,22,3,38,13,78,74,12,18,82,52,20,2,33,11,87,85,8,18,93,47,20,2,33,11,187,185,108,18,193,47
722,427,3189,29,29,79,81,38,27,8,8,88,84,67,98,43,48,62,68,61,68,45,45,28,85,22,10,85,75,52,75,70,48,26,96,21,7,88,70,41,87,67,45,26,96,21,7,88,70,141,87,167,45
723,719,3230,80,78,84,84,3,3,46,46,16,16,37,32,90,90,52,52,62,63,12,13,74,85,3,45,18,22,85,54,65,13,71,95,2,37,18,21,90,48,72,11,171,95,102,37,18,21,90,148,72,11
724,358,3276,30,30,75,78,42,45,60,62,48,50,6,4,65,66,79,79,78,81,80,82,35,82,52,65,55,3,70,78,85,85,28,98,54,59,53,3,61,87,95,100,128,98,54,59,153,3,161,187,95,100
725,599,3337,6,7,71,72,80,79,9,10,76,74,45,47,72,73,64,64,15,16,5,5,8,72,75,10,72,52,75,65,18,5,6,75,88,9,72,42,70,59,15,4,6,175,188,9,172,142,70,159,15,104
726,303,3040,75,75,24,25,45,45,38,40,50,50,75,75,30,27,28,28,85,85,9,10,78,27,45,52,55,78,22,28,82,10,81,22,44,33,52,86,20,21,92,8,181,122,44,133,52,186,120,121,192,8
727,865,3081,76,72,89,84,55,54,75,72,40,50,45,45,85,80,9,9,80,75,28,25,72,84,54,72,65,45,78,9,75,22,80,99,45,71,58,43,87,7,87,15,180,99,145,71,58,43,187,107,87,115
728,1255,3107,82,80,83,80,40,40,4,4,84,82,6,6,77,73,34,34,48,49,86,85,82,78,45,5,78,7,70,32,52,82,78,86,40,4,81,5,62,24,54,100,78,186,40,4,181,105,162,24,54,200
729,619,3176,83,80,56,56,30,32,55,55,75,75,64,64,73,73,24,22,51,51,84,82,78,55,52,54,72,62,70,19,52,75,91,52,35,45,80,52,73,17,48,89,191,52,135,145,180,152,173,17,48,89
730,379,3370,45,45,73,75,85,85,39,49,6,6,13,12,5,5,47,47,4,4,80,80,45,78,85,52,7,12,8,48,5,78,41,92,88,42,5,8,6,45,4,87,41,92,88,42,5,108,6,45,4,187
731,598,3462,30,26,35,30,12,10,58,60,48,50,60,66,73,73,38,42,73,73,40,38,22,22,10,65,52,72,72,52,72,35,21,20,10,55,42,81,75,35,70,35,21,20,10,55,42,81,175,135,170,35
732,394,3154,71,71,78,78,64,64,29,29,49,47,78,72,7,9,40,45,80,80,34,36,73,78,60,27,45,72,10,45,78,45,73,82,55,18,43,74,7,39,82,34,73,82,155,118,43,174,7,39,182,134
733,526,3390,6,5,76,75,35,34,72,80,60,60,69,70,29,32,83,82,88,72,15,15,5,78,35,85,65,75,45,85,75,16,4,82,29,89,66,76,34,94,85,16,104,182,129,189,166,176,134,194,85,16
734,736,3224,91,91,7,8,65,65,39,45,38,39,24,24,71,71,76,76,68,72,53,56,85,10,70,55,45,22,72,75,78,65,94,6,63,62,40,20,76,86,92,65,94,106,63,62,40,120,76,86,92,165
735,691,3254,57,57,45,47,10,10,82,82,87,87,8,9,28,32,67,70,54,58,85,85,70,60,10,78,85,10,35,72,65,78,62,55,10,84,89,8,29,75,72,87,162,155,110,184,189,8,129,75,72,187
736,1242,3056,32,36,29,25,22,20,48,49,47,47,81,72,95,95,83,78,65,70,5,5,40,22,18,50,50,65,95,75,74,5,32,20,22,40,43,66,95,80,85,4,32,20,22,140,143,166,195,80,185,104
737,442,3064,15,15,72,80,65,68,56,56,77,77,67,78,42,44,10,9,26,27,78,69,14,82,72,55,78,80,45,8,28,65,12,93,71,62,86,66,37,6,25,59,112,193,71,62,186,66,137,6,125,159
738,529,3401,72,72,70,70,80,75,9,9,75,73,46,38,85,82,89,85,35,37,50,50,73,74,70,9,70,35,76,85,45,50,77,71,74,7,83,28,79,96,34,40,177,171,74,107,183,128,179,196,134,140
739,655,3254,55,65,55,57,12,11,90,75,90,90,9,10,25,30,80,80,55,60,85,80,70,60,10,78,85,10,35,72,65,78,62,55,10,84,89,8,29,75,72,87,162,155,110,184,189,8,129,75,72,187
740,507,3370,36,39,75,76,82,83,35,45,8,8,11,11,10,9,40,40,6,6,90,80,45,78,85,52,7,12,8,48,5,78,41,92,88,42,5,8,6,45,4,87,41,92,88,42,5,108,6,45,4,187
741,832,3135,67,66,10,11,64,66,71,70,31,33,77,79,53,55,58,55,47,50,64,62,65,13,65,68,35,78,65,52,54,60,58,11,59,69,28,92,55,46,45,64,58,11,59,69,28,92,55,46,145,164
742,593,3440,84,83,32,33,88,88,65,65,76,75,77,76,74,74,82,81,24,24,77,77,78,40,85,65,72,70,72,78,28,78,86,32,95,72,68,73,75,84,26,91,186,32,95,72,68,173,175,184,26,91
743,424,3471,25,21,80,80,76,60,69,72,50,53,83,83,64,69,49,55,4,5,45,40,18,78,55,75,55,85,74,65,7,35,22,82,53,70,50,96,71,55,5,31,22,182,153,70,150,196,171,55,105,131
744,532,3182,12,12,32,36,30,30,70,70,85,85,4,4,83,83,34,40,38,38,6,8,14,45,35,65,85,3,85,48,45,10,14,39,35,66,96,2,90,45,41,7,14,139,35,166,196,2,90,45,41,7
745,499,3069,87,86,51,52,74,82,80,81,69,70,51,52,85,85,87,82,72,72,6,8,78,55,85,82,75,52,85,78,70,8,99,51,95,92,76,48,97,78,74,6,199,51,95,192,176,48,197,178,74,6
746,563,3109,49,50,28,28,52,53,48,50,57,56,47,50,19,19,82,77,69,70,12,12,52,28,54,52,55,52,18,75,72,12,48,26,45,54,51,42,15,88,71,12,48,26,145,54,151,142,15,188,71,12
747,574,3345,74,72,23,23,24,25,26,27,66,67,69,69,72,72,54,54,34,38,72,71,73,27,28,32,72,72,72,55,45,72,73,22,26,30,70,68,74,51,39,76,73,122,26,30,170,68,174,151,139,76
748,317,3406,65,62,9,9,72,76,85,85,8,8,86,85,42,50,88,85,90,85,81,77,60,10,78,85,10,85,55,85,85,75,57,10,91,88,8,89,46,98,94,89,157,10,91,88,8,189,146,198,94,89
749,559,3443,49,51,83,84,7,9,65,81,86,85,34,35,39,43,87,76,53,62,8,10,52,85,10,80,75,35,45,78,65,10,47,95,9,66,89,31,40,82,58,10,47,95,109,66,89,131,40,182,58,110
750,555,3498,52,52,12,12,76,76,88,86,42,37,55,51,8,8,55,58,3,3,69,88,50,12,82,85,35,52,9,60,5,85,38,11,100,90,38,47,7,55,4,96,138,111,200,90,38,147,107,155,104,96
751,400,3384,62,68,35,47,81,83,23,25,51,59,41,65,31,34,9,11,35,35,85,76,70,52,85,27,62,68,35,12,45,78,74,33,97,22,61,69,29,13,41,87,74,133,97,122,61,69,129,13,41,187
752,681,3223,74,75,26,30,5,4,57,56,80,80,77,77,82,82,84,86,67,68,62,60,80,34,3,60,78,78,82,85,70,55,66,25,2,57,87,82,93,96,63,52,66,25,2,157,187,82,193,196,63,52
753,600,3466,75,80,32,33,78,75,82,80,35,45,68,70,77,76,30,35,72,69,23,20,82,35,78,75,52,72,75,45,65,20,100,28,82,84,35,77,76,32,58,17,200,28,182,84,135,77,176,132,158,117
754,691,3483,11,11,93,90,24,24,6,7,48,50,46,40,76,74,78,77,82,80,16,16,12,82,25,10,55,27,72,75,72,14,8,100,23,6,50,19,71,89,72,13,108,200,23,106,150,119,71,89,172,113
755,302,3497,25,23,73,74,58,61,71,71,55,56,62,63,75,75,23,21,75,75,76,77,20,82,73,76,70,72,82,16,75,85,17,100,73,79,63,70,98,16,85,97,117,200,73,179,63,170,98,116,85,197
756,1217,3495,71,72,72,37,88,85,15,13,38,35,97,90,58,57,34,35,89,83,78,85,72,35,78,10,45,85,55,35,78,85,71,35,84,6,39,94,52,28,87,93,71,35,184,106,39,94,52,28,187,93
757,439,3164,29,24,78,80,32,34,77,79,31,34,85,85,29,25,51,55,40,43,63,67,19,82,35,78,32,85,22,60,45,68,17,78,27,82,30,90,20,60,43,56,17,78,127,182,30,190,120,60,43,56
758,1360,3103,23,23,65,65,30,30,5,5,75,75,10,10,60,60,25,20,33,30,70,70,28,75,45,4,78,10,65,19,28,75,21,87,43,3,81,9,58,17,26,84,121,87,43,103,181,109,58,17,26,84
759,491,3154,74,74,81,80,53,55,26,26,48,47,72,72,7,8,47,46,83,80,28,35,73,78,60,27,45,72,10,45,78,45,73,82,55,18,43,74,7,39,82,34,73,82,155,118,43,174,7,39,182,134
760,1743,3450,74,75,42,48,89,82,41,47,56,56,24,23,51,56,92,90,36,45,58,55,75,55,78,52,55,22,65,85,50,52,87,51,84,42,52,15,58,95,40,47,87,51,184,142,52,115,58,95,140,47
761,1384,3348,75,70,92,92,60,60,40,43,35,30,65,63,15,10,80,80,85,85,80,80,72,78,65,55,32,58,10,78,78,78,75,78,58,49,30,53,9,84,99,87,75,178,58,49,30,53,109,184,199,187
762,722,3467,38,40,85,85,30,32,48,50,80,77,70,70,70,65,38,40,90,85,9,11,52,82,34,52,75,70,62,45,75,12,41,92,26,46,84,74,57,39,85,8,141,192,126,46,84,74,57,39,85,108
763,1694,3395,1,1,40,40,28,30,3,3,90,95,95,90,35,35,75,80,20,20,45,48,2,52,42,3,95,75,35,85,18,52,1,33,36,2,95,89,30,95,18,50,101,133,36,2,195,89,130,95,18,50
764,550,3417,48,53,62,68,78,82,5,5,35,37,85,85,14,14,82,81,21,25,82,83,60,78,85,5,40,84,12,75,27,85,64,91,89,4,32,99,11,84,18,88,164,91,189,104,32,99,111,84,118,88
765,1400,3301,11,11,25,35,50,55,40,30,70,70,40,45,13,14,30,40,50,60,70,70,7,45,65,35,75,52,15,45,62,74,5,32,59,31,84,42,14,43,52,71,105,132,159,131,84,42,114,43,152,171
766,287,3181,55,55,60,60,10,10,14,14,25,34,65,68,75,75,60,60,75,75,12,12,55,52,9,14,45,72,78,65,78,10,50,44,7,12,34,77,92,55,83,9,150,144,107,112,34,77,92,55,83,9
767,346,3478,5,5,36,36,42,42,68,68,67,75,55,55,8,8,54,54,68,68,78,78,5,52,35,60,75,52,10,55,73,82,4,33,28,57,86,46,10,46,73,98,4,133,128,157,86,46,10,146,73,98
768,351,3036,12,12,28,28,75,80,77,73,31,31,12,12,47,50,37,41,65,65,38,47,12,27,85,73,27,12,54,45,74,52,12,18,97,73,22,13,48,39,71,35,12,118,97,73,122,13,148,139,171,135
769,479,3451,78,78,70,71,76,76,2,2,65,68,21,21,72,75,34,44,64,64,80,83,78,72,75,2,72,22,78,50,65,85,81,71,86,1,81,20,83,43,59,97,181,71,86,101,81,20,83,143,159,197
770,961,3057,23,24,65,59,72,65,84,73,68,84,33,37,5,7,37,45,47,35,43,55,25,52,73,78,72,54,3,52,27,62,23,54,77,83,69,48,2,35,22,68,23,54,177,83,169,148,102,135,122,168
771,1053,3249,11,10,28,31,8,8,40,60,28,33,65,62,45,49,40,37,46,50,90,80,10,35,8,63,35,62,52,35,52,78,7,38,6,56,29,52,47,30,46,78,7,38,6,156,129,152,147,130,46,178
772,902,3198,84,84,86,85,70,70,28,31,16,14,63,68,60,63,74,72,78,78,65,64,85,84,70,34,13,70,65,70,78,63,93,99,62,25,11,63,58,73,83,56,93,99,162,25,11,63,58,173,83,156
773,606,3216,68,68,20,16,50,53,85,90,32,32,90,85,28,27,21,25,80,79,67,67,65,13,55,95,35,78,25,27,78,70,59,11,52,95,38,99,23,22,78,62,159,11,52,195,38,199,23,122,178,162
774,520,3216,59,60,17,15,55,55,85,90,32,32,85,80,27,27,20,22,84,80,43,60,65,13,55,95,35,78,25,27,78,70,59,11,52,95,38,99,23,22,78,62,159,11,52,195,38,199,23,122,178,162
775,440,3498,36,39,20,18,85,85,90,87,40,37,48,50,10,10,48,55,6,5,76,80,50,12,82,85,35,52,9,60,5,85,38,11,100,90,38,47,7,55,4,96,138,111,200,90,38,147,107,155,104,96
776,659,3370,36,40,72,75,81,83,48,50,6,6,12,12,8,8,38,42,3,4,85,80,45,78,85,52,7,12,8,48,5,78,41,92,88,42,5,8,6,45,4,87,41,92,88,42,5,108,6,45,4,187
777,841,3356,62,68,32,38,32,28,58,62,22,28,72,78,34,39,70,75,48,52,60,66,75,52,22,65,28,78,52,70,52,68,70,35,21,58,25,82,33,73,47,63,70,135,21,58,125,82,133,173,47,163
778,605,3229,72,70,71,71,71,73,12,12,52,54,27,24,75,74,51,66,83,83,21,25,72,73,78,12,58,22,75,68,85,27,76,77,91,8,53,21,87,69,100,19,76,177,191,108,53,21,87,69,100,119
779,655,3450,72,72,57,57,82,82,45,45,57,57,28,25,56,58,87,87,37,44,41,51,75,55,78,52,55,22,65,85,50,52,87,51,84,42,52,15,58,95,40,47,87,51,184,142,52,115,58,95,140,47
780,431,3270,82,83,45,52,72,74,8,8,7,8,82,82,2,2,35,30,30,27,75,75,85,55,78,10,10,82,3,32,25,72,94,62,86,7,10,78,3,29,23,75,194,62,186,7,10,78,3,29,23,75
781,230,3189,31,29,70,77,25,22,10,10,89,85,76,73,38,44,59,65,59,62,45,44,28,85,22,10,85,75,52,75,70,48,26,96,21,7,88,70,41,87,67,45,26,96,21,7,88,70,141,87,167,45
782,1041,3228,48,54,74,75,56,54,55,58,42,38,64,64,22,22,28,19,62,64,40,42,60,78,55,65,35,62,22,14,68,45,64,83,52,72,35,61,20,24,69,43,164,83,52,72,35,61,20,124,69,43
783,1600,3380,73,65,22,16,85,89,47,52,25,25,30,42,60,65,13,14,58,60,60,55,63,13,95,55,22,45,65,14,60,54,56,11,95,51,20,37,72,12,57,48,156,11,195,51,120,137,72,112,157,148
784,473,3031,60,65,45,55,52,62,60,75,45,52,38,19,34,27,50,55,62,70,13,14,65,55,62,75,52,19,27,55,70,14,66,62,52,87,47,17,19,46,83,14,166,62,152,87,147,17,119,146,183,14
785,772,3496,47,47,10,10,55,62,40,48,78,78,90,90,72,75,52,52,88,87,77,76,45,10,65,50,76,85,78,55,85,74,37,10,55,38,79,97,82,46,100,85,37,10,55,138,179,97,82,146,100,185
786,701,3126,60,65,34,36,24,21,38,49,77,76,83,79,25,30,26,27,81,78,39,42,67,38,18,52,75,75,35,28,75,45,65,33,22,47,85,89,29,25,84,43,65,33,22,147,85,89,129,125,84,43
787,614,3158,49,53,76,79,62,68,13,13,36,39,54,56,31,28,39,46,77,81,82,83,55,84,72,13,45,60,27,50,85,85,53,99,76,11,37,54,19,40,88,90,153,99,76,11,137,154,119,140,88,190
788,348,3119,77,77,36,36,46,60,17,18,16,15,25,26,75,75,81,80,68,68,17,17,75,35,65,18,14,28,75,75,68,16,87,38,55,15,14,25,86,88,69,16,87,38,55,15,14,125,86,188,69,16
789,436,3322,82,80,87,87,37,37,45,50,69,66,65,66,85,80,50,50,18,18,39,43,75,78,35,55,65,68,78,52,18,45,88,82,30,50,67,56,81,48,18,36,188,182,130,150,67,56,181,48,18,136
790,485,3172,18,20,70,68,80,78,24,25,12,11,64,67,76,74,30,26,36,43,85,86,18,72,75,27,12,72,73,22,52,85,15,70,80,18,12,81,73,20,35,93,15,170,80,118,12,81,73,120,135,93
791,946,3464,82,80,74,73,30,40,69,67,60,63,90,93,59,56,48,53,65,69,31,31,78,72,45,67,65,95,54,54,70,32,87,70,34,65,59,95,48,45,62,31,187,170,134,65,59,195,148,145,162,31
792,377,3010,69,73,85,85,24,23,26,22,41,39,6,7,87,85,71,71,16,16,63,69,78,85,22,20,35,9,75,72,16,75,91,100,20,17,38,7,85,68,16,86,91,100,20,117,38,107,85,68,16,86
793,701,3036,12,12,25,26,89,89,76,73,27,27,7,10,57,55,34,34,77,74,32,45,12,27,85,73,27,12,54,45,74,52,12,18,97,73,22,13,48,39,71,35,12,118,97,73,122,13,148,139,171,135
794,338,3192,4,5,39,40,74,55,40,44,33,33,76,70,83,85,36,36,78,78,50,47,7,45,55,45,35,70,85,40,78,45,5,34,52,36,38,67,96,32,92,43,105,134,52,136,38,167,96,32,92,43
795,752,3265,53,53,32,32,12,12,25,28,17,17,88,88,70,70,30,30,37,40,65,70,52,34,12,34,18,78,72,28,45,73,46,26,13,25,15,99,74,26,40,73,46,126,13,25,15,199,174,26,40,73
796,788,3208,85,80,75,72,53,60,56,60,32,24,74,72,78,80,23,22,72,75,70,78,75,72,65,62,22,72,78,22,78,78,89,71,58,68,21,72,92,15,81,82,89,71,58,168,21,172,92,115,181,182
797,586,3194,64,65,11,11,14,15,76,76,27,27,39,39,68,72,22,20,79,79,46,45,70,10,20,75,27,35,75,14,78,42,63,8,17,85,22,31,84,13,87,36,63,8,117,85,122,131,84,113,187,36
798,461,3047,20,23,79,82,77,77,75,72,32,32,61,62,48,49,42,43,51,48,73,72,25,85,78,72,32,65,52,45,45,70,23,96,84,72,30,66,41,34,44,73,23,96,184,172,30,166,141,34,44,173
799,777,3051,36,36,6,6,62,62,34,34,12,12,70,70,56,56,25,30,25,25,42,42,35,5,63,52,15,72,52,35,22,40,28,4,56,41,14,72,42,28,20,32,28,104,156,141,114,172,142,128,120,32
800,650,3055,3,3,42,40,66,68,47,52,19,19,38,38,70,70,64,64,62,62,25,26,3,45,78,65,25,45,78,60,70,27,2,37,82,58,23,40,87,54,67,19,102,37,182,58,23,40,187,154,167,119
801,793,3241,22,22,32,32,75,75,36,30,68,75,76,77,51,51,48,50,76,74,45,45,22,35,72,28,78,78,52,52,72,45,20,28,75,26,91,84,47,54,71,39,20,128,75,26,91,184,147,54,71,39
802,356,3296,22,20,14,14,15,15,26,29,1,1,70,70,90,88,69,65,30,35,45,45,18,14,14,32,1,65,85,60,40,45,22,12,14,27,1,66,98,64,32,37,22,112,14,27,1,166,198,164,32,137
803,476,3249,6,8,29,34,6,7,56,60,38,36,56,60,57,55,49,42,53,53,73,76,10,35,8,63,35,62,52,35,52,78,7,38,6,56,29,52,47,30,46,78,7,38,6,156,129,152,147,130,46,178
804,709,3117,28,28,55,55,74,75,83,82,50,52,73,74,85,85,35,35,48,49,88,85,28,54,78,78,55,74,85,35,58,84,26,48,87,82,52,71,95,29,53,99,26,148,187,82,52,171,95,129,53,99
805,398,3185,84,83,38,35,36,40,24,26,30,31,45,46,21,18,78,76,80,80,44,46,75,32,45,28,34,52,15,72,78,52,88,31,36,21,25,47,14,75,86,48,188,31,136,121,25,147,114,75,186,48
806,1290,3115,78,78,10,10,26,26,3,3,46,50,31,33,45,46,74,74,78,78,82,80,78,10,27,3,58,34,48,72,75,75,87,7,18,3,53,25,45,77,88,85,187,7,118,3,53,25,45,77,188,85
807,399,3314,47,47,34,34,39,39,73,76,61,61,58,58,73,75,64,64,38,36,72,70,52,52,35,82,62,55,78,60,35,62,42,35,29,92,52,51,86,60,28,57,142,135,129,192,152,151,186,60,28,57
808,497,3439,32,34,2,2,36,39,80,78,35,31,42,43,50,50,77,75,38,39,39,37,35,1,45,68,22,50,55,72,45,32,31,1,39,64,21,40,51,77,36,31,131,1,139,64,21,140,51,77,136,31
809,396,3083,3,3,65,65,51,51,45,45,56,67,51,51,38,51,54,54,76,77,26,26,3,72,60,55,70,54,54,55,85,14,2,70,57,50,67,48,45,49,97,24,2,170,157,150,167,148,145,49,197,124
810,456,3218,32,33,79,83,68,72,30,36,52,52,13,13,73,74,38,42,74,76,3,2,34,85,74,52,52,14,75,52,78,1,26,96,85,35,46,14,84,54,92,1,126,96,185,135,46,14,84,54,92,1
811,239,3459,58,55,85,85,40,45,10,10,65,68,90,90,17,18,10,10,85,80,26,22,52,82,52,10,72,85,18,10,78,18,46,100,42,10,70,98,15,9,82,22,46,200,42,10,170,198,15,109,82,22
812,710,3052,72,74,88,82,71,71,64,67,75,75,1,2,3,3,28,32,92,90,42,55,78,78,75,70,75,2,3,35,85,60,83,99,87,73,80,1,2,29,89,60,83,199,87,173,80,101,2,129,189,160
813,312,3075,70,70,72,70,53,52,31,27,42,45,55,45,61,55,82,85,78,70,72,72,70,70,52,18,45,45,52,85,65,72,63,83,41,22,41,44,50,97,59,68,63,183,141,22,41,44,50,197,59,68
814,1019,3035,72,60,80,80,9,10,85,92,78,82,29,26,75,75,3,3,21,21,98,92,62,75,10,95,85,22,75,3,18,85,57,85,8,95,90,21,76,2,22,98,57,85,8,195,190,21,176,2,22,198
815,510,3296,18,18,18,16,12,13,25,27,1,1,63,65,90,90,56,60,35,38,45,45,18,14,14,32,1,65,85,60,40,45,22,12,14,27,1,66,98,64,32,37,22,112,14,27,1,166,198,164,32,137
816,555,3042,67,67,51,51,76,75,34,34,33,33,56,56,81,81,26,26,12,12,79,78,68,52,70,25,32,55,75,28,14,72,69,41,62,23,24,51,85,25,12,75,69,141,162,23,24,51,85,125,112,75
817,744,3420,80,80,83,75,78,69,45,45,20,25,30,30,80,80,79,70,30,28,17,17,82,72,65,50,27,32,78,68,27,16,98,71,72,43,22,27,92,56,19,16,98,71,72,143,122,27,92,56,119,16
818,327,3013,72,72,36,32,52,52,83,80,86,85,8,8,26,24,62,65,82,75,30,32,72,28,52,75,75,8,20,68,72,34,75,26,49,70,88,6,17,63,74,25,175,26,149,70,188,6,117,163,174,25
819,471,3499,31,23,33,43,78,75,67,64,30,24,66,53,80,80,20,23,93,93,25,33,22,52,73,65,22,55,78,22,95,32,20,41,73,58,21,62,82,15,95,29,120,141,73,58,21,62,82,115,195,29
820,554,3134,54,54,19,19,58,58,79,79,61,59,80,78,37,35,49,49,37,37,50,50,52,28,60,78,54,75,22,45,35,48,44,25,54,78,48,88,21,39,28,45,144,125,154,178,148,188,21,39,28,45
821,717,3454,64,68,68,70,9,9,68,70,50,50,35,32,68,68,15,15,63,65,27,32,75,78,9,78,52,22,72,16,78,35,76,86,7,82,44,21,72,16,91,31,176,186,107,82,144,21,172,16,91,131
822,538,3090,80,80,20,17,80,80,65,65,24,25,60,65,50,50,70,70,18,19,80,79,75,15,72,63,27,68,52,70,20,78,86,14,81,56,23,56,47,63,17,91,86,114,81,156,123,56,47,63,117,191
823,561,3481,30,32,35,39,38,30,55,60,58,58,32,32,62,75,30,30,67,70,64,64,34,42,22,72,60,32,85,27,78,65,26,36,15,76,64,27,90,18,82,66,126,36,115,76,164,27,90,118,82,166
824,381,3388,36,37,34,33,30,31,6,5,74,76,79,77,70,74,31,37,80,78,18,18,38,32,32,4,78,72,75,45,75,18,33,31,30,3,91,81,87,34,89,15,33,31,30,103,91,81,87,134,89,15
825,752,3114,59,55,16,15,63,60,73,78,9,10,14,12,38,43,3,2,62,62,68,72,55,14,60,78,10,12,45,1,63,72,52,14,55,83,9,11,44,1,56,81,52,14,155,83,109,111,44,1,156,81
826,527,3075,72,71,74,73,41,48,20,19,38,43,46,45,58,53,84,85,67,66,70,72,70,70,52,18,45,45,52,85,65,72,63,83,41,22,41,44,50,97,59,68,63,183,141,22,41,44,50,197,59,68
827,573,3239,54,59,69,71,82,79,35,35,24,24,10,11,71,71,94,94,74,74,31,29,65,74,75,45,22,12,70,95,75,27,55,71,79,32,15,8,74,95,86,22,55,171,79,132,115,108,74,195,86,122
828,447,3221,35,35,80,79,85,85,30,30,75,72,41,38,83,78,62,69,88,88,48,55,35,78,72,27,65,27,73,78,85,58,28,83,75,23,72,19,73,91,96,53,28,83,75,123,72,119,73,91,196,53
829,664,3180,75,75,10,10,80,78,3,3,58,60,68,72,26,28,40,52,62,58,14,15,75,10,78,3,72,75,32,55,58,16,76,9,82,2,76,86,27,46,53,16,176,109,182,2,76,86,27,146,53,16
830,308,3082,85,85,35,35,65,67,27,27,45,53,88,85,75,74,13,14,4,5,40,45,85,35,72,27,62,85,72,14,5,52,90,38,70,23,52,96,72,12,4,42,90,38,170,123,152,196,172,112,4,42
831,1167,3496,60,47,8,9,55,60,40,45,85,80,80,83,80,80,50,54,80,83,70,74,45,10,65,50,76,85,78,55,85,74,37,10,55,38,79,97,82,46,100,85,37,10,55,138,179,97,82,146,100,185
832,362,3160,40,65,50,60,20,16,50,70,70,72,5,1,30,52,16,13,50,62,60,78,65,60,16,68,72,1,52,13,62,78,65,60,16,63,72,1,42,11,57,82,165,160,16,163,172,1,142,11,57,182
833,393,3400,95,93,88,86,75,72,28,28,8,7,40,38,68,68,75,75,54,54,83,83,85,82,68,28,5,35,72,75,52,78,90,78,64,21,4,35,81,76,42,78,90,78,64,121,104,35,81,176,142,178
834,904,3123,78,76,42,48,39,37,60,55,52,55,78,79,34,35,80,77,35,20,82,82,75,55,34,52,60,85,35,78,14,82,85,50,26,49,54,93,38,91,24,92,85,150,126,149,154,93,38,191,124,192
835,407,3270,82,80,42,43,74,75,7,8,8,8,80,80,2,2,27,27,20,21,78,75,85,55,78,10,10,82,3,32,25,72,94,62,86,7,10,78,3,29,23,75,194,62,186,7,10,78,3,29,23,75
836,573,3177,21,30,72,70,54,54,77,75,8,11,40,50,6,6,71,71,38,40,9,9,32,68,54,73,12,55,7,70,40,10,27,56,45,73,13,49,5,63,32,9,27,56,145,73,13,49,5,63,32,9
837,862,3462,35,25,28,25,12,10,43,45,45,47,60,65,65,68,35,50,70,70,35,35,22,22,10,65,52,72,72,52,72,35,21,20,10,55,42,81,75,35,70,35,21,20,10,55,42,81,175,135,170,35
838,564,3473,80,78,45,45,37,37,30,30,88,88,90,90,85,85,15,15,83,80,58,60,75,45,40,35,85,85,85,18,78,65,88,43,32,27,97,94,96,15,78,55,188,43,32,127,197,194,96,15,178,55
839,844,3023,40,36,38,36,62,65,8,10,85,85,16,25,70,70,80,78,80,79,82,80,34,35,65,10,85,28,70,75,78,78,25,28,66,6,94,21,73,89,87,78,25,128,166,106,94,121,173,89,187,178
840,479,3004,88,74,59,59,63,53,40,43,1,1,33,34,42,43,52,52,72,73,84,79,72,58,52,45,1,40,45,50,75,74,70,53,50,40,1,32,37,40,87,71,170,53,50,40,1,32,37,140,87,171
841,429,3495,70,71,39,35,78,78,8,9,50,48,85,85,58,57,29,31,81,80,88,88,72,35,78,10,45,85,55,35,78,85,71,35,84,6,39,94,52,28,87,93,71,35,184,106,39,94,52,28,187,93
842,281,3468,73,74,73,70,52,52,17,17,31,32,47,52,70,72,30,39,66,65,68,68,76,68,52,16,32,54,73,45,65,68,79,63,54,16,30,48,73,34,59,56,179,163,54,16,30,148,73,34,159,56
843,468,3098,40,45,80,80,35,38,12,12,69,69,29,30,27,22,88,85,17,19,94,90,55,75,45,12,70,35,18,75,25,75,49,76,37,13,63,29,22,79,23,89,49,176,137,13,63,129,22,79,23,89
844,773,3418,42,50,45,47,64,64,22,18,37,34,72,73,12,13,21,19,33,33,84,82,52,55,65,12,35,75,14,18,35,75,42,62,59,11,31,70,14,22,38,86,142,62,59,111,131,70,14,22,38,86
845,453,3179,76,76,68,68,23,22,51,50,4,4,18,21,17,16,49,51,58,58,33,33,78,85,19,45,4,28,12,62,60,32,86,96,17,44,3,25,11,61,60,24,186,96,17,44,103,125,111,61,160,24
846,441,3387,68,65,73,73,51,53,44,48,57,60,13,13,33,30,10,10,42,47,58,58,60,72,55,52,65,14,27,10,52,65,60,71,52,47,58,12,19,9,41,55,60,71,52,47,58,112,119,9,141,55
847,605,3127,80,82,56,54,82,87,39,35,32,35,29,26,66,70,35,48,58,58,62,65,82,54,85,32,35,28,80,52,65,65,78,48,97,31,28,21,66,33,72,65,78,148,97,31,28,121,66,133,72,165
848,1412,3391,42,47,58,63,39,39,70,66,50,50,55,49,39,42,35,30,60,54,4,3,52,70,35,62,52,45,45,27,52,2,35,62,29,57,54,39,34,19,44,1,135,162,129,57,54,39,34,119,144,101
849,832,3296,31,25,13,13,9,11,34,34,1,1,65,65,94,94,61,61,44,43,61,58,18,14,14,32,1,65,85,60,40,45,22,12,14,27,1,66,98,64,32,37,22,112,14,27,1,166,198,164,32,137
850,875,3391,39,41,55,67,22,24,77,65,56,53,40,43,30,39,21,26,58,53,2,2,52,70,35,62,52,45,45,27,52,2,35,62,29,57,54,39,34,19,44,1,135,162,129,57,54,39,34,119,144,101
851,441,3304,62,68,29,25,40,45,82,78,40,48,74,72,21,29,86,85,83,82,5,4,72,14,54,78,55,72,35,85,82,4,69,24,45,78,51,72,27,93,98,3,169,124,145,178,51,172,127,93,98,103
852,798,3088,45,48,23,21,82,80,87,84,72,72,25,23,27,29,82,78,42,45,25,23,52,16,82,85,75,18,32,75,60,22,54,16,100,94,80,22,29,89,60,15,54,116,200,94,80,22,29,89,160,115
853,1055,3355,4,5,69,69,15,15,24,24,63,62,82,80,87,87,16,17,55,55,87,87,7,75,18,28,60,72,82,27,52,85,5,86,18,26,57,72,100,19,50,96,105,86,18,26,157,172,200,119,50,196
854,759,3025,57,57,25,25,64,67,52,53,28,27,64,64,73,73,78,78,17,22,58,58,45,22,70,60,22,60,72,85,25,54,44,15,63,60,20,54,72,96,23,48,44,115,63,160,120,154,172,196,23,148
855,553,3295,49,50,37,37,15,14,55,53,16,16,6,8,2,2,48,48,65,65,88,86,52,40,14,54,16,10,3,50,67,85,47,32,24,45,16,10,3,38,65,93,47,32,124,145,116,10,3,138,65,93
856,369,3231,43,45,8,9,69,69,70,72,83,80,56,56,82,82,43,43,2,2,38,40,45,9,60,72,76,45,85,50,3,45,41,7,54,76,79,37,90,43,2,43,41,107,154,76,179,37,90,143,2,43
857,686,3026,64,71,54,58,69,68,51,54,49,49,7,7,63,62,27,30,28,28,32,36,74,67,68,60,55,7,62,32,27,45,71,65,63,64,49,5,61,29,23,40,171,65,163,164,49,105,61,29,123,40
858,662,3019,28,30,10,10,13,12,40,42,45,40,6,6,76,76,45,47,66,65,56,53,35,9,10,50,35,5,73,52,63,45,29,7,10,43,35,4,77,54,56,44,129,107,110,143,35,104,177,54,156,44
859,649,3271,8,9,68,65,15,15,72,70,48,52,80,80,44,46,53,53,71,71,79,79,10,60,14,68,52,78,52,52,72,85,8,54,14,64,48,78,33,42,77,96,8,154,14,64,48,178,133,142,77,96
860,602,3222,8,9,65,66,54,60,57,58,60,82,43,49,37,36,64,73,15,24,32,40,10,68,65,60,85,50,35,78,28,45,7,64,58,57,90,43,31,81,21,43,7,64,58,157,90,143,131,181,121,43
861,337,3457,21,21,15,15,57,59,68,68,26,26,8,9,82,78,34,34,86,86,76,74,22,14,62,68,28,10,75,35,75,72,19,12,52,69,21,9,86,28,85,75,19,112,152,69,121,9,86,28,85,175
862,264,3426,63,64,75,79,36,41,23,17,2,4,46,45,57,61,34,49,23,22,25,20,65,82,45,15,5,45,63,52,22,18,66,92,41,14,4,37,56,35,19,15,166,192,41,114,104,137,156,135,19,15
863,622,3049,13,12,77,77,28,25,75,75,28,32,80,82,31,29,66,66,24,23,38,41,10,76,22,75,34,85,27,70,22,45,9,79,19,86,26,90,19,63,20,41,9,179,19,86,126,90,119,63,20,41
864,238,3008,15,13,26,26,24,24,28,30,64,62,65,65,78,82,40,43,75,76,90,85,10,22,22,35,62,65,84,45,78,82,9,15,20,31,61,72,99,41,81,98,109,115,20,131,61,72,99,41,181,98
865,436,3180,87,82,9,9,87,84,2,2,65,67,59,66,23,27,46,47,48,52,23,18,75,10,78,3,72,75,32,55,58,16,76,9,82,2,76,86,27,46,53,16,176,109,182,2,76,86,27,146,53,16
866,485,3491,40,38,6,8,50,50,65,65,40,40,60,62,85,85,4,4,28,27,32,38,28,12,45,65,42,65,85,5,22,45,26,13,44,67,36,59,97,4,20,34,26,13,44,67,36,159,197,4,120,34
867,591,3215,72,68,68,70,14,13,25,25,42,52,10,12,34,50,65,72,100,95,85,85,65,72,12,25,52,13,55,80,85,85,58,70,12,23,42,11,53,66,89,93,158,170,12,23,142,11,153,66,189,93
868,283,3288,30,30,45,50,72,72,45,45,35,50,40,48,38,38,55,55,37,37,40,40,34,60,75,52,55,52,45,60,35,45,26,55,84,50,49,47,41,57,28,36,126,155,84,50,49,47,41,157,28,136
869,516,3076,31,31,85,85,33,30,75,73,46,48,78,77,49,51,2,3,72,75,12,12,32,85,27,72,52,75,55,3,80,12,30,100,19,71,47,80,62,2,66,11,30,100,119,71,47,80,62,102,66,111
870,648,3009,22,22,3,4,19,19,65,68,45,50,8,8,80,80,50,60,85,85,19,19,19,5,18,70,52,9,82,65,85,20,17,4,15,74,41,7,100,58,100,17,17,4,15,74,141,107,200,158,100,117
871,332,3114,50,50,14,14,46,49,73,74,11,11,16,15,47,46,3,2,50,53,70,73,55,14,60,78,10,12,45,1,63,72,52,14,55,83,9,11,44,1,56,81,52,14,155,83,109,111,44,1,156,81
872,345,3018,45,45,8,8,47,48,38,37,12,12,22,20,16,18,80,78,60,60,50,50,45,10,54,35,12,18,20,75,55,52,39,6,45,38,8,22,17,84,52,42,39,106,145,38,108,22,117,84,52,142
873,392,3078,78,78,16,15,82,80,40,45,4,5,72,72,55,53,67,66,50,54,20,18,78,15,76,52,5,72,52,65,58,16,86,14,79,50,4,81,49,58,53,16,186,114,179,50,4,81,149,158,53,116
874,611,3463,38,35,30,38,88,85,78,77,56,58,62,61,57,59,24,28,78,76,14,14,32,45,82,76,60,60,65,32,75,14,31,34,98,79,64,54,58,27,84,14,31,134,98,179,164,154,58,27,84,14
875,776,3278,7,7,60,59,40,39,60,60,50,48,70,71,65,68,35,40,60,63,55,53,7,58,38,60,45,72,70,45,65,52,5,53,33,55,44,74,67,34,58,42,105,53,33,155,44,174,167,134,158,42
876,870,3266,76,76,3,3,87,87,42,40,85,82,33,40,11,12,5,5,14,12,95,99,70,3,82,35,75,50,13,5,10,95,74,3,98,28,84,40,11,4,10,95,74,3,98,128,84,140,11,4,110,195
877,854,3078,82,75,30,25,85,80,50,50,5,5,75,70,42,45,45,50,45,45,25,20,78,15,76,52,5,72,52,65,58,16,86,14,79,50,4,81,49,58,53,16,186,114,179,50,4,81,149,158,53,116
878,522,3477,47,46,75,76,84,84,36,42,72,73,68,69,32,30,45,45,58,57,74,74,52,78,85,52,78,70,27,45,52,75,42,92,95,42,78,73,19,44,49,86,142,92,95,42,178,173,119,44,149,86
879,546,3150,70,70,75,75,40,40,25,30,35,35,77,72,40,45,12,10,90,85,80,80,72,78,55,35,42,68,52,10,85,82,71,91,53,28,36,64,42,9,93,78,71,91,153,128,36,64,142,9,93,78
880,367,3260,91,88,34,34,39,39,27,27,79,79,83,83,44,44,26,26,30,30,52,52,75,35,25,27,72,78,52,28,22,55,85,28,23,19,72,82,42,21,20,62,85,128,23,119,172,182,142,121,120,62
881,326,3328,65,68,46,48,48,51,62,64,75,77,71,71,32,33,37,38,81,81,71,72,75,58,60,72,82,72,48,45,82,73,86,53,54,68,100,72,45,37,92,73,86,53,154,68,200,172,45,37,192,73
882,384,3296,19,18,15,14,13,14,25,30,1,1,65,65,90,85,65,60,35,40,50,45,18,14,14,32,1,65,85,60,40,45,22,12,14,27,1,66,98,64,32,37,22,112,14,27,1,166,198,164,32,137
883,590,3227,63,63,57,57,74,74,31,31,11,11,70,70,75,72,48,48,87,87,19,19,70,65,82,45,10,68,72,62,85,12,67,65,78,39,9,64,70,52,98,11,167,165,78,139,109,64,170,152,198,111
884,642,3015,48,51,21,18,45,45,34,37,77,72,78,78,67,69,46,50,48,52,77,82,52,16,45,40,67,75,70,52,55,85,42,16,43,32,65,89,67,54,51,93,142,116,43,32,65,89,167,54,51,93
885,282,3035,59,59,67,69,10,10,80,90,80,80,20,20,70,70,5,5,18,18,75,80,62,75,10,95,85,22,75,3,18,85,57,85,8,95,90,21,76,2,22,98,57,85,8,195,190,21,176,2,22,198
886,753,3352,85,85,73,70,65,58,35,35,10,10,40,42,84,80,22,40,80,74,29,30,85,65,60,35,10,50,78,52,75,34,97,58,54,28,9,38,82,35,84,26,197,158,154,28,9,138,82,135,84,126
887,523,3235,78,76,69,68,63,58,74,71,90,90,5,5,33,34,17,15,89,85,81,79,72,65,54,68,75,7,35,14,78,72,80,55,45,64,85,5,28,13,78,69,180,55,145,64,85,5,28,113,178,169
888,267,3446,55,57,12,10,65,57,55,70,60,65,55,55,20,24,65,85,80,75,70,65,60,10,55,70,68,52,25,85,74,62,55,9,51,61,64,44,23,96,71,61,155,9,151,161,64,144,23,196,171,61
889,751,3343,76,76,54,54,38,30,35,35,62,58,55,58,48,48,58,62,25,21,32,32,73,54,22,32,52,62,45,65,19,35,77,45,19,29,46,61,44,55,17,28,177,145,19,29,46,61,44,55,17,28
890,288,3322,83,81,79,79,48,45,51,52,64,64,69,69,87,81,49,50,19,19,47,47,75,78,35,55,65,68,78,52,18,45,88,82,30,50,67,56,81,48,18,36,188,182,130,150,67,56,181,48,18,136
891,947,3242,65,65,75,75,45,45,77,80,25,25,84,84,73,73,64,66,10,10,67,67,70,78,48,84,20,85,75,72,8,73,74,78,45,99,17,97,87,76,6,77,74,178,45,99,117,197,87,76,6,177
892,350,3005,82,78,53,52,34,28,29,28,97,92,19,17,18,23,78,65,6,4,45,38,70,58,52,22,85,14,25,78,3,52,73,53,35,21,94,12,23,78,2,48,173,53,135,21,94,112,23,178,102,48
893,529,3178,5,5,47,50,3,3,58,69,46,56,42,37,25,27,46,48,76,75,6,7,4,52,3,72,62,35,28,52,75,9,3,44,2,68,68,27,26,49,80,7,103,144,2,68,168,127,26,149,80,107
894,418,3408,83,80,45,45,15,14,65,65,93,90,6,7,63,65,80,80,90,90,32,34,75,45,12,52,84,9,68,75,85,38,80,39,11,49,99,7,56,84,94,33,80,39,111,149,99,107,56,84,94,33
895,439,3213,30,32,67,70,8,10,51,51,58,60,70,68,8,8,30,32,85,85,95,95,35,70,12,52,68,65,10,34,85,95,27,74,12,46,69,59,9,26,96,95,127,74,12,46,69,59,9,126,196,195
896,559,3348,76,71,85,80,55,64,55,54,48,40,60,57,12,11,82,80,85,80,85,80,72,78,65,55,32,58,10,78,78,78,75,78,58,49,30,53,9,84,99,87,75,178,58,49,30,53,109,184,199,187
897,555,3265,62,59,31,32,11,11,29,31,19,19,91,83,75,74,33,32,42,43,70,71,52,34,12,34,18,78,72,28,45,73,46,26,13,25,15,99,74,26,40,73,46,126,13,25,15,199,174,26,40,73
898,808,3107,78,80,75,76,38,42,6,5,86,83,7,7,69,69,28,30,43,46,84,84,82,78,45,5,78,7,70,32,52,82,78,86,40,4,81,5,62,24,54,100,78,186,40,4,181,105,162,24,54,200
899,413,3029,41,41,79,79,32,32,8,8,77,77,85,85,48,48,13,13,22,20,61,61,35,72,27,9,74,85,52,14,18,62,27,74,18,7,85,96,42,12,22,52,127,174,118,107,185,196,42,112,22,152
900,607,3370,42,42,80,79,92,88,34,37,5,6,13,12,11,10,44,44,3,5,90,88,45,78,85,52,7,12,8,48,5,78,41,92,88,42,5,8,6,45,4,87,41,92,88,42,5,108,6,45,4,187
901,1597,3419,56,56,78,76,63,63,29,30,3,3,40,42,84,84,52,52,57,57,80,80,58,75,68,32,3,50,85,62,60,78,53,76,69,29,3,43,95,52,60,82,53,176,69,29,3,143,95,152,60,182
902,562,3124,54,58,44,41,85,85,78,75,5,5,90,87,29,22,62,68,75,78,57,56,60,35,85,72,5,85,14,75,85,55,57,31,90,80,4,97,24,70,96,62,157,131,190,180,4,197,124,70,96,62
903,372,3480,46,48,76,77,60,62,63,64,74,74,82,82,86,86,17,15,55,55,67,68,58,85,70,65,72,85,85,13,54,75,53,97,63,67,72,95,90,11,48,80,53,97,63,67,172,95,190,11,148,80
904,768,3229,65,70,72,72,86,85,15,14,60,57,29,25,73,73,61,64,84,84,20,23,72,73,78,12,58,22,75,68,85,27,76,77,91,8,53,21,87,69,100,19,76,177,191,108,53,21,87,69,100,119
905,243,3223,80,80,38,32,4,3,56,58,82,78,80,75,82,80,78,83,62,65,54,55,80,34,3,60,78,78,82,85,70,55,66,25,2,57,87,82,93,96,63,52,66,25,2,157,187,82,193,196,63,52
906,548,3328,78,76,48,55,72,64,74,73,86,84,86,76,35,45,36,42,89,85,81,75,75,58,60,72,82,72,48,45,82,73,86,53,54,68,100,72,45,37,92,73,86,53,154,68,200,172,45,37,192,73
907,897,3273,2,3,32,33,89,80,77,75,71,71,24,20,65,66,5,5,67,64,1,1,3,35,78,72,70,14,68,4,60,1,3,27,84,77,74,24,63,3,64,1,3,127,184,77,74,124,163,103,164,1
908,461,3435,55,59,39,46,72,72,42,48,10,10,28,28,24,23,6,5,64,64,76,77,62,52,70,50,9,28,22,5,65,78,68,33,73,40,7,26,20,4,67,91,168,133,173,140,107,26,20,104,67,191
909,949,3145,70,70,4,5,37,39,67,65,30,13,30,27,7,7,69,66,82,81,74,76,75,7,45,68,12,27,8,67,85,78,70,5,34,56,11,23,6,65,97,86,70,5,34,56,111,123,6,65,197,186
910,1519,3290,77,80,45,50,70,70,65,68,70,70,60,60,56,43,38,38,55,55,80,80,85,54,72,72,72,65,45,38,62,78,89,45,72,71,81,66,39,33,61,99,189,145,172,71,81,166,39,33,61,199
911,1294,3104,82,69,68,65,18,24,73,75,32,60,2,2,55,51,75,80,30,42,4,4,72,68,27,78,65,3,54,85,45,4,75,63,18,87,65,2,45,93,41,3,75,163,118,187,165,102,145,93,41,103
912,1980,3396,45,45,65,77,45,58,54,55,7,88,5,7,90,89,54,76,87,81,76,67,40,75,55,52,85,10,85,74,78,62,32,87,49,42,88,6,93,85,99,57,32,87,49,42,88,106,93,185,199,57
913,462,3384,67,68,44,47,82,83,23,25,47,55,62,65,29,31,8,10,35,38,75,77,70,52,85,27,62,68,35,12,45,78,74,33,97,22,61,69,29,13,41,87,74,133,97,122,61,69,129,13,41,187
914,1173,3101,80,85,65,65,17,16,15,15,45,45,50,60,65,70,90,80,33,35,60,65,85,65,16,14,45,65,72,75,35,68,90,67,16,12,39,55,70,84,30,69,90,67,16,112,39,55,170,84,130,69
915,607,3235,68,70,64,64,52,52,66,66,84,80,4,4,38,37,19,17,83,80,68,69,72,65,54,68,75,7,35,14,78,72,80,55,45,64,85,5,28,13,78,69,180,55,145,64,85,5,28,113,178,169
916,598,3346,87,86,17,15,16,18,77,75,71,71,7,7,34,34,23,24,68,70,51,52,85,14,19,70,70,9,35,28,73,55,96,13,17,74,73,7,28,26,77,49,96,113,17,74,173,107,28,26,177,49
917,632,3071,44,44,36,36,10,10,16,16,29,33,7,9,28,28,26,26,5,5,82,82,52,35,10,16,52,10,28,27,5,70,47,28,8,16,35,9,21,18,4,74,47,28,8,16,135,109,121,118,4,74
918,565,3403,76,78,88,88,35,20,80,95,73,73,48,50,90,85,42,46,41,43,70,70,78,85,18,95,74,52,82,48,45,72,78,97,22,95,85,41,100,45,43,70,178,197,22,195,185,141,200,45,43,170
919,458,3325,9,9,80,80,50,50,7,7,80,80,45,45,85,85,80,80,40,40,28,28,10,85,60,12,78,52,82,70,52,45,9,88,55,12,83,46,92,73,49,36,109,88,155,12,83,46,192,173,149,136
920,392,3490,85,85,42,35,22,20,86,77,25,18,85,85,63,65,74,74,59,63,42,48,85,14,15,75,16,75,68,75,65,52,88,24,14,88,16,89,56,80,72,42,88,124,114,188,116,89,56,80,72,42
921,408,3466,85,83,35,35,80,78,80,77,33,37,70,71,75,75,38,40,60,63,26,23,82,35,78,75,52,72,75,45,65,20,100,28,82,84,35,77,76,32,58,17,200,28,182,84,135,77,176,132,158,117
922,809,3216,68,66,14,12,40,45,86,90,35,3,95,90,20,21,25,25,82,82,66,70,65,13,55,95,35,78,25,27,78,70,59,11,52,95,38,99,23,22,78,62,159,11,52,195,38,199,23,122,178,162
923,337,3210,81,81,83,85,79,77,75,78,18,18,64,65,64,65,20,20,41,46,71,72,78,85,75,78,18,60,63,25,52,72,87,97,88,92,22,60,56,23,42,69,187,97,188,92,22,60,156,23,142,169
924,675,3431,35,32,68,70,36,39,88,87,27,27,85,78,19,20,32,35,37,37,34,30,27,78,45,82,28,68,22,45,35,14,19,91,39,100,21,64,19,40,35,24,119,91,39,200,121,64,19,40,35,124
925,655,3357,67,67,47,47,48,50,37,37,85,85,65,65,40,40,6,6,32,32,88,83,72,45,55,40,78,70,35,7,32,78,70,44,51,32,99,61,28,5,24,84,170,44,151,32,199,161,128,105,24,184
926,516,3058,32,33,51,51,28,28,73,71,78,76,64,63,8,9,31,31,85,83,48,49,35,52,14,65,60,60,10,32,78,52,28,42,24,58,60,57,8,30,92,42,128,42,124,158,60,157,8,30,92,142
927,733,3496,39,42,8,8,52,55,41,47,85,85,88,88,77,77,61,61,83,83,74,74,45,10,65,50,76,85,78,55,85,74,37,10,55,38,79,97,82,46,100,85,37,10,55,138,179,97,82,146,100,185
928,512,3160,62,63,55,57,14,15,69,69,77,75,1,1,41,43,13,13,71,65,73,76,65,60,16,68,72,1,52,13,62,78,65,60,16,63,72,1,42,11,57,82,165,160,16,163,172,1,142,11,57,182
929,306,3300,55,54,60,65,45,48,55,55,70,70,50,53,40,43,38,38,80,70,7,9,52,70,52,54,70,55,45,35,72,10,46,83,47,48,74,46,37,35,75,10,46,183,147,148,74,146,137,35,75,10
930,297,3319,58,58,64,64,75,75,82,81,59,59,79,79,39,39,5,5,28,28,75,75,60,65,72,85,55,95,52,7,45,75,64,58,80,98,52,95,35,5,41,79,164,158,180,198,52,195,135,5,41,79
931,653,3263,58,64,55,63,59,65,46,47,10,10,56,54,48,47,18,16,68,67,59,57,65,70,70,38,10,52,45,14,67,55,66,61,63,33,10,54,39,13,65,62,166,161,63,33,110,54,139,113,65,62
932,378,3132,35,32,65,70,65,60,65,65,15,14,35,35,6,6,70,75,85,80,60,68,27,78,60,68,13,35,7,78,78,70,19,86,54,64,11,29,5,84,78,83,119,186,154,64,11,129,105,184,178,183
933,882,3405,35,47,75,75,84,80,6,6,54,55,76,74,29,26,53,54,82,80,10,11,50,73,72,5,55,73,22,55,75,12,38,73,71,4,53,77,19,52,79,13,138,73,71,104,153,177,19,52,79,13
934,512,3288,27,28,52,55,78,78,51,51,48,50,47,49,40,41,61,61,39,38,32,36,34,60,75,52,55,52,45,60,35,45,26,55,84,50,49,47,41,57,28,36,126,155,84,50,49,47,41,157,28,136
935,509,3394,75,76,49,50,7,7,33,45,80,77,80,79,22,21,80,82,3,2,60,57,78,52,7,52,75,78,20,85,2,55,82,47,5,35,84,83,17,93,1,52,82,47,5,135,84,83,117,93,101,52
936,593,3304,68,68,34,30,48,45,72,72,50,51,60,65,30,30,80,80,85,78,4,4,72,14,54,78,55,72,35,85,82,4,69,24,45,78,51,72,27,93,98,3,169,124,145,178,51,172,127,93,98,103
937,495,3475,88,88,78,78,24,24,82,80,8,9,65,65,45,49,17,16,41,40,41,45,85,75,22,78,10,65,55,14,35,52,90,76,21,82,8,59,51,13,28,35,190,176,21,182,8,159,151,113,128,135
938,676,3077,52,49,39,45,16,16,75,75,79,75,80,82,33,33,31,38,62,62,68,71,45,52,15,60,72,85,35,45,60,70,44,41,14,57,77,88,35,36,60,61,44,141,114,157,77,88,35,136,60,161
939,472,3324,55,59,75,80,10,10,62,61,45,50,37,40,60,55,80,75,59,70,40,45,62,82,10,60,55,45,52,78,75,50,68,78,10,57,62,32,44,82,87,38,168,78,10,157,62,132,144,182,87,138
940,592,3050,77,79,67,67,69,69,70,70,30,30,57,58,51,51,3,3,45,47,72,75,85,68,75,73,32,65,55,3,55,78,90,56,80,73,27,55,51,2,51,91,190,56,80,73,27,55,51,2,151,191
941,552,3003,88,87,45,55,49,51,32,33,45,51,51,56,24,25,49,46,83,80,38,34,85,58,54,34,55,60,27,45,78,32,98,53,48,25,46,60,23,44,78,31,198,53,148,25,146,160,123,44,178,31
942,388,3261,48,52,5,5,72,72,35,35,68,73,15,17,44,44,27,27,41,41,3,3,55,4,78,32,85,20,45,45,45,5,51,3,78,31,90,17,39,34,37,4,151,103,178,31,90,117,39,134,37,4
943,614,3307,55,55,5,4,80,95,53,55,75,80,8,8,35,32,73,82,82,85,7,9,55,4,95,55,85,8,25,82,85,9,51,3,95,50,97,6,23,78,93,7,51,103,195,150,197,6,23,78,93,107
944,733,3091,33,40,81,81,57,60,55,55,49,54,85,85,89,79,68,66,51,53,11,10,45,82,62,55,60,85,75,65,55,10,37,78,68,50,60,96,88,59,62,10,137,78,168,150,160,96,188,159,62,110
945,774,3329,40,36,50,65,70,71,45,49,28,33,80,78,38,36,80,76,37,50,60,63,32,67,72,52,35,78,35,75,55,65,30,65,80,47,29,91,30,76,46,67,30,65,180,47,129,191,130,176,146,67
946,832,3028,30,20,39,46,86,88,30,31,90,85,90,94,90,90,8,9,17,17,60,60,14,54,85,35,78,95,75,10,18,60,24,45,97,28,92,95,89,8,15,55,124,145,197,28,92,195,89,8,15,155
947,498,3317,78,74,74,70,50,55,40,55,2,2,70,69,35,36,70,75,82,80,38,45,72,70,60,55,3,68,38,78,78,52,71,74,54,62,2,63,33,92,99,47,71,74,154,62,102,163,33,92,199,147
948,969,3061,12,13,77,76,50,50,57,58,35,37,40,40,72,72,80,80,54,57,84,83,13,75,52,60,52,45,72,75,62,82,11,70,49,57,33,41,75,84,68,98,11,70,149,157,133,41,175,84,168,98
949,573,3311,48,52,65,65,38,40,32,38,8,10,70,70,50,48,2,5,12,12,78,75,60,62,50,45,10,72,45,5,12,72,64,52,40,32,6,69,37,4,8,77,164,152,140,132,106,169,37,104,108,77
950,492,3425,69,66,79,81,40,50,53,59,43,46,85,83,43,44,39,42,66,65,79,77,65,85,52,62,48,82,45,45,65,74,66,93,41,61,45,92,44,34,65,85,166,93,141,61,45,192,44,34,165,185
951,346,3113,47,49,98,95,67,67,25,25,23,20,17,17,58,50,70,74,50,55,75,85,52,85,68,25,14,12,45,74,55,85,49,89,56,23,13,12,43,85,46,96,149,189,56,23,113,12,43,185,146,196
952,467,3454,75,75,79,79,9,9,69,73,58,55,20,21,72,72,17,16,44,69,35,35,75,78,9,78,52,22,72,16,78,35,76,86,7,82,44,21,72,16,91,31,176,186,107,82,144,21,172,16,91,131
953,286,3244,37,28,3,5,7,67,78,73,32,29,78,87,8,11,14,84,7,8,84,84,22,3,62,65,27,85,12,74,9,78,15,2,68,65,22,96,13,85,7,84,115,2,168,165,122,196,13,185,107,184
954,694,3108,32,32,44,44,82,82,82,80,85,85,55,60,35,36,3,3,75,75,77,73,34,52,85,78,85,65,45,3,75,72,26,48,90,82,94,59,39,2,76,75,126,48,190,182,194,59,139,102,176,175
955,1252,3052,78,76,83,81,79,79,75,75,71,75,3,3,3,3,28,31,95,90,40,55,78,78,75,70,75,2,3,35,85,60,83,99,87,73,80,1,2,29,89,60,83,199,87,173,80,101,2,129,189,160
956,626,3397,61,65,1,2,55,55,68,69,36,50,78,74,67,68,6,10,37,35,81,79,65,2,55,70,52,73,70,10,35,78,58,1,52,73,47,73,67,7,28,86,158,101,52,173,147,73,167,7,28,186
957,705,3247,4,6,34,27,45,45,21,23,7,11,43,41,49,56,51,44,49,45,71,78,5,25,42,19,10,34,52,35,34,73,4,23,36,17,10,26,41,38,25,77,4,23,36,17,10,126,141,38,25,177
958,1033,3439,32,33,2,2,41,41,71,67,26,25,43,49,58,58,74,74,34,38,38,32,35,1,45,68,22,50,55,72,45,32,31,1,39,64,21,40,51,77,36,31,131,1,139,64,21,140,51,77,136,31
959,1025,3010,75,75,100,100,25,25,23,23,28,28,6,6,90,90,80,80,22,22,72,72,78,85,22,20,35,9,75,72,16,75,91,100,20,17,38,7,85,68,16,86,91,100,20,117,38,107,85,68,16,86
960,1034,3417,61,56,65,67,78,80,6,4,32,38,85,80,17,17,78,79,23,25,76,82,60,78,85,5,40,84,12,75,27,85,64,91,89,4,32,99,11,84,18,88,164,91,189,104,32,99,111,84,118,88
961,659,3260,85,82,40,37,26,26,25,26,70,71,77,77,55,55,24,26,29,25,48,50,75,35,25,27,72,78,52,28,22,55,85,28,23,19,72,82,42,21,20,62,85,128,23,119,172,182,142,121,120,62
962,758,3152,67,65,95,88,80,88,32,36,16,16,23,25,58,60,40,40,35,44,55,61,60,78,82,45,15,28,68,45,52,75,54,78,98,37,14,21,64,39,42,87,154,178,98,37,114,121,64,139,42,87
963,783,3344,42,45,37,40,16,16,56,48,68,72,60,61,31,35,21,31,83,80,91,85,55,45,16,45,72,62,45,35,78,85,46,41,16,44,76,68,32,27,82,90,146,41,16,44,76,168,132,127,82,90
964,1222,3210,68,68,80,80,78,78,75,75,30,30,65,65,58,60,23,23,35,45,65,63,78,85,75,78,18,60,63,25,52,72,87,97,88,92,22,60,56,23,42,69,187,97,188,92,22,60,156,23,142,169
965,575,3349,79,77,63,63,33,33,32,32,80,80,55,62,11,11,37,37,76,76,46,46,75,62,45,34,82,65,10,35,75,52,86,57,32,26,98,67,7,29,84,42,86,57,132,126,98,67,7,129,84,42
966,560,3084,59,59,30,29,65,70,89,88,72,73,70,70,90,92,77,78,59,60,22,16,60,27,72,85,65,68,95,72,55,12,55,22,68,90,58,56,95,72,51,12,155,122,68,90,158,56,195,172,151,12
967,553,3031,65,65,49,51,65,63,72,75,48,51,17,17,35,35,55,55,69,69,13,14,65,55,62,75,52,19,27,55,70,14,66,62,52,87,47,17,19,46,83,14,166,62,152,87,147,17,119,146,183,14
968,416,3249,7,8,35,36,7,7,65,65,30,32,70,70,45,47,45,43,53,53,90,87,10,35,8,63,35,62,52,35,52,78,7,38,6,56,29,52,47,30,46,78,7,38,6,156,129,152,147,130,46,178
969,611,3321,42,43,83,85,35,33,29,29,41,48,33,34,35,40,26,21,70,70,23,23,45,85,32,27,50,35,45,20,68,22,39,98,30,23,43,28,34,17,63,15,39,198,30,123,143,28,134,117,163,115
970,561,3368,9,10,75,75,43,45,35,38,82,82,90,90,83,83,27,28,65,63,53,53,12,74,45,45,78,85,85,28,60,52,12,85,43,34,81,98,96,25,64,42,12,185,43,134,181,198,196,125,164,42
971,435,3365,25,25,35,40,45,48,82,82,87,87,65,67,61,70,72,72,14,14,50,52,27,45,55,85,85,72,80,74,14,60,22,40,51,98,93,69,66,71,12,64,122,40,151,198,93,169,66,171,112,164
972,352,3093,63,62,68,79,75,75,15,15,24,24,2,3,65,67,43,43,78,78,40,42,80,75,78,16,27,3,73,48,82,52,66,79,91,16,19,2,73,45,78,42,66,79,191,16,119,102,73,45,78,42
973,762,3042,57,58,32,35,67,67,26,26,28,29,42,47,86,84,24,25,15,15,82,81,68,52,70,25,32,55,75,28,14,72,69,41,62,23,24,51,85,25,12,75,69,141,162,23,24,51,85,125,112,75
974,403,3079,75,72,32,35,72,80,66,62,31,75,28,27,51,52,9,10,11,12,71,73,72,35,85,62,75,27,52,10,12,74,74,28,100,57,86,23,48,7,8,85,174,128,100,57,86,123,48,7,108,185
975,1222,3081,60,66,82,82,49,53,72,72,56,62,58,55,82,80,6,7,76,76,15,15,72,84,54,72,65,45,78,9,75,22,80,99,45,71,58,43,87,7,87,15,180,99,145,71,58,43,187,107,87,115
976,663,3099,84,84,88,84,89,85,36,29,88,82,72,72,69,69,73,73,57,56,10,13,85,82,85,28,78,72,70,73,52,13,97,92,94,26,99,81,63,73,46,11,97,192,194,26,199,81,63,73,46,11
977,611,3128,81,78,20,19,84,82,85,85,87,86,90,89,80,80,42,43,1,1,85,83,63,14,74,85,82,85,82,45,1,82,56,13,85,96,93,98,100,37,1,92,156,113,185,196,193,198,200,37,1,192
978,517,3311,57,57,55,55,44,46,36,39,9,9,66,68,51,46,5,5,14,12,75,75,60,62,50,45,10,72,45,5,12,72,64,52,40,32,6,69,37,4,8,77,164,152,140,132,106,169,37,104,108,77
979,677,3024,44,48,75,77,28,29,84,83,1,2,74,70,9,9,45,48,31,33,29,32,55,82,34,85,1,68,10,52,45,50,53,100,26,88,1,63,9,46,37,43,153,200,126,88,1,163,9,46,137,143
980,317,3344,45,55,48,48,17,17,55,50,80,70,60,60,45,45,40,40,80,80,90,90,55,45,16,45,72,62,45,35,78,85,46,41,16,44,76,68,32,27,82,90,146,41,16,44,76,168,132,127,82,90
981,367,3022,6,7,67,68,34,34,38,40,26,26,51,51,85,87,76,76,80,80,64,65,7,72,34,45,27,52,85,74,78,65,5,81,26,34,18,44,88,85,81,59,105,81,126,134,118,144,88,185,181,59
982,560,3282,2,2,9,10,90,88,52,52,85,83,85,80,21,23,32,32,53,52,19,23,3,10,85,52,82,78,25,32,52,22,2,10,100,54,93,81,23,31,47,21,102,110,100,54,193,181,23,31,147,21
983,856,3239,49,56,74,74,68,70,35,40,36,26,12,12,75,75,92,92,78,78,28,28,65,74,75,45,22,12,70,95,75,27,55,71,79,32,15,8,74,95,86,22,55,171,79,132,115,108,74,195,86,122
984,506,3047,32,27,86,86,79,79,73,73,34,31,61,63,34,45,38,42,56,49,64,67,25,85,78,72,32,65,52,45,45,70,23,96,84,72,30,66,41,34,44,73,23,96,184,172,30,166,141,34,44,173
985,1977,3096,35,30,38,38,75,85,70,65,50,55,24,24,80,72,10,10,7,7,18,16,32,25,80,60,60,19,65,10,10,14,24,23,66,54,60,17,58,9,8,12,24,23,66,154,160,17,158,109,8,112
986,851,3228,56,58,69,74,55,56,60,64,36,38,59,60,20,23,28,20,57,60,48,50,60,78,55,65,35,62,22,14,68,45,64,83,52,72,35,61,20,24,69,43,164,83,52,72,35,61,20,124,69,43
987,610,3346,80,80,14,12,16,16,70,70,70,70,7,8,26,30,28,26,70,70,48,50,85,14,19,70,70,9,35,28,73,55,96,13,17,74,73,7,28,26,77,49,96,113,17,74,173,107,28,26,177,49
988,677,3308,22,25,32,35,82,75,21,25,5,5,12,12,1,1,35,37,40,42,75,72,35,38,73,28,5,12,1,42,50,70,27,33,77,21,4,11,1,36,38,61,127,33,177,121,4,111,1,36,138,161
989,221,3138,59,60,3,3,59,65,70,75,75,70,5,7,80,78,50,55,45,55,80,80,65,3,65,75,68,10,75,55,55,78,59,3,59,79,64,7,88,62,46,83,59,3,159,79,64,7,188,62,146,83
990,1805,3331,62,77,12,12,81,78,15,15,23,23,41,48,72,72,91,91,69,69,51,51,85,13,75,18,22,52,85,85,73,50,96,11,89,18,20,50,89,94,77,38,96,11,89,18,120,50,189,94,177,138
991,299,3395,3,3,35,40,40,40,4,4,89,89,80,80,35,35,85,85,24,20,50,50,2,52,42,3,95,75,35,85,18,52,1,33,36,2,95,89,30,95,18,50,101,133,36,2,195,89,130,95,18,50
992,249,3297,58,60,3,3,67,70,38,34,38,40,34,34,95,95,29,30,4,4,74,72,65,3,80,32,50,14,85,34,4,70,58,2,66,31,38,24,94,26,3,83,58,2,66,31,138,124,194,126,103,183
993,304,3083,2,2,65,67,60,60,45,50,65,67,55,55,50,50,45,50,75,80,30,25,3,72,60,55,70,54,54,55,85,14,2,70,57,50,67,48,45,49,97,24,2,170,157,150,167,148,145,49,197,124
994,308,3076,35,32,71,80,41,32,67,70,50,52,77,75,53,55,3,3,70,72,17,15,32,85,27,72,52,75,55,3,80,12,30,100,19,71,47,80,62,2,66,11,30,100,119,71,47,80,62,102,66,111
995,398,3202,11,12,85,85,6,5,62,67,12,12,29,33,57,58,14,16,48,56,42,43,14,85,10,72,12,42,72,19,65,52,14,95,6,68,12,36,76,17,58,47,14,95,106,68,12,36,76,17,58,47
996,1463,3403,84,80,86,85,24,21,88,95,72,73,52,52,94,84,42,44,46,45,72,72,78,85,18,95,74,52,82,48,45,72,78,97,22,95,85,41,100,45,43,70,178,197,22,195,185,141,200,45,43,170
997,575,3063,65,65,71,75,65,68,38,38,22,20,85,88,11,11,82,82,66,66,49,53,68,78,72,45,16,95,10,82,72,62,63,83,75,37,16,95,6,93,76,61,163,83,175,37,116,195,106,193,76,61
998,1223,3374,45,46,37,37,58,59,35,35,8,9,27,29,82,83,88,91,28,31,41,42,48,45,62,35,10,32,82,95,38,45,45,41,52,35,9,30,92,95,33,39,45,41,152,35,9,30,192,195,33,139
999,1004,3039,78,80,69,73,67,66,64,67,71,74,22,21,19,17,44,48,23,25,47,47,82,80,65,70,78,20,16,52,28,48,98,66,58,62,91,17,16,44,26,45,98,66,158,162,191,117,16,144,26,45
1000,587,3373,28,28,66,66,18,18,70,70,34,34,45,45,5,5,75,75,87,85,15,15,28,70,15,70,35,45,5,74,78,13,26,83,14,63,28,39,4,85,81,11,26,183,114,63,128,39,104,185,181,11
1001,1041,3364,25,20,45,46,52,56,38,36,52,52,72,70,55,59,75,80,70,70,83,83,16,48,60,34,52,67,63,85,72,85,16,45,55,26,49,65,56,90,74,88,16,45,155,126,149,65,156,90,174,88
1002,377,3405,42,43,67,71,78,75,4,4,46,48,76,75,27,24,52,52,81,79,10,11,50,73,72,5,55,73,22,55,75,12,38,73,71,4,53,77,19,52,79,13,138,73,71,104,153,177,19,52,79,13
1003,285,3073,11,11,68,70,2,1,62,64,71,71,43,44,37,37,33,33,38,38,78,78,10,78,1,70,70,52,35,34,45,82,9,82,1,62,73,48,31,26,41,98,9,182,1,162,173,48,131,126,41,98
1004,446,3045,46,53,79,75,60,70,65,68,70,71,39,44,35,34,36,35,82,78,74,78,54,74,73,68,72,45,34,35,78,78,48,85,77,69,71,39,26,31,92,83,148,185,177,69,71,139,126,131,92,83
1005,775,3355,8,8,85,80,17,17,32,32,59,59,82,79,90,86,25,27,49,50,90,90,7,75,18,28,60,72,82,27,52,85,5,86,18,26,57,72,100,19,50,96,105,86,18,26,157,172,200,119,50,196
1006,319,3306,28,25,72,72,68,70,82,83,76,80,54,54,46,46,79,82,28,35,18,18,22,68,73,85,85,52,60,85,45,14,15,64,77,89,88,54,60,97,34,13,115,64,177,189,88,54,160,97,134,113
1007,1196,3415,60,40,20,25,65,65,15,15,55,60,60,55,80,85,60,70,55,50,85,85,35,28,70,14,65,54,85,72,52,85,35,25,61,12,58,48,90,69,42,88,35,125,161,112,58,148,90,169,42,88
1008,324,3182,14,14,45,45,41,40,70,68,85,85,4,4,84,84,39,45,40,41,6,8,14,45,35,65,85,3,85,48,45,10,14,39,35,66,96,2,90,45,41,7,14,139,35,166,196,2,90,45,41,7
1009,750,3226,72,76,65,56,40,30,25,27,43,44,70,67,63,55,56,62,30,25,70,65,85,55,27,28,45,65,52,65,14,60,90,50,19,26,40,72,44,58,24,60,190,150,119,26,40,72,144,158,124,60
1010,537,3343,70,72,41,50,24,24,29,31,60,55,62,62,50,45,51,59,26,20,36,36,73,54,22,32,52,62,45,65,19,35,77,45,19,29,46,61,44,55,17,28,177,145,19,29,46,61,44,55,17,28
1011,375,3082,80,82,32,33,68,69,22,24,58,58,82,82,73,72,16,15,4,4,48,51,85,35,72,27,62,85,72,14,5,52,90,38,70,23,52,96,72,12,4,42,90,38,170,123,152,196,172,112,4,42
1012,518,3159,28,27,13,13,23,22,78,78,85,81,75,75,6,7,55,62,43,50,75,77,27,14,22,78,78,75,7,65,52,78,23,14,20,82,86,87,5,66,47,87,123,14,20,182,186,87,105,166,147,187
1013,1693,3021,22,20,19,17,72,73,63,60,30,33,4,5,54,53,39,43,28,30,64,62,19,12,74,52,35,5,52,45,32,60,17,11,71,46,27,4,48,37,30,64,17,111,171,46,127,4,48,37,30,164
1014,457,3102,5,6,88,88,86,85,9,11,79,80,26,26,44,44,50,66,65,70,26,26,7,85,85,12,82,27,45,75,74,35,5,98,89,13,78,22,44,87,71,27,5,198,189,13,78,122,44,87,171,127
1015,409,3373,28,28,63,63,16,16,58,58,38,38,32,38,6,6,72,72,81,81,13,13,28,70,15,70,35,45,5,74,78,13,26,83,14,63,28,39,4,85,81,11,26,183,114,63,128,39,104,185,181,11
1016,217,3151,24,24,68,74,10,10,56,57,74,75,32,35,7,5,75,75,23,18,35,38,22,75,10,60,78,32,5,72,16,40,21,87,9,54,82,31,4,81,16,32,21,87,9,154,182,31,104,81,116,32
1017,412,3162,21,16,45,50,45,48,80,80,70,64,70,75,68,70,4,5,2,3,27,27,15,52,50,82,62,78,72,7,3,27,14,33,38,98,57,82,72,5,3,18,114,133,138,98,57,82,172,105,3,118
1018,471,3168,82,80,40,40,86,85,28,35,88,88,28,28,82,82,6,6,28,25,42,40,72,38,78,52,78,28,75,7,18,32,80,33,87,35,82,25,79,5,22,29,180,33,187,135,182,125,79,5,22,29
1019,418,3075,57,63,72,72,45,47,23,20,35,40,55,52,50,50,87,87,60,63,62,66,70,70,52,18,45,45,52,85,65,72,63,83,41,22,41,44,50,97,59,68,63,183,141,22,41,44,50,197,59,68
1020,419,3258,62,65,42,42,45,45,62,64,4,4,9,9,42,44,78,79,12,12,63,64,72,45,45,75,3,10,52,85,12,70,80,44,37,80,2,7,47,94,8,73,180,44,137,80,2,7,147,194,108,173
1021,490,3205,75,77,42,48,77,76,55,66,72,71,58,60,56,55,67,66,50,56,8,9,78,52,75,68,70,62,54,65,60,9,99,47,89,63,83,52,48,66,60,7,199,147,89,163,183,152,148,166,160,107
1022,1148,3480,52,55,82,86,63,72,60,62,80,75,85,85,82,82,12,13,50,55,80,77,58,85,70,65,72,85,85,13,54,75,53,97,63,67,72,95,90,11,48,80,53,97,63,67,172,95,190,11,148,80
1023,552,3273,2,2,39,37,85,80,81,77,70,70,34,34,66,67,2,3,60,60,1,1,3,35,78,72,70,14,68,4,60,1,3,27,84,77,74,24,63,3,64,1,3,127,184,77,74,124,163,103,164,1
1024,403,3174,78,79,76,77,83,83,81,78,12,13,23,28,1,1,14,16,3,3,31,42,76,70,85,73,14,35,2,22,4,45,79,62,90,73,14,27,1,15,3,34,179,162,190,73,14,127,101,115,103,34
1025,647,3270,84,84,56,56,80,80,6,6,7,7,80,80,4,4,35,35,32,32,80,80,85,55,78,10,10,82,3,32,25,72,94,62,86,7,10,78,3,29,23,75,194,62,186,7,10,78,3,29,23,75
1026,765,3473,91,91,38,38,36,36,29,29,95,95,79,79,81,81,20,20,84,84,74,74,75,45,40,35,85,85,85,18,78,65,88,43,32,27,97,94,96,15,78,55,188,43,32,127,197,194,96,15,178,55
1027,335,3331,80,80,18,18,85,85,20,20,30,30,50,50,90,90,90,90,70,70,30,30,85,13,75,18,22,52,85,85,73,50,96,11,89,18,20,50,89,94,77,38,96,11,89,18,120,50,189,94,177,138
1028,855,3238,37,40,52,52,11,8,64,69,33,31,71,70,64,64,38,36,76,76,41,41,45,52,10,73,28,68,62,35,76,40,41,50,9,77,25,64,61,28,79,32,41,50,9,177,125,64,61,28,179,32
1029,463,3105,60,55,22,25,68,75,80,75,85,77,50,55,80,85,10,10,55,65,80,85,55,27,78,74,75,55,85,9,68,85,62,23,91,71,84,51,88,7,69,96,62,123,91,171,84,51,88,107,69,196
1030,503,3212,23,24,66,67,20,20,21,22,6,4,58,58,9,11,60,60,58,58,75,78,28,72,18,27,4,52,12,62,58,85,26,75,15,23,3,44,12,68,53,96,26,175,15,123,103,144,12,168,53,96
1031,473,3248,7,7,71,70,73,73,34,38,45,49,60,62,63,63,32,36,3,3,65,67,10,70,74,45,55,68,65,40,3,70,7,74,71,37,46,63,72,32,2,63,7,74,171,137,146,163,72,32,2,63
1032,996,3467,45,40,88,86,28,28,52,52,76,76,68,68,67,65,40,42,82,80,12,12,52,82,34,52,75,70,62,45,75,12,41,92,26,46,84,74,57,39,85,8,141,192,126,46,84,74,57,39,85,108
1033,554,3417,55,55,67,67,89,89,5,5,37,37,97,97,32,12,77,77,20,20,93,93,60,78,85,5,40,84,12,75,27,85,64,91,89,4,32,99,11,84,18,88,164,91,189,104,32,99,111,84,118,88
1034,487,3145,70,72,6,6,31,39,68,68,36,14,34,28,8,8,59,65,83,84,61,74,75,7,45,68,12,27,8,67,85,78,70,5,34,56,11,23,6,65,97,86,70,5,34,56,111,123,6,65,197,186
1035,632,3309,12,12,9,9,59,59,77,78,48,49,81,81,27,33,52,52,46,47,86,86,10,8,65,82,55,85,52,50,52,85,10,6,65,93,62,96,35,40,42,94,110,6,165,193,62,96,135,140,142,194
1036,479,3031,54,60,53,53,58,58,67,67,41,44,18,19,26,26,45,47,66,66,14,14,65,55,62,75,52,19,27,55,70,14,66,62,52,87,47,17,19,46,83,14,166,62,152,87,147,17,119,146,183,14
1037,425,3426,62,62,74,80,35,40,22,19,5,5,36,40,63,63,42,50,23,22,16,17,65,82,45,15,5,45,63,52,22,18,66,92,41,14,4,37,56,35,19,15,166,192,41,114,104,137,156,135,19,15
1038,480,3141,13,13,83,83,78,79,79,78,46,51,50,50,73,73,60,56,38,37,59,61,12,82,82,76,58,54,73,55,35,65,11,78,100,79,53,45,77,46,31,67,111,78,200,179,53,145,177,146,131,67
1039,583,3091,41,41,64,75,32,32,46,45,32,32,72,72,81,78,65,65,34,46,18,12,45,82,62,55,60,85,75,65,55,10,37,78,68,50,60,96,88,59,62,10,137,78,168,150,160,96,188,159,62,110
1040,511,3344,34,48,43,44,23,18,56,47,70,72,64,63,29,35,36,35,75,77,85,85,55,45,16,45,72,62,45,35,78,85,46,41,16,44,76,68,32,27,82,90,146,41,16,44,76,168,132,127,82,90
1041,771,3194,68,69,8,9,15,18,86,80,26,26,50,45,78,78,12,13,82,80,34,37,70,10,20,75,27,35,75,14,78,42,63,8,17,85,22,31,84,13,87,36,63,8,117,85,122,131,84,113,187,36
1042,526,3191,64,64,46,50,43,40,48,50,80,80,88,88,80,77,70,66,8,5,29,35,65,52,35,54,78,78,70,55,4,42,72,33,30,45,81,82,62,51,3,36,72,133,130,145,181,182,162,151,103,36
1043,566,3056,34,43,24,23,19,19,44,48,33,45,58,60,87,90,84,78,86,75,8,6,40,22,18,50,50,65,95,75,74,5,32,20,22,40,43,66,95,80,85,4,32,20,22,140,143,166,195,80,185,104
1044,374,3286,34,48,58,62,58,50,80,80,68,68,55,55,12,12,12,12,34,38,42,42,52,68,52,78,72,52,13,12,45,45,41,63,54,84,68,42,11,12,34,41,141,163,54,184,68,42,11,12,134,41
1045,585,3305,68,66,80,81,42,44,11,12,80,85,80,77,82,77,67,63,45,55,82,85,65,82,45,12,85,76,75,62,62,85,59,100,37,8,96,79,84,57,52,94,159,200,37,108,196,179,84,57,152,94
1046,554,3387,67,65,65,70,54,54,42,47,45,55,13,13,21,24,8,9,45,47,60,62,60,72,55,52,65,14,27,10,52,65,60,71,52,47,58,12,19,9,41,55,60,71,52,47,58,112,119,9,141,55
1047,1488,3396,49,40,70,74,48,54,50,51,81,85,11,11,88,86,78,75,82,80,72,64,40,75,55,52,85,10,85,74,78,62,32,87,49,42,88,6,93,85,99,57,32,87,49,42,88,106,93,185,199,57
1048,235,3218,25,25,81,82,72,72,33,33,52,52,12,12,72,72,48,48,78,78,2,2,34,85,74,52,52,14,75,52,78,1,26,96,85,35,46,14,84,54,92,1,126,96,185,135,46,14,84,54,92,1
1049,552,3175,91,91,66,67,42,49,49,50,63,65,38,38,61,61,103,95,55,55,57,58,74,67,52,52,60,40,60,85,55,52,71,65,33,42,54,32,64,90,51,54,171,65,133,42,154,32,164,90,51,54
1050,584,3027,17,20,40,50,72,72,50,50,12,12,75,75,28,35,32,40,80,80,32,32,22,54,75,55,12,72,42,45,72,35,15,45,86,53,8,80,36,39,72,31,115,145,86,153,108,180,36,139,172,131
1051,584,3420,80,77,70,75,65,68,45,47,33,34,30,34,78,82,67,65,37,31,26,24,82,72,65,50,27,32,78,68,27,16,98,71,72,43,22,27,92,56,19,16,98,71,72,143,122,27,92,56,119,16
1052,742,3042,68,68,53,52,74,70,36,29,28,30,58,56,80,78,30,29,18,15,74,73,68,52,70,25,32,55,75,28,14,72,69,41,62,23,24,51,85,25,12,75,69,141,162,23,24,51,85,125,112,75
1053,538,3257,66,70,60,62,50,50,90,90,75,75,65,74,2,3,85,80,35,27,35,40,73,62,50,78,78,74,3,78,27,45,73,61,38,99,82,85,2,83,19,39,73,61,138,199,82,185,2,83,119,139
1054,504,3386,36,35,69,68,74,74,52,55,64,64,46,46,38,34,25,25,24,24,3,4,32,68,72,55,63,45,27,25,12,5,29,56,72,49,56,44,19,23,11,4,29,56,172,49,156,44,119,23,111,4
1055,971,3136,43,49,62,65,88,82,78,74,25,25,57,62,35,48,23,23,58,63,38,45,52,68,78,72,27,65,55,22,68,50,49,64,87,75,22,59,49,19,63,40,149,64,187,75,122,59,49,19,163,140
1056,664,3412,70,70,63,63,40,40,56,58,13,13,8,6,50,51,38,35,2,2,46,46,76,72,45,68,12,5,60,22,1,52,79,76,41,69,12,4,55,21,1,33,179,76,41,69,12,104,155,21,1,133
1057,743,3184,82,80,85,85,71,73,85,83,88,88,26,27,32,32,24,24,85,85,80,79,75,82,80,82,78,28,34,28,75,74,76,98,66,92,99,26,26,25,85,85,176,98,66,192,199,26,126,125,85,185
1058,1386,3113,48,49,78,81,57,61,26,26,18,18,12,12,42,42,75,76,52,52,80,82,52,85,68,25,14,12,45,74,55,85,49,89,56,23,13,12,43,85,46,96,149,189,56,23,113,12,43,185,146,196
1059,952,3250,42,36,57,63,48,46,73,72,86,84,56,53,49,53,15,13,79,84,62,64,35,65,45,72,82,45,55,12,85,65,28,55,41,70,93,44,46,11,96,59,128,55,41,170,193,44,146,111,196,59
1060,718,3142,32,38,53,60,16,15,75,75,45,45,40,50,22,21,5,5,88,88,38,46,38,62,14,70,45,52,20,5,75,50,33,61,12,73,44,50,17,4,89,38,33,61,112,173,44,50,117,104,89,138
1061,1954,3261,56,44,10,4,87,77,45,32,88,85,13,20,40,45,35,45,45,45,3,3,55,4,78,32,85,20,45,45,45,5,51,3,78,31,90,17,39,34,37,4,151,103,178,31,90,117,39,134,37,4
1062,808,3100,60,60,60,60,55,53,64,63,13,13,75,75,80,78,70,69,45,45,60,65,62,65,52,55,14,75,74,68,45,70,61,58,44,50,12,88,85,69,41,67,61,58,144,150,112,188,185,69,41,167
1063,342,3287,63,66,74,73,83,83,18,17,29,35,68,69,27,26,85,85,7,8,44,48,70,74,85,16,45,75,22,85,10,52,67,71,97,16,32,86,15,95,10,46,167,171,97,16,132,86,115,95,10,46
1064,730,3291,32,45,73,73,65,60,63,63,52,52,50,50,70,70,3,3,2,3,16,20,52,68,55,62,65,52,72,3,3,25,42,64,52,61,58,48,71,2,3,23,142,64,52,61,58,48,71,102,3,23
1065,1254,3483,12,12,78,78,32,28,7,8,46,51,36,32,75,74,87,82,75,70,14,14,12,82,25,10,55,27,72,75,72,14,8,100,23,6,50,19,71,89,72,13,108,200,23,106,150,119,71,89,172,113
1066,773,3021,20,19,20,16,72,75,65,58,28,34,5,5,45,47,46,45,28,30,52,55,19,12,74,52,35,5,52,45,32,60,17,11,71,46,27,4,48,37,30,64,17,111,171,46,127,4,48,37,30,164
1067,507,3152,50,56,76,77,83,83,38,41,21,16,17,19,62,65,45,45,43,46,66,70,60,78,82,45,15,28,68,45,52,75,54,78,98,37,14,21,64,39,42,87,154,178,98,37,114,121,64,139,42,87
1068,833,3070,28,28,11,11,7,7,65,65,79,79,56,55,38,36,37,42,83,82,37,36,27,10,7,65,78,54,35,45,82,35,23,10,5,58,86,48,30,41,93,35,123,10,5,158,186,148,130,41,193,35
1069,497,3080,16,16,12,12,62,62,32,32,42,42,29,29,21,21,71,71,34,34,42,42,18,12,72,32,45,27,22,67,32,50,15,8,68,24,40,22,20,65,27,40,15,108,68,24,40,122,20,65,27,140
1070,1020,3478,6,6,51,51,46,38,71,62,72,72,66,56,8,10,42,50,76,75,85,84,5,52,35,60,75,52,10,55,73,82,4,33,28,57,86,46,10,46,73,98,4,133,128,157,86,46,10,146,73,98
1071,786,3077,55,45,37,52,18,15,70,60,80,72,85,85,45,35,30,40,65,60,50,70,45,52,15,60,72,85,35,45,60,70,44,41,14,57,77,88,35,36,60,61,44,141,114,157,77,88,35,136,60,161
1072,876,3405,33,40,85,80,80,80,6,6,40,45,56,80,29,25,30,50,60,70,7,10,50,73,72,5,55,73,22,55,75,12,38,73,71,4,53,77,19,52,79,13,138,73,71,104,153,177,19,52,79,13
1073,807,3063,64,64,73,73,71,71,47,47,17,17,87,87,8,9,86,86,53,61,55,55,68,78,72,45,16,95,10,82,72,62,63,83,75,37,16,95,6,93,76,61,163,83,175,37,116,195,106,193,76,61
1074,1358,3202,12,13,77,82,8,9,64,69,11,12,40,41,72,72,17,18,67,67,46,49,14,85,10,72,12,42,72,19,65,52,14,95,6,68,12,36,76,17,58,47,14,95,106,68,12,36,76,17,58,47
1075,671,3002,53,56,68,67,34,39,17,17,45,45,3,4,76,77,92,92,45,46,77,77,52,68,42,18,45,5,78,85,50,75,50,69,36,15,37,4,91,89,38,70,50,69,36,15,137,4,91,189,138,70
1076,1196,3088,57,54,26,22,82,82,84,83,62,68,23,22,21,34,87,87,67,62,38,32,52,16,82,85,75,18,32,75,60,22,54,16,100,94,80,22,29,89,60,15,54,116,200,94,80,22,29,89,160,115
1077,1035,3352,80,85,55,62,57,57,25,30,10,10,36,40,70,75,32,32,74,74,23,25,85,65,60,35,10,50,78,52,75,34,97,58,54,28,9,38,82,35,84,26,197,158,154,28,9,138,82,135,84,126
1078,2214,3064,15,15,69,82,55,70,42,50,71,77,63,80,50,45,7,8,25,27,68,65,14,82,72,55,78,80,45,8,28,65,12,93,71,62,86,66,37,6,25,59,112,193,71,62,186,66,137,6,125,159
1079,334,3410,16,17,6,7,35,34,82,80,59,57,68,68,4,5,27,26,78,78,83,80,20,12,35,85,60,65,7,28,72,72,17,13,28,97,60,59,5,26,75,80,117,13,28,97,160,59,5,26,175,180
1080,1223,3397,58,63,1,2,51,54,78,68,32,48,81,74,52,72,4,7,43,32,82,72,65,2,55,70,52,73,70,10,35,78,58,1,52,73,47,73,67,7,28,86,158,101,52,173,147,73,167,7,28,186
1081,1042,3344,40,52,45,45,18,17,42,42,83,80,55,60,35,40,35,35,82,80,85,85,55,45,16,45,72,62,45,35,78,85,46,41,16,44,76,68,32,27,82,90,146,41,16,44,76,168,132,127,82,90
1082,1010,3133,85,84,80,79,85,77,69,64,80,82,40,48,85,85,27,27,46,52,30,38,84,78,73,60,85,52,85,27,55,42,99,82,73,60,90,47,96,22,46,36,99,182,73,60,190,47,196,122,146,36
1083,1078,3351,67,67,82,82,34,34,8,8,47,50,25,22,88,88,51,53,6,8,3,3,62,82,35,10,55,18,85,55,10,3,57,78,27,9,51,22,93,52,6,2,57,78,127,109,51,22,93,52,106,2
1084,1082,3305,68,68,90,89,45,45,8,9,88,88,87,85,80,79,68,66,62,62,90,90,65,82,45,12,85,76,75,62,62,85,59,100,37,8,96,79,84,57,52,94,159,200,37,108,196,179,84,57,152,94
1085,1042,3146,29,38,19,17,14,14,59,58,65,69,4,4,72,72,69,75,42,43,38,38,45,15,14,55,72,4,75,78,45,35,34,14,12,51,71,3,87,83,39,38,134,114,112,151,71,103,87,83,139,38
1086,1529,3394,77,77,50,50,7,7,31,48,92,80,88,82,22,20,95,92,3,2,53,53,78,52,7,52,75,78,20,85,2,55,82,47,5,35,84,83,17,93,1,52,82,47,5,135,84,83,117,93,101,52
1087,1131,3101,80,81,60,63,17,17,15,14,40,44,63,64,66,68,70,72,47,40,65,66,85,65,16,14,45,65,72,75,35,68,90,67,16,12,39,55,70,84,30,69,90,67,16,112,39,55,170,84,130,69
1088,382,3052,83,81,86,84,65,71,66,66,76,76,2,2,3,3,24,31,75,80,53,55,78,78,75,70,75,2,3,35,85,60,83,99,87,73,80,1,2,29,89,60,83,199,87,173,80,101,2,129,189,160
1089,1404,3341,84,84,78,83,81,81,61,61,44,44,66,68,24,23,71,73,46,46,72,72,82,85,75,62,45,70,22,75,45,72,92,96,79,68,43,63,19,87,37,74,192,96,79,168,43,63,19,87,37,174
1090,821,3248,5,6,81,75,80,80,35,40,50,50,70,70,68,68,35,38,3,3,63,65,10,70,74,45,55,68,65,40,3,70,7,74,71,37,46,63,72,32,2,63,7,74,171,137,146,163,72,32,2,63
1091,1624,3292,75,70,40,43,98,90,50,51,90,87,90,87,35,25,65,70,40,40,38,36,68,45,85,52,85,84,22,70,35,35,56,39,98,44,100,99,20,83,30,28,56,139,198,144,100,99,120,183,130,28
1092,174,3441,78,77,83,84,49,48,8,7,2,1,48,41,24,20,79,78,88,84,59,60,75,85,45,7,1,32,15,75,78,65,88,88,37,5,1,31,14,80,83,59,188,88,37,105,1,31,114,80,83,59
1093,1871,3272,25,18,32,31,16,15,72,76,58,67,42,39,85,84,54,58,49,52,81,81,14,32,14,82,72,35,82,60,58,85,13,31,14,100,75,27,93,60,53,90,113,31,14,200,175,127,193,160,53,90
1094,549,3146,33,41,27,18,14,14,64,53,73,72,4,4,76,75,81,76,38,43,39,37,45,15,14,55,72,4,75,78,45,35,34,14,12,51,71,3,87,83,39,38,134,114,112,151,71,103,87,83,139,38
1095,3229,3157,74,75,7,8,33,34,55,56,44,45,94,95,74,75,14,14,45,44,52,53,78,9,32,55,48,85,78,14,55,54,78,7,31,62,45,98,91,13,49,48,178,107,31,62,45,198,191,113,49,148
1096,850,3020,65,67,50,53,48,60,70,75,50,60,45,50,40,52,30,47,30,40,85,85,67,55,60,75,60,52,52,48,50,85,65,53,60,87,55,47,48,45,43,94,65,153,60,87,155,147,48,45,143,194
