Respondent,duration,code,priorQ1,updatedQ1,priorQ2,updatedQ2,priorQ3,updatedQ3,priorQ4,updatedQ4,priorQ5,updatedQ5,priorQ6,updatedQ6,priorQ7,updatedQ7,priorQ8,updatedQ8 ,priorQ9,updatedQ9,priorQ10,updatedQ10 ,Advice1,Advice2,Advice3,Advice4,Advice5,Advice6,Advice7,Advice8,Advice9,Advice10,True1,True2,True3,True4,True5,True6,True7,True8,True9,True10,SlNoQ1,SlNoQ2,SlNoQ3,SlNoQ4,SlNoQ5,SlNoQ6,SlNoQ7,SlNoQ8,SlNoQ9,SlNoQ10
1,233,3359,75,75,52,56,45,45,37,35,67,67,80,80,30,30,65,65,40,45,85,85,78,60,45,33,69,78,49,68,50,86,78,60,44,27,63,89,35,61,41,89,178,160,44,127,63,89,135,161,141,189
2,519,3377,33,30,28,18,8,8,55,52,75,69,30,30,63,65,74,64,80,80,65,60,30,16,9,53,67,31,68,66,77,60,24,16,7,48,64,29,61,56,85,52,24,116,107,148,64,29,161,56,85,152
3,481,3351,30,30,70,75,35,35,35,65,25,16,54,55,1,1,48,48,96,96,26,24,32,88,44,51,11,59,2,34,86,27,31,98,40,47,8,55,1,31,100,21,31,198,40,47,108,155,101,131,200,121
4,353,3018,72,75,24,24,36,52,50,51,28,28,68,78,54,55,19,19,2,2,85,85,77,26,52,54,27,81,59,18,3,82,85,22,54,51,21,91,55,18,2,99,85,122,54,151,121,91,155,18,102,199
5,263,3484,80,80,39,45,85,85,40,42,55,60,75,75,53,54,76,74,29,30,3,3,77,48,85,44,61,74,54,71,31,3,87,40,98,39,64,77,50,73,27,2,87,140,98,39,164,177,150,173,27,102
6,218,3389,12,10,26,27,67,68,25,26,8,7,18,18,50,51,70,70,70,70,68,67,4,34,76,34,3,17,62,73,72,67,3,30,80,28,3,15,61,77,71,63,103,130,80,128,3,15,61,77,71,163
7,420,3400,4,4,17,18,56,56,34,34,42,42,73,75,76,78,23,24,67,67,44,47,4,19,69,43,54,78,84,42,71,51,3,22,63,34,49,78,92,32,69,48,103,22,63,34,49,178,192,132,169,48
8,304,3326,7,7,75,80,47,53,54,60,73,73,17,21,78,78,40,40,76,76,70,72,8,87,65,72,79,32,88,51,86,78,6,93,65,71,81,25,100,47,90,88,6,93,165,71,181,25,100,147,190,188
9,465,3297,35,35,8,8,12,13,88,88,56,52,65,63,78,83,75,75,68,66,72,75,34,9,14,87,45,60,87,74,64,77,29,7,12,94,44,52,96,70,58,86,129,7,112,194,44,152,196,70,158,86
10,196,3428,31,31,34,38,17,15,14,15,62,62,9,9,59,61,55,49,71,69,82,90,43,44,12,16,64,9,63,45,67,95,34,40,11,16,59,7,55,44,64,95,34,40,111,16,59,107,55,44,64,195
11,386,3342,88,85,26,24,15,12,64,68,78,75,82,80,28,26,4,4,7,8,83,85,81,21,11,66,73,79,25,4,10,86,78,19,8,72,75,81,18,3,10,90,78,19,108,72,75,181,118,103,10,190
12,276,3254,79,81,53,53,55,57,3,3,24,23,78,78,75,75,37,41,81,83,79,78,74,54,60,3,26,77,72,49,86,76,80,51,60,2,22,87,71,35,90,85,180,151,160,102,122,87,71,135,90,185
13,336,3117,62,58,23,26,82,79,78,80,64,70,88,88,72,68,21,18,74,81,22,26,54,32,77,81,74,87,64,16,80,31,49,25,85,92,70,93,59,16,86,29,49,25,85,92,70,93,159,116,186,29
14,452,3132,33,33,67,65,19,19,66,66,3,3,70,70,26,25,75,75,72,75,81,81,34,59,21,54,3,71,21,68,77,76,29,54,19,49,3,69,15,62,66,79,129,154,19,49,3,169,115,162,66,79
15,428,3231,85,86,6,7,4,4,45,50,62,63,64,70,68,70,24,26,19,20,38,42,86,9,4,64,64,77,71,31,25,54,89,7,3,58,59,66,69,29,23,50,189,7,103,58,159,66,169,29,23,150
16,325,3185,74,77,82,77,71,70,36,36,88,84,40,42,20,20,78,79,18,19,67,67,80,72,67,38,78,48,21,79,19,67,86,72,63,32,89,33,19,82,17,65,186,172,163,32,89,133,19,182,117,65
17,321,3146,68,68,38,40,68,70,62,65,50,50,46,46,33,38,82,82,76,72,41,45,65,43,72,68,51,45,41,81,71,50,66,36,70,61,49,44,36,78,69,42,166,136,170,161,149,44,36,78,169,42
18,318,3411,49,50,25,22,5,5,86,80,47,49,79,77,33,37,45,48,61,59,68,70,55,16,5,77,52,79,41,54,61,72,53,16,4,85,54,84,36,51,57,72,153,116,4,85,54,184,36,51,57,172
19,460,3375,85,86,26,30,88,85,1,1,6,7,10,11,77,75,88,80,88,88,13,12,88,34,86,1,9,12,74,77,87,11,100,28,100,1,6,12,81,85,93,8,100,28,200,1,106,12,81,85,93,108
20,392,3126,42,42,86,80,26,20,18,18,14,12,83,80,62,52,62,64,30,30,40,36,43,76,18,19,10,74,43,64,32,34,36,79,18,17,10,70,37,58,26,29,136,79,18,17,110,70,37,158,126,129
21,493,3099,69,79,77,74,7,8,91,88,23,36,78,79,11,12,88,86,31,41,86,82,81,73,9,86,43,79,12,85,49,78,91,71,7,89,36,82,12,98,43,78,91,171,7,189,136,82,12,98,143,178
22,450,3471,52,57,72,72,4,4,26,27,79,80,14,13,2,2,9,9,67,68,68,68,62,75,4,31,77,11,2,10,71,66,56,76,3,29,79,8,1,9,68,56,156,176,103,29,179,108,101,9,68,56
23,369,3292,54,53,61,64,52,52,52,53,38,42,53,53,68,70,49,39,55,58,29,28,51,73,51,60,48,54,73,35,61,28,46,71,48,60,33,52,83,35,64,26,46,171,48,160,133,52,183,35,164,26
24,492,3329,88,84,48,50,73,73,49,54,89,87,85,83,68,69,75,75,43,48,45,47,79,54,75,65,86,81,71,77,54,52,84,51,76,65,90,78,74,87,49,54,184,51,176,165,90,78,74,87,49,54
25,520,3213,23,23,72,77,6,6,77,77,26,26,36,36,38,38,45,45,12,12,36,36,17,84,5,81,27,25,34,22,12,32,15,93,4,91,25,23,28,21,12,26,15,193,104,191,125,23,28,21,12,126
26,397,3013,67,70,42,42,37,39,58,60,28,30,75,78,41,45,3,3,42,42,65,65,73,45,44,65,32,81,51,3,44,64,73,43,40,67,26,91,47,3,41,58,73,43,40,67,126,191,47,3,41,158
27,352,3059,12,12,19,24,2,2,22,17,77,76,28,27,78,78,90,89,89,89,65,65,12,27,1,16,74,26,73,86,81,63,12,21,1,24,77,23,75,90,78,55,12,121,1,124,177,123,175,190,78,55
28,504,3354,38,49,28,28,31,29,65,73,36,42,70,71,45,52,33,29,86,85,80,80,53,27,25,77,44,73,56,25,84,79,46,21,19,87,39,77,62,18,92,82,146,121,119,87,39,77,62,118,192,82
29,527,3407,68,65,65,71,45,50,48,55,33,39,51,55,15,13,17,22,41,46,51,52,61,76,56,66,44,62,12,27,51,54,57,80,62,72,40,56,11,25,47,51,57,80,62,72,40,156,111,125,147,151
30,634,3307,85,85,80,80,64,64,76,76,66,68,85,85,73,74,80,80,82,83,50,51,87,79,62,79,73,87,77,82,87,55,97,83,56,81,76,99,79,99,93,53,197,83,156,181,76,99,179,199,93,153
31,491,3280,52,52,90,90,36,38,86,86,94,92,70,70,12,13,40,44,3,3,94,90,50,86,44,74,87,73,14,51,5,81,42,90,40,81,99,75,12,47,4,78,142,190,40,81,99,175,112,47,4,78
32,288,3364,90,88,90,85,4,5,50,55,20,21,60,65,40,38,55,60,35,40,30,38,87,77,7,60,22,72,34,68,45,36,95,85,5,52,20,70,30,61,43,38,95,85,5,152,20,170,130,161,43,38
33,470,3013,70,70,40,40,35,36,50,60,35,35,80,80,45,45,4,4,38,38,55,55,73,45,44,65,32,81,51,3,44,64,73,43,40,67,26,91,47,3,41,58,73,43,40,67,126,191,47,3,41,158
34,334,3428,32,35,40,42,19,15,15,15,72,68,8,8,59,61,52,49,71,70,91,92,43,44,12,16,64,9,63,45,67,95,34,40,11,16,59,7,55,44,64,95,34,40,111,16,59,107,55,44,64,195
35,539,3244,36,34,73,72,68,66,73,72,90,90,30,29,71,72,28,29,73,74,14,13,35,71,65,72,85,30,76,31,77,12,35,68,66,74,98,24,85,29,87,11,35,68,166,174,98,24,185,29,87,111
36,485,3030,55,55,27,25,63,63,72,72,83,77,2,4,2,2,68,72,80,80,68,68,59,21,63,72,68,5,3,77,79,64,54,15,55,71,62,4,3,86,82,59,154,115,55,71,162,4,3,86,182,59
37,298,3067,67,61,72,70,45,49,73,73,69,69,40,43,78,83,80,80,35,43,65,68,53,72,48,77,77,45,84,81,51,73,46,70,33,87,86,43,92,92,47,75,146,170,133,87,86,43,192,92,147,175
38,384,3432,9,9,73,75,78,78,45,45,39,39,92,89,62,62,85,85,88,88,81,81,10,79,73,44,32,79,62,88,85,74,9,82,71,41,31,82,61,100,98,70,109,82,171,41,31,182,61,100,98,70
39,442,3414,40,40,50,50,70,70,20,20,80,80,70,70,90,90,40,40,90,90,80,80,34,59,77,14,87,78,86,47,87,61,28,57,79,13,97,88,100,45,99,57,28,157,179,113,197,188,200,45,99,57
40,551,3429,62,69,36,40,51,55,82,83,33,34,68,72,68,70,59,62,48,49,61,62,77,45,64,86,36,81,73,68,52,65,66,43,59,88,38,91,73,69,50,66,66,43,159,88,38,91,73,69,50,166
41,533,3460,79,81,22,23,40,45,65,69,55,58,54,70,79,81,32,38,80,82,29,30,87,25,53,73,64,81,87,44,87,34,96,18,46,83,58,91,97,39,96,30,96,118,146,183,158,91,97,139,196,130
42,610,3058,77,67,43,35,77,74,35,33,23,21,19,18,9,8,37,32,13,12,7,8,73,31,86,48,25,25,10,31,14,10,75,27,90,38,18,19,10,29,14,10,75,27,90,138,118,119,110,29,14,10
43,472,3060,36,50,19,14,35,50,87,82,40,44,55,60,55,65,28,30,28,30,40,50,50,12,48,81,44,63,65,32,31,55,41,11,40,78,40,55,65,30,29,53,141,111,140,78,40,55,165,30,29,153
44,248,3003,62,65,65,65,44,44,82,80,73,73,3,3,58,63,6,5,23,23,56,56,77,79,54,87,81,3,72,5,27,64,79,82,51,96,92,2,70,4,21,58,179,182,51,196,92,2,170,4,121,158
45,258,3370,95,85,85,85,45,55,95,95,95,90,80,82,25,20,30,33,75,76,25,24,78,87,61,95,86,85,16,35,79,22,89,97,64,95,89,98,16,35,82,20,89,197,164,195,189,98,116,35,182,20
46,444,3383,80,80,28,35,6,6,68,73,25,25,40,40,23,23,68,70,78,78,28,28,82,44,7,79,26,45,26,75,81,32,99,39,5,84,22,43,23,76,91,31,199,139,5,184,122,43,123,176,191,31
47,525,3266,94,88,27,29,16,16,80,80,77,76,5,6,64,72,17,16,55,55,33,35,87,32,16,80,76,7,77,15,54,38,94,25,16,87,79,5,86,14,52,32,194,25,16,187,79,5,86,114,52,32
48,763,3012,70,77,70,69,36,38,15,17,30,32,40,35,49,50,8,3,65,67,65,67,81,71,50,16,34,32,51,3,64,67,92,73,42,16,30,31,47,3,59,63,92,173,142,16,130,31,47,3,159,163
49,453,3317,83,85,3,3,4,4,79,80,58,65,48,48,58,60,84,85,7,9,60,58,87,3,4,86,73,50,65,87,10,55,94,3,3,89,77,42,65,95,10,53,94,3,103,189,77,142,165,95,10,153
50,467,3064,75,75,46,40,56,58,44,46,86,88,90,90,25,24,63,73,38,43,53,56,73,34,60,48,95,82,26,77,43,59,76,30,52,40,95,99,23,66,37,57,76,130,152,140,195,199,123,66,37,157
51,470,3122,42,42,12,11,68,66,6,6,67,70,73,73,83,89,72,72,33,30,43,43,43,10,61,5,72,74,95,71,25,44,36,10,57,4,70,80,95,69,19,39,136,10,57,104,170,180,195,169,119,139
52,551,3017,50,55,16,17,81,76,46,51,68,67,17,17,38,38,83,76,15,15,79,75,57,18,73,59,65,17,37,73,15,73,53,18,71,57,67,15,33,75,14,75,53,18,171,157,67,15,33,175,114,75
53,428,3296,62,68,23,25,31,24,55,61,48,50,43,59,57,57,2,2,83,80,65,70,69,25,21,64,52,60,51,3,77,74,63,19,15,59,54,52,46,2,84,81,63,119,115,159,54,152,46,2,84,81
54,443,3028,44,44,35,34,42,45,8,8,59,57,14,15,31,28,32,40,56,57,8,11,44,33,47,9,54,16,26,43,57,12,40,27,45,6,51,16,22,34,53,13,40,127,45,106,151,16,122,134,53,13
55,370,3054,31,31,72,73,56,57,61,63,29,27,68,69,79,81,78,78,26,26,82,82,33,76,64,68,19,73,88,86,16,86,27,79,59,62,22,83,98,100,24,90,127,79,159,162,22,183,198,200,124,190
56,370,3293,88,88,72,73,82,83,38,40,31,38,80,80,41,43,52,60,61,62,3,3,87,75,86,42,41,79,47,65,64,3,94,76,90,32,36,82,45,66,59,3,94,176,190,132,36,182,45,166,159,3
57,511,3200,75,75,88,88,73,75,32,32,10,9,10,9,85,85,42,45,12,11,68,68,77,86,81,28,8,9,88,50,10,69,86,89,91,26,6,7,100,41,9,63,86,189,91,26,6,107,100,141,9,63
58,512,3301,14,14,56,54,70,73,35,28,60,60,75,75,38,44,66,66,78,83,88,85,13,51,76,21,60,73,49,64,87,84,11,46,80,19,60,71,35,59,96,92,11,46,80,19,160,171,135,159,196,192
59,272,3131,47,50,17,17,82,82,87,87,24,22,13,13,80,78,48,42,90,90,65,65,51,16,81,86,19,13,73,34,87,65,49,16,91,90,17,11,77,31,94,67,149,16,191,90,117,11,77,131,194,67
60,371,3018,82,82,28,28,45,48,52,52,26,26,65,73,65,60,22,20,2,3,85,85,77,26,52,54,27,81,59,18,3,82,85,22,54,51,21,91,55,18,2,99,85,122,54,151,121,91,155,18,102,199
61,250,3046,35,33,60,60,44,45,66,65,2,2,5,5,50,50,1,1,21,22,60,60,31,60,51,67,3,5,53,1,26,59,27,60,47,63,3,4,48,1,22,54,27,60,47,163,3,4,148,1,122,154
62,385,3462,20,20,70,70,40,42,18,19,10,9,60,60,65,66,75,74,30,28,40,45,18,73,44,19,8,59,68,72,26,50,18,75,41,17,6,54,69,71,23,42,18,75,41,117,6,154,69,71,123,42
63,801,3191,46,48,6,7,24,25,78,78,32,30,53,50,72,72,78,78,50,54,45,45,49,8,25,77,22,48,72,76,56,45,43,6,18,84,20,33,72,79,62,44,143,6,118,84,120,133,172,79,62,44
64,361,3250,13,13,9,9,10,10,47,49,34,34,59,59,53,53,88,88,82,82,87,84,12,10,9,52,32,55,52,87,79,73,12,10,7,54,26,53,45,97,82,77,12,10,7,54,126,153,145,197,182,77
65,536,3277,68,70,23,16,83,76,6,11,62,62,57,50,31,25,54,59,32,29,60,65,76,16,76,11,62,50,22,64,26,69,80,24,85,8,61,44,20,59,23,67,80,124,185,108,61,144,20,159,123,167
66,240,3197,80,85,27,27,82,80,8,10,85,85,50,52,85,80,90,88,30,35,85,77,87,27,77,11,86,56,79,86,49,73,96,25,79,8,90,62,82,100,35,71,196,125,179,108,190,62,182,200,135,171
67,348,3052,77,77,31,31,4,4,79,79,68,69,19,18,66,66,47,50,67,69,18,18,78,32,5,78,72,17,67,55,73,19,89,25,4,78,70,15,64,53,75,17,89,25,4,178,170,15,64,153,175,117
68,384,3496,65,70,28,28,72,72,10,10,62,62,56,56,45,45,40,42,38,41,40,45,75,27,77,10,65,57,45,43,51,54,76,25,79,10,66,53,43,36,47,51,176,125,179,10,166,53,43,136,47,51
69,774,3261,61,63,54,54,22,22,63,68,27,42,36,15,16,14,9,9,43,47,56,66,65,55,22,71,49,16,14,10,51,71,67,53,20,73,43,24,12,10,46,68,67,153,120,173,143,124,112,10,46,68
70,423,3349,6,9,58,62,61,64,62,66,55,65,69,73,22,32,82,79,39,41,55,62,10,64,64,67,68,73,33,77,42,62,8,59,59,64,62,75,27,85,32,56,8,59,159,64,162,175,127,85,132,156
71,800,3253,3,3,47,49,73,75,40,43,30,20,21,16,43,44,86,80,34,29,2,2,3,52,77,47,16,12,48,77,28,3,2,50,84,45,16,11,38,79,26,3,102,50,84,45,116,111,138,179,26,3
72,359,3119,65,65,70,71,17,17,13,14,73,73,81,80,18,25,82,83,45,40,45,47,64,71,17,14,73,79,27,85,34,48,59,69,15,12,77,84,25,98,30,40,159,169,15,112,77,184,125,98,130,140
73,780,3356,75,74,9,10,69,75,65,65,59,63,11,11,87,83,35,35,75,75,19,17,71,10,78,67,66,10,81,32,77,15,74,8,88,65,72,10,91,26,86,14,74,8,188,65,72,110,191,126,86,114
74,1043,3057,39,50,71,71,67,66,23,34,68,72,40,51,5,5,12,16,22,22,51,47,50,71,66,34,72,51,5,16,22,47,41,69,72,28,71,48,4,16,21,45,141,169,72,128,71,48,104,16,21,45
75,528,3366,67,75,68,68,54,55,60,70,58,56,51,57,35,31,40,48,32,31,65,71,76,66,54,73,54,60,31,50,30,73,85,56,51,75,50,60,29,42,24,71,185,56,151,175,150,160,29,42,24,171
76,272,3028,47,44,30,30,45,45,15,10,48,51,20,17,25,25,34,37,67,62,8,10,44,33,47,9,54,16,26,43,57,12,40,27,45,6,51,16,22,34,53,13,40,127,45,106,151,16,122,134,53,13
77,959,3383,93,82,32,40,5,5,85,79,27,27,35,40,19,25,77,77,82,82,35,33,82,44,7,79,26,45,26,75,81,32,99,39,5,84,22,43,23,76,91,31,199,139,5,184,122,43,123,176,191,31
78,419,3484,78,78,45,46,88,88,39,43,58,59,72,73,43,48,68,69,21,25,3,3,77,48,85,44,61,74,54,71,31,3,87,40,98,39,64,77,50,73,27,2,87,140,98,39,164,177,150,173,27,102
79,268,3076,74,74,28,24,78,75,78,75,77,82,36,35,9,9,78,75,32,28,82,80,73,22,73,73,88,32,10,72,25,76,77,20,75,71,100,30,8,72,19,85,77,20,75,171,100,30,8,172,119,185
80,463,3401,70,72,42,42,39,40,50,52,28,28,8,8,2,2,85,82,70,69,53,53,78,44,44,53,28,10,3,79,64,54,88,40,39,48,26,10,2,84,58,51,188,40,139,148,26,10,102,184,158,151
81,313,3341,9,11,17,16,82,85,33,21,44,48,38,40,55,53,76,75,89,88,22,25,12,16,88,18,54,42,51,73,87,28,13,16,100,18,50,32,47,73,97,26,13,16,100,18,150,132,47,73,97,26
82,694,3192,63,64,2,3,66,68,37,36,35,30,19,19,85,89,43,45,79,79,95,90,62,5,68,32,16,21,87,48,72,86,61,4,62,30,24,19,95,33,72,89,61,4,162,30,124,19,95,133,172,189
83,515,3282,76,74,69,69,75,73,65,66,30,28,42,40,7,7,10,11,12,14,83,88,69,69,71,65,25,34,7,11,19,95,63,67,73,67,18,31,5,8,17,95,63,167,173,67,118,131,5,108,117,195
84,350,3426,31,40,3,2,46,52,68,69,6,7,89,88,91,87,78,74,19,18,41,46,45,1,54,71,8,87,85,71,18,50,43,1,49,68,6,94,98,74,18,42,43,1,49,68,6,194,98,74,18,142
85,950,3368,63,63,71,74,86,86,58,59,36,39,43,43,76,75,10,11,69,70,18,26,69,76,87,61,43,43,71,12,71,33,67,79,94,64,34,37,73,13,69,27,167,79,94,164,34,137,173,13,169,127
86,487,3172,40,40,25,19,70,66,50,55,45,43,36,35,75,73,30,33,65,75,55,57,44,22,65,51,44,36,72,34,73,60,39,20,67,47,39,38,74,28,73,60,139,20,67,147,39,38,174,28,73,160
87,476,3177,75,74,7,8,17,16,20,18,50,51,73,73,11,11,27,26,47,52,64,59,73,8,16,15,51,73,10,25,54,54,75,6,16,14,47,73,9,19,50,52,175,6,16,114,47,73,9,119,150,52
88,414,3338,50,57,54,52,74,73,62,54,78,78,65,67,24,20,68,72,34,44,68,68,60,52,73,54,79,69,18,74,48,69,60,54,75,49,84,63,18,70,38,67,160,54,175,49,184,63,18,70,138,167
89,543,3204,59,60,68,70,7,8,34,41,19,20,64,66,17,19,18,19,4,3,4,4,62,73,10,56,21,71,22,19,3,5,61,73,10,62,15,73,20,17,2,4,61,73,110,62,115,173,20,117,2,4
90,614,3121,26,24,62,68,18,22,56,62,38,44,39,44,10,14,37,34,62,68,88,92,14,65,16,60,53,44,12,32,71,87,13,66,16,52,46,41,13,31,68,94,113,166,16,152,146,41,13,31,68,194
91,670,3288,25,25,70,70,80,80,35,45,55,60,55,60,12,12,80,80,65,70,75,75,25,67,76,52,68,60,10,87,73,79,18,64,79,54,61,60,10,93,77,82,118,64,79,54,161,160,10,93,77,182
92,700,3168,69,69,72,70,17,17,58,58,58,58,54,54,73,73,78,78,62,62,23,24,67,68,16,55,54,44,73,75,52,32,65,61,16,53,51,39,76,76,50,25,65,161,16,153,151,39,76,176,50,25
93,622,3117,52,52,37,35,86,84,78,79,67,69,87,87,65,65,29,27,86,86,32,32,54,32,77,81,74,87,64,16,80,31,49,25,85,92,70,93,59,16,86,29,49,25,85,92,70,93,159,116,186,29
94,377,3396,9,10,88,85,19,21,34,36,90,90,92,90,55,58,28,30,90,90,38,36,11,76,26,38,86,77,65,41,87,34,8,79,23,32,88,85,67,36,94,31,108,79,123,32,88,85,67,36,94,131
95,313,3044,65,66,82,78,83,81,39,40,7,9,48,51,39,45,23,20,40,42,45,44,68,74,80,42,10,56,48,17,41,43,69,80,86,32,8,62,33,15,36,37,69,180,186,132,8,62,133,15,36,137
96,445,3387,8,8,34,35,27,28,49,50,2,2,15,15,26,27,6,7,79,80,67,69,9,47,25,53,3,15,36,10,87,73,6,45,18,48,2,14,38,10,97,76,106,45,118,148,102,114,38,10,97,76
97,529,3111,76,76,72,75,84,84,58,60,62,62,76,76,7,7,40,41,82,80,34,34,74,81,85,66,64,79,7,43,79,33,70,91,98,72,59,82,5,36,82,27,70,91,98,72,59,82,5,136,182,127
98,437,3253,3,3,54,53,81,79,35,40,21,18,15,13,41,43,85,77,20,23,2,2,3,52,77,47,16,12,48,77,28,3,2,50,84,45,16,11,38,79,26,3,102,50,84,45,116,111,138,179,26,3
99,330,3453,16,13,65,69,22,18,65,70,70,70,80,81,4,4,80,83,4,5,60,79,13,72,16,72,73,84,5,87,7,81,11,74,16,71,76,92,4,95,5,91,11,174,116,71,76,192,4,95,105,91
100,442,3003,71,70,71,73,44,46,80,80,63,64,3,3,59,59,2,5,30,28,69,65,77,79,54,87,81,3,72,5,27,64,79,82,51,96,92,2,70,4,21,58,179,182,51,196,92,2,170,4,121,158
101,316,3496,78,77,31,29,84,80,7,9,73,70,53,55,39,41,38,41,43,46,44,50,75,27,77,10,65,57,45,43,51,54,76,25,79,10,66,53,43,36,47,51,176,125,179,10,166,53,43,136,47,51
102,281,3418,55,55,30,30,40,57,43,45,35,40,75,80,1,1,40,40,23,23,65,68,52,34,60,47,54,87,3,35,25,72,54,29,60,45,50,96,2,35,23,71,54,129,160,45,150,96,102,35,23,71
103,321,3173,45,46,33,37,68,72,33,37,38,32,72,70,74,72,31,26,68,69,72,72,54,49,79,43,38,71,73,22,74,77,49,43,82,34,32,74,73,20,77,87,49,143,82,134,32,74,73,120,177,87
104,415,3226,60,62,70,73,70,72,25,27,22,22,57,61,56,59,61,65,70,70,60,64,64,76,75,34,21,68,62,77,71,68,59,85,76,29,15,61,56,87,73,69,159,185,176,129,115,161,156,87,173,69
105,444,3428,31,36,38,41,23,17,15,15,57,61,6,7,62,62,44,45,75,70,92,93,43,44,12,16,64,9,63,45,67,95,34,40,11,16,59,7,55,44,64,95,34,40,111,16,59,107,55,44,64,195
106,464,3270,64,60,6,7,75,72,11,12,65,65,74,73,47,50,12,12,25,28,30,36,54,9,66,14,65,71,54,13,34,44,52,6,56,14,67,73,51,11,29,39,52,106,56,14,67,173,51,11,129,139
107,811,3070,60,63,80,85,39,43,87,92,55,54,90,87,55,53,2,3,79,79,63,67,69,87,49,95,53,87,50,3,75,68,63,96,43,95,46,99,44,2,76,61,63,96,143,195,146,99,144,102,176,161
108,689,3019,79,79,84,88,41,47,38,40,65,71,23,23,26,28,22,20,34,43,75,76,79,95,54,43,79,25,32,19,51,79,81,95,51,37,82,23,31,17,47,84,181,195,151,37,82,23,31,17,147,184
109,412,3113,45,50,45,45,20,20,27,23,33,36,37,35,20,19,34,38,14,12,43,43,60,48,21,16,42,34,15,44,10,43,60,33,19,24,32,31,14,39,10,37,160,133,19,124,132,131,114,39,10,37
110,309,3409,3,3,41,46,37,34,20,19,56,57,3,3,75,77,60,61,62,67,73,70,3,48,32,18,59,3,81,54,68,67,2,40,31,18,55,3,91,50,69,64,2,140,31,18,155,3,191,150,69,64
111,399,3128,87,87,78,78,90,85,75,75,42,37,58,70,7,8,90,80,37,30,12,12,87,74,86,77,34,71,9,77,30,12,99,70,90,86,30,68,7,85,24,12,99,70,90,86,130,68,7,85,24,12
112,391,3285,44,44,16,16,44,44,70,80,44,44,50,55,9,9,67,67,50,50,66,66,43,11,45,88,50,73,8,72,65,86,37,8,43,98,44,73,6,74,66,90,37,108,43,198,144,73,6,174,166,90
113,351,3193,68,70,65,60,70,72,72,72,23,22,45,40,35,32,65,65,40,38,80,82,73,55,74,73,21,34,31,65,16,86,83,53,70,77,19,30,27,67,24,100,183,153,70,77,19,130,27,67,124,200
114,271,3195,60,60,3,3,27,27,46,46,4,4,70,65,56,54,93,95,30,30,32,25,76,3,42,51,5,65,54,95,32,25,85,2,32,48,4,67,51,95,25,18,185,2,132,48,4,67,151,195,25,118
115,1078,3472,5,5,16,15,72,72,11,11,48,52,42,42,46,48,53,55,76,80,48,48,5,14,73,11,51,43,56,59,86,50,4,13,76,8,46,36,62,57,90,41,4,113,76,108,46,136,62,157,190,141
116,343,3409,3,3,55,54,46,45,26,22,63,63,3,3,84,87,51,52,67,67,84,80,3,48,32,18,59,3,81,54,68,67,2,40,31,18,55,3,91,50,69,64,2,140,31,18,155,3,191,150,69,64
117,464,3382,28,28,15,15,63,63,8,8,75,75,80,85,23,19,40,45,30,30,55,55,28,14,65,9,78,87,16,49,25,60,26,12,65,7,78,96,16,43,19,52,26,112,165,7,178,96,16,143,119,152
118,664,3476,68,69,74,80,37,39,58,60,35,35,50,50,46,46,81,83,47,52,22,18,73,76,48,67,21,51,51,87,64,15,83,85,38,64,19,46,49,96,58,14,183,185,138,64,19,46,149,96,158,114
119,349,3370,88,82,80,85,55,58,90,92,89,85,74,79,22,18,29,33,76,77,19,20,78,87,61,95,86,85,16,35,79,22,89,97,64,95,89,98,16,35,82,20,89,197,164,195,189,98,116,35,182,20
120,292,3255,35,35,28,32,56,66,29,42,70,77,89,88,10,12,78,81,34,55,78,72,34,34,68,42,79,86,12,81,54,72,31,29,69,32,81,88,13,92,50,72,131,129,69,132,181,88,13,92,150,172
121,205,3343,72,70,43,41,81,83,48,48,13,13,25,28,8,8,83,81,11,11,85,85,71,32,87,51,14,31,7,79,12,87,73,31,96,47,12,29,5,83,11,95,173,31,96,47,112,29,105,83,111,95
122,576,3034,62,68,55,56,54,53,43,45,65,68,75,80,50,51,54,54,35,35,63,64,71,59,51,49,73,86,52,54,34,67,69,55,49,43,77,88,45,51,28,63,169,155,149,143,77,88,145,51,28,163
123,808,3200,81,81,91,91,72,72,25,25,7,7,5,8,90,90,40,45,10,10,55,64,77,86,81,28,8,9,88,50,10,69,86,89,91,26,6,7,100,41,9,63,86,189,91,26,6,107,100,141,9,63
124,749,3257,36,40,33,35,45,45,66,66,19,20,43,43,60,61,26,26,43,44,48,48,43,42,49,63,25,43,64,22,48,52,36,32,43,68,19,37,59,20,38,54,136,132,143,168,119,37,159,120,138,54
125,392,3344,66,68,78,79,27,23,90,90,8,8,76,76,56,60,22,25,51,52,70,70,72,81,16,88,10,73,66,27,53,68,70,92,24,98,10,75,72,21,46,69,170,92,124,198,10,75,72,121,146,69
126,458,3357,68,68,81,86,33,22,58,55,67,58,12,12,20,22,16,13,72,72,8,8,68,88,16,54,54,12,25,12,72,8,69,98,24,52,51,12,18,11,70,6,69,198,124,52,151,12,118,111,170,6
127,599,3115,57,59,29,25,68,67,40,37,72,72,50,52,82,84,30,29,70,72,27,37,60,22,65,34,72,54,85,25,73,42,60,20,66,28,70,50,98,18,75,32,160,20,166,128,170,150,98,118,175,132
128,533,3161,20,20,50,52,22,20,29,28,44,45,57,54,41,42,79,76,34,36,33,32,21,54,18,26,49,51,44,74,38,31,19,51,18,23,35,49,41,80,32,29,19,51,18,123,135,149,41,180,32,29
129,449,3375,79,84,33,34,82,84,1,1,7,9,12,12,73,74,89,83,81,84,11,11,88,34,86,1,9,12,74,77,87,11,100,28,100,1,6,12,81,85,93,8,100,28,200,1,106,12,81,85,93,108
130,914,3099,72,75,75,75,4,5,81,82,35,40,71,75,10,10,79,81,30,40,74,80,81,73,9,86,43,79,12,85,49,78,91,71,7,89,36,82,12,98,43,78,91,171,7,189,136,82,12,98,143,178
131,346,3004,62,62,30,30,16,16,28,28,35,35,6,6,73,73,85,85,10,10,76,76,60,27,19,25,27,7,59,78,9,67,60,21,17,18,25,5,55,78,7,63,160,121,117,118,125,105,155,178,107,163
132,765,3492,45,50,48,48,50,50,28,27,88,85,84,82,60,60,50,50,62,65,38,35,51,50,51,25,81,72,61,48,69,34,47,42,48,23,78,72,64,38,63,30,47,42,48,23,78,172,164,138,63,130
133,385,3178,65,62,3,3,7,9,14,10,95,95,16,16,17,16,75,73,80,76,45,48,62,3,9,10,95,16,16,73,76,48,61,2,6,10,95,16,16,71,79,40,61,102,106,110,195,16,116,171,79,140
134,376,3343,64,66,38,38,75,75,42,42,14,14,40,40,5,5,81,81,10,10,85,85,71,32,87,51,14,31,7,79,12,87,73,31,96,47,12,29,5,83,11,95,173,31,96,47,112,29,105,83,111,95
135,1052,3335,68,78,62,64,85,80,76,77,24,20,36,34,14,13,5,5,65,61,76,84,78,64,72,79,19,32,13,7,59,87,88,58,72,82,17,30,11,5,57,96,188,158,172,182,17,30,11,5,157,96
136,343,3390,27,27,81,81,55,53,84,85,45,33,48,54,59,63,12,12,25,47,80,78,27,76,52,87,30,53,66,13,49,76,25,80,54,96,24,48,56,11,35,85,125,80,54,96,24,148,56,11,135,185
137,843,3094,24,28,22,25,28,29,7,8,87,87,85,68,78,78,88,88,46,50,91,91,34,26,30,8,87,67,78,87,52,87,28,22,24,6,96,65,88,96,50,93,128,122,24,6,196,65,188,96,50,93
138,980,3213,24,20,80,82,6,6,84,86,28,28,26,26,38,38,30,30,12,13,32,32,17,84,5,81,27,25,34,22,12,32,15,93,4,91,25,23,28,21,12,26,15,193,104,191,125,23,28,21,12,126
139,491,3075,39,39,74,74,84,82,7,7,14,13,18,18,90,88,6,6,83,83,5,5,34,73,80,8,12,19,81,9,76,5,28,71,86,6,11,17,91,7,79,4,128,171,186,6,111,17,191,7,79,4
140,241,3403,75,76,28,31,26,23,45,48,68,69,44,47,44,44,33,33,27,27,36,38,77,34,19,54,73,52,45,32,25,44,86,29,17,51,75,50,43,26,19,39,86,129,117,51,175,50,43,126,119,139
141,615,3234,59,54,91,88,35,41,87,85,66,63,81,77,4,3,84,81,52,54,33,35,54,87,41,84,63,74,3,81,54,36,49,93,36,93,55,80,3,78,51,38,49,93,36,193,55,180,3,78,51,38
142,676,3326,7,6,85,83,50,63,80,70,72,76,55,30,70,85,50,48,85,83,77,75,8,87,65,72,79,32,88,51,86,78,6,93,65,71,81,25,100,47,90,88,6,93,165,71,181,25,100,147,190,188
143,425,3337,77,76,65,64,29,32,35,28,58,55,38,36,8,9,12,10,49,44,61,64,71,63,32,27,53,36,10,11,45,60,68,68,26,21,48,38,8,8,43,60,68,168,126,121,148,38,8,108,43,160
144,282,3418,55,53,49,45,62,62,48,48,55,55,78,85,2,2,40,40,24,24,75,74,52,34,60,47,54,87,3,35,25,72,54,29,60,45,50,96,2,35,23,71,54,129,160,45,150,96,102,35,23,71
145,1378,3357,76,70,80,85,21,19,45,49,56,54,12,12,19,22,20,16,76,74,10,9,68,88,16,54,54,12,25,12,72,8,69,98,24,52,51,12,18,11,70,6,69,198,124,52,151,12,118,111,170,6
146,821,3402,36,38,4,4,65,63,26,25,73,70,27,29,82,84,11,11,79,82,45,43,41,5,62,26,67,32,87,12,84,45,36,4,61,23,64,26,94,12,93,44,36,104,61,123,64,126,94,12,193,44
147,565,3323,84,84,44,42,46,40,55,53,85,87,4,5,57,58,78,78,17,18,20,22,84,43,34,50,86,7,59,80,19,25,92,36,28,44,89,5,55,86,17,23,192,136,28,144,189,5,155,186,117,23
148,493,3351,32,32,93,89,38,42,51,51,12,12,44,54,1,2,41,36,85,85,26,26,32,88,44,51,11,59,2,34,86,27,31,98,40,47,8,55,1,31,100,21,31,198,40,47,108,155,101,131,200,121
149,582,3170,80,83,50,48,23,16,76,70,80,84,70,70,36,36,45,50,87,84,15,14,87,51,14,67,87,72,42,55,87,17,96,48,13,64,97,71,32,53,99,15,196,48,113,64,197,71,132,153,99,15
150,367,3144,60,60,65,70,90,85,9,9,58,60,70,70,89,89,5,7,90,85,14,17,56,74,78,9,66,79,86,8,79,25,62,81,89,6,56,82,88,6,83,23,62,81,89,106,56,82,88,6,83,23
151,299,3266,75,80,25,27,18,16,65,72,70,72,7,7,70,72,14,14,45,50,35,35,87,32,16,80,76,7,77,15,54,38,94,25,16,87,79,5,86,14,52,32,194,25,16,187,79,5,86,114,52,32
152,528,3049,27,21,68,68,18,18,57,57,89,89,35,39,58,58,77,77,30,30,71,72,16,67,13,57,88,43,61,74,32,73,16,63,11,53,98,37,64,77,26,75,16,163,11,53,198,137,164,177,126,175
153,285,3100,86,85,37,37,54,54,66,65,84,84,64,64,79,83,84,84,81,81,79,79,86,34,52,67,87,61,95,86,81,75,100,28,54,65,97,57,95,90,91,76,200,28,54,65,97,57,195,190,191,176
154,308,3298,15,15,4,4,67,75,59,59,63,68,55,56,2,3,48,48,42,43,70,76,14,5,77,62,74,57,3,45,43,79,12,4,66,56,81,53,2,44,37,82,112,104,66,156,81,53,2,44,37,182
155,569,3315,23,25,30,32,67,67,78,79,10,11,55,55,39,37,72,78,80,79,40,42,27,34,67,80,10,54,32,81,77,44,25,29,65,86,9,51,26,91,84,39,125,129,65,186,109,51,126,91,84,139
156,1643,3006,70,66,25,21,7,8,12,13,17,18,75,75,71,74,16,17,17,13,58,52,61,19,9,14,19,77,79,19,12,51,57,22,7,12,17,85,83,17,11,49,57,22,7,112,17,85,83,117,111,149
157,548,3316,34,33,70,70,3,2,20,17,8,6,41,46,58,56,85,83,65,60,50,52,31,67,1,15,4,50,55,78,50,54,29,64,1,14,3,41,53,89,44,52,29,64,1,114,103,141,153,89,144,52
158,389,3138,83,80,52,48,66,64,41,38,38,42,78,84,63,56,19,19,32,32,48,55,79,44,61,34,43,87,54,18,32,60,81,39,57,29,37,96,51,18,31,60,181,139,57,129,137,196,151,18,31,160
159,424,3358,81,81,10,8,85,77,33,34,42,47,38,38,80,80,5,4,78,71,3,3,75,8,71,34,50,36,81,3,71,3,76,6,74,28,42,38,92,2,68,2,176,6,74,128,142,38,92,102,68,2
160,680,3128,86,86,69,71,83,84,76,78,39,36,58,62,10,10,86,80,28,28,12,12,87,74,86,77,34,71,9,77,30,12,99,70,90,86,30,68,7,85,24,12,99,70,90,86,130,68,7,85,24,12
161,469,3318,8,8,30,30,45,45,50,50,85,85,23,25,13,13,90,90,87,87,30,33,10,34,48,50,80,26,12,87,77,43,10,29,40,41,86,23,11,97,79,34,10,129,140,141,186,123,111,197,179,134
162,955,3207,25,18,35,39,52,52,70,71,75,77,85,83,90,89,65,65,70,71,74,76,16,42,51,73,77,81,86,69,73,79,16,32,47,71,66,78,90,67,73,82,16,132,147,171,66,78,90,167,73,82
163,591,3308,68,70,38,46,85,92,48,48,80,85,80,85,80,80,55,62,60,70,28,35,72,54,95,50,87,87,78,65,73,37,71,49,95,44,97,96,78,65,83,33,71,49,195,144,197,96,178,165,183,33
164,183,3119,72,66,72,72,20,19,12,13,75,74,81,80,32,29,89,87,42,39,45,46,64,71,17,14,73,79,27,85,34,48,59,69,15,12,77,84,25,98,30,40,159,169,15,112,77,184,125,98,130,140
165,409,3081,83,85,2,2,76,76,9,9,98,96,58,65,89,89,34,32,17,17,45,50,88,1,77,8,87,73,87,28,17,56,100,1,86,6,97,71,94,26,15,62,100,1,86,6,97,171,194,26,15,62
166,553,3419,40,40,37,35,58,52,52,42,27,19,41,41,52,52,86,86,59,55,92,90,34,31,44,42,16,34,37,77,54,78,28,29,41,32,16,31,33,85,52,89,128,29,41,132,116,131,33,85,52,89
167,757,3115,56,56,21,21,74,69,32,32,80,76,43,47,86,86,23,23,72,72,26,28,60,22,65,34,72,54,85,25,73,42,60,20,66,28,70,50,98,18,75,32,160,20,166,128,170,150,98,118,175,132
168,644,3265,38,40,46,48,70,68,40,42,39,42,92,92,82,85,51,51,8,8,80,80,44,53,63,48,44,88,87,52,9,77,40,48,55,38,41,98,96,45,6,66,40,148,55,138,41,198,96,145,106,66
169,244,3117,52,52,27,27,77,77,74,74,68,68,80,81,67,67,22,19,70,70,30,30,54,32,77,81,74,87,64,16,80,31,49,25,85,92,70,93,59,16,86,29,49,25,85,92,70,93,159,116,186,29
170,636,3426,48,48,1,1,52,52,68,68,6,6,8,89,82,82,73,73,18,18,45,45,45,1,54,71,8,87,85,71,18,50,43,1,49,68,6,94,98,74,18,42,43,1,49,68,6,194,98,74,18,142
171,456,3101,25,24,87,87,21,23,44,40,55,55,95,94,89,89,32,34,59,59,59,59,26,86,27,34,50,88,87,37,67,54,22,89,25,30,44,98,96,33,63,52,122,189,125,130,144,198,196,33,163,52
172,523,3363,62,63,50,50,68,75,5,5,57,55,33,28,11,12,20,18,7,9,72,66,64,50,77,5,54,26,12,17,9,65,59,44,66,4,52,23,12,15,7,67,159,144,66,104,52,123,12,15,107,67
173,723,3088,70,76,31,28,42,46,77,75,52,56,27,26,24,22,62,65,10,11,54,60,84,27,50,74,54,25,19,67,11,71,92,25,44,77,51,23,22,64,8,69,192,125,144,177,151,23,22,64,108,169
174,353,3119,68,65,70,70,22,18,17,15,76,73,79,79,34,27,86,85,38,34,40,44,64,71,17,14,73,79,27,85,34,48,59,69,15,12,77,84,25,98,30,40,159,169,15,112,77,184,125,98,130,140
175,265,3008,55,54,76,85,78,63,11,11,6,7,16,16,92,90,52,50,6,8,4,4,53,87,54,10,7,18,87,48,9,4,48,96,51,8,5,18,99,33,7,3,148,196,151,8,105,18,99,133,7,103
176,330,3428,33,35,40,45,18,15,15,15,60,58,7,7,50,66,45,45,70,68,85,90,43,44,12,16,64,9,63,45,67,95,34,40,11,16,59,7,55,44,64,95,34,40,111,16,59,107,55,44,64,195
177,936,3450,88,88,8,8,55,55,7,7,82,82,14,14,72,70,40,40,29,31,90,85,81,10,65,8,75,19,69,44,32,79,78,9,67,6,76,17,63,39,26,83,78,9,67,6,176,117,63,139,126,83
178,478,3148,9,9,92,90,85,86,46,47,35,35,58,60,39,45,48,52,43,45,68,65,9,87,84,47,33,66,48,53,49,69,7,97,93,45,27,72,40,46,35,67,107,97,193,45,127,72,140,146,135,167
179,296,3368,77,74,84,83,89,89,56,60,33,37,39,39,75,70,11,12,70,70,27,30,69,76,87,61,43,43,71,12,71,33,67,79,94,64,34,37,73,13,69,27,167,79,94,164,34,137,173,13,169,127
180,522,3209,70,74,82,85,33,33,68,71,81,81,88,88,4,5,28,24,74,74,29,34,74,88,34,73,80,87,7,16,76,34,77,100,30,71,86,94,5,24,79,29,177,100,130,171,186,94,105,124,79,129
181,830,3029,83,84,27,28,11,10,81,77,53,52,46,44,50,50,65,70,29,29,28,35,86,28,10,73,51,43,43,72,33,43,90,26,9,75,47,37,37,71,27,34,190,26,9,75,147,37,137,71,127,134
182,649,3096,34,30,75,75,42,42,50,48,10,10,28,25,20,18,35,35,26,25,72,72,22,79,34,50,10,26,18,32,21,73,20,83,30,44,9,23,18,31,19,76,120,83,130,144,109,123,18,31,19,76
183,638,3043,48,39,80,80,75,69,11,12,4,5,95,92,70,72,32,22,80,81,35,39,37,80,66,14,7,87,72,16,81,41,33,86,56,14,5,94,74,24,91,36,33,186,56,14,5,194,174,124,191,36
184,510,3196,67,70,75,75,12,11,98,90,12,12,45,45,1,1,92,90,41,50,45,50,73,79,10,86,11,44,1,86,52,54,77,82,10,89,8,40,1,90,54,50,77,82,110,189,108,40,1,90,54,150
185,355,3099,71,76,75,76,10,10,87,87,36,39,72,74,13,13,85,85,43,45,73,75,81,73,9,86,43,79,12,85,49,78,91,71,7,89,36,82,12,98,43,78,91,171,7,189,136,82,12,98,143,178
186,857,3316,34,32,74,70,2,1,17,16,5,5,42,48,68,62,89,85,57,54,55,55,31,67,1,15,4,50,55,78,50,54,29,64,1,14,3,41,53,89,44,52,29,64,1,114,103,141,153,89,144,52
187,579,3437,10,10,25,23,60,70,70,68,70,70,4,4,75,70,60,60,30,20,50,60,10,21,81,68,74,5,68,67,16,64,10,19,91,69,77,4,62,65,16,59,10,19,91,69,177,4,162,65,16,159
188,911,3441,6,8,12,12,68,71,27,29,72,73,42,44,17,17,57,57,84,85,68,68,9,12,73,32,73,48,17,56,87,68,7,12,83,30,75,38,15,62,95,61,107,12,183,30,175,138,15,62,95,161
189,607,3208,51,48,74,74,20,22,78,76,32,35,20,21,89,92,28,26,63,63,83,79,45,72,33,71,43,25,87,22,60,73,44,70,27,74,36,19,96,20,52,77,44,170,127,74,136,119,96,120,152,77
190,531,3204,61,63,71,72,13,11,42,51,29,24,64,68,16,18,20,20,3,3,4,5,62,73,10,56,21,71,22,19,3,5,61,73,10,62,15,73,20,17,2,4,61,73,110,62,115,173,20,117,2,4
191,794,3096,28,25,79,79,35,35,52,51,7,8,26,26,21,19,24,26,22,22,65,67,22,79,34,50,10,26,18,32,21,73,20,83,30,44,9,23,18,31,19,76,120,83,130,144,109,123,18,31,19,76
192,450,3135,90,90,85,83,79,85,25,25,55,64,70,77,80,77,53,57,8,9,47,50,87,82,87,27,71,80,74,60,10,54,93,99,97,25,68,86,80,52,9,51,93,199,97,125,68,186,180,152,9,151
193,501,3362,7,8,35,37,72,75,34,42,72,63,7,8,24,24,78,85,85,76,45,50,10,41,77,48,66,9,27,87,76,54,10,36,87,40,56,6,21,96,79,51,110,36,87,140,56,106,121,196,79,51
194,211,3481,32,30,85,80,76,70,6,8,92,90,88,82,36,48,88,85,75,75,42,36,28,78,66,9,86,81,49,84,73,34,26,78,56,7,90,91,43,92,77,30,26,178,56,7,90,191,143,192,77,130
195,1490,3207,19,17,28,35,48,50,80,75,65,73,85,81,85,86,65,65,80,75,70,75,16,42,51,73,77,81,86,69,73,79,16,32,47,71,66,78,90,67,73,82,16,132,147,171,66,78,90,167,73,82
196,496,3433,42,50,52,47,31,28,23,30,70,77,60,59,35,31,12,10,24,25,70,77,50,47,28,30,77,59,31,10,25,77,42,45,26,24,86,55,27,10,18,66,142,45,26,24,86,155,27,110,118,66
197,700,3443,37,33,50,45,70,73,35,40,38,35,18,14,80,75,35,35,50,51,2,3,36,52,73,43,38,12,77,37,52,3,38,45,77,34,32,11,84,33,50,3,38,145,77,134,32,111,84,33,50,3
198,481,3028,36,38,31,32,34,40,8,8,54,54,14,14,23,24,32,36,55,56,10,10,44,33,47,9,54,16,26,43,57,12,40,27,45,6,51,16,22,34,53,13,40,127,45,106,151,16,122,134,53,13
199,240,3353,78,78,12,10,91,90,95,90,95,90,65,65,14,13,65,65,41,44,72,74,79,9,87,85,86,65,12,64,50,77,82,6,94,98,90,67,12,59,42,84,182,106,94,98,190,67,12,59,42,84
200,791,3359,91,88,49,51,54,48,26,29,69,69,94,93,34,34,67,67,44,46,93,89,78,60,45,33,69,78,49,68,50,86,78,60,44,27,63,89,35,61,41,89,178,160,44,127,63,89,135,161,141,189
201,547,3430,38,38,35,35,45,45,50,50,78,78,7,8,75,70,55,55,2,2,68,68,43,34,56,47,77,10,67,51,2,69,37,31,62,45,66,10,65,49,1,63,137,131,62,45,66,10,65,149,101,63
202,583,3320,54,54,65,70,77,76,70,83,42,38,24,20,17,19,41,40,38,36,49,49,52,71,75,88,34,16,19,34,34,51,54,73,76,100,28,16,17,30,29,47,54,173,176,100,128,116,117,130,129,47
203,468,3313,38,38,83,85,90,89,11,11,3,3,68,65,45,40,64,67,41,42,52,51,37,88,87,10,3,65,35,73,44,52,33,100,97,9,2,67,35,71,40,50,33,100,97,109,102,67,35,171,40,50
204,622,3227,8,8,81,82,25,18,72,73,11,12,75,75,72,72,73,73,67,67,69,72,10,86,16,78,13,73,73,73,68,77,10,100,24,88,11,77,71,75,62,66,110,200,124,188,11,77,171,75,162,66
205,479,3261,84,74,62,60,28,25,75,74,38,46,33,25,12,12,5,7,62,58,65,70,65,55,22,71,49,16,14,10,51,71,67,53,20,73,43,24,12,10,46,68,67,153,120,173,143,124,112,10,46,68
206,381,3142,29,29,32,32,11,12,77,83,79,75,79,81,17,17,56,55,19,19,53,50,42,32,12,87,73,84,17,54,21,45,32,25,13,96,75,92,15,52,15,44,132,25,13,196,75,192,15,52,115,44
207,398,3051,78,78,83,83,66,66,26,26,74,74,70,70,59,59,51,51,35,35,77,77,76,87,56,14,78,66,51,51,26,79,79,97,62,13,88,72,49,47,23,81,79,97,62,113,188,72,149,147,123,181
208,1540,3457,43,48,19,15,30,48,19,18,60,62,40,40,10,7,5,5,30,33,20,20,50,14,50,19,62,41,5,5,34,19,44,13,42,17,61,36,4,4,30,22,144,113,42,17,61,36,104,4,130,22
209,1252,3315,23,23,39,39,68,68,73,74,9,9,61,60,36,35,69,73,86,86,35,37,27,34,67,80,10,54,32,81,77,44,25,29,65,86,9,51,26,91,84,39,125,129,65,186,109,51,126,91,84,139
210,454,3486,27,27,32,31,68,68,87,86,53,53,83,85,48,52,7,8,38,18,44,54,26,25,72,86,54,85,54,9,16,57,22,23,70,88,51,98,51,7,24,53,122,23,170,88,151,98,51,7,124,53
211,1130,3010,8,9,12,13,76,78,45,47,82,85,53,50,43,50,55,48,17,17,57,52,10,15,77,45,87,48,51,51,17,50,9,14,85,43,96,40,47,46,15,42,109,114,85,43,96,140,147,46,15,42
212,477,3469,32,40,45,50,17,17,89,89,77,77,45,45,50,50,16,18,55,65,90,80,49,51,17,86,75,48,43,19,67,77,43,48,15,88,76,33,36,17,65,85,143,48,15,88,176,133,136,17,65,85
213,681,3209,77,75,83,87,38,37,87,78,83,82,91,90,4,7,27,18,64,75,32,34,74,88,34,73,80,87,7,16,76,34,77,100,30,71,86,94,5,24,79,29,177,100,130,171,186,94,105,124,79,129
214,488,3364,70,83,65,72,8,6,38,52,18,17,56,65,43,30,55,62,56,40,45,34,87,77,7,60,22,72,34,68,45,36,95,85,5,52,20,70,30,61,43,38,95,85,5,152,20,170,130,161,43,38
215,452,3406,40,42,12,12,80,90,30,27,8,10,30,25,40,42,85,85,80,80,80,83,44,12,95,27,10,19,43,87,77,86,40,12,95,25,10,17,36,97,85,90,40,12,195,125,10,17,136,97,85,190
216,477,3063,22,17,54,62,74,75,4,4,47,45,57,59,41,37,31,40,67,68,12,11,15,73,76,3,43,64,34,48,73,10,14,71,85,2,37,59,30,38,83,9,114,171,185,102,37,59,130,138,183,109
217,608,3375,89,89,40,38,85,85,2,2,9,9,11,12,88,80,80,80,89,88,11,11,88,34,86,1,9,12,74,77,87,11,100,28,100,1,6,12,81,85,93,8,100,28,200,1,106,12,81,85,93,108
218,621,3297,37,36,9,9,13,13,89,89,52,49,57,59,88,88,78,76,64,64,73,78,34,9,14,87,45,60,87,74,64,77,29,7,12,94,44,52,96,70,58,86,129,7,112,194,44,152,196,70,158,86
219,546,3432,10,10,72,75,78,75,37,39,35,35,84,81,57,57,92,90,89,89,76,75,10,79,73,44,32,79,62,88,85,74,9,82,71,41,31,82,61,100,98,70,109,82,171,41,31,182,61,100,98,70
220,584,3393,81,80,38,38,27,21,33,35,78,78,80,80,61,61,30,30,88,85,60,60,77,34,16,49,74,79,62,34,79,53,84,30,24,43,77,82,61,29,82,48,84,130,124,143,177,82,61,129,182,148
221,558,3147,65,60,80,85,45,40,25,20,20,18,3,3,25,20,35,40,50,53,60,65,59,87,32,17,14,2,21,42,53,69,55,94,31,15,13,1,15,32,48,67,155,94,31,15,113,101,115,132,148,167
222,413,3297,35,35,6,6,11,11,73,75,43,43,50,50,68,68,69,69,49,49,68,68,34,9,14,87,45,60,87,74,64,77,29,7,12,94,44,52,96,70,58,86,129,7,112,194,44,152,196,70,158,86
223,519,3152,2,2,30,32,28,28,53,53,33,34,85,85,86,86,76,75,4,6,43,43,1,41,25,51,43,86,80,71,7,44,1,36,19,46,34,90,86,73,5,39,1,36,119,46,34,190,186,173,105,39
224,725,3172,36,38,25,24,65,65,46,48,50,48,36,36,71,71,36,35,74,74,55,57,44,22,65,51,44,36,72,34,73,60,39,20,67,47,39,38,74,28,73,60,139,20,67,147,39,38,174,28,73,160
225,641,3459,60,68,76,77,83,84,26,28,35,37,40,38,17,17,40,38,64,66,69,68,73,78,88,32,43,36,16,35,74,64,71,89,98,25,37,38,16,35,70,59,171,89,198,25,137,38,16,35,70,59
226,348,3381,23,19,28,29,24,24,18,18,22,22,41,41,62,62,47,47,59,59,71,71,16,34,43,32,12,44,73,43,64,77,16,30,34,25,11,41,75,36,59,79,116,130,34,25,111,41,75,136,159,179
227,339,3099,75,80,82,75,8,9,85,85,25,42,80,80,11,12,85,85,40,45,82,78,81,73,9,86,43,79,12,85,49,78,91,71,7,89,36,82,12,98,43,78,91,171,7,189,136,82,12,98,143,178
228,253,3212,56,63,21,15,62,62,8,9,74,74,47,48,82,82,68,67,56,60,72,65,68,10,62,9,74,48,81,66,63,61,62,9,61,6,81,40,78,72,68,57,162,109,61,106,81,140,78,72,168,57
229,521,3475,33,37,77,75,48,50,65,65,25,26,85,80,32,34,10,10,51,53,49,50,42,72,54,61,28,73,34,10,56,51,32,70,49,64,26,75,28,9,62,48,132,170,49,164,26,75,28,9,62,48
230,450,3071,70,75,80,83,80,80,14,14,78,78,90,87,74,70,55,55,67,74,35,35,74,84,77,14,79,86,69,54,77,37,77,92,86,14,82,88,67,51,66,33,177,192,86,14,182,88,167,151,66,33
231,273,3430,36,40,40,36,45,50,50,45,75,75,8,10,70,67,60,55,3,3,70,70,43,34,56,47,77,10,67,51,2,69,37,31,62,45,66,10,65,49,1,63,137,131,62,45,66,10,65,149,101,63
232,430,3133,32,39,83,85,33,38,61,62,69,70,70,75,7,7,12,13,80,83,70,75,43,87,43,68,77,76,7,14,86,81,36,94,34,61,79,85,5,14,88,78,136,94,134,161,179,185,105,14,88,78
233,683,3341,12,12,14,15,81,85,22,18,46,51,26,37,45,48,75,73,90,87,27,28,12,16,88,18,54,42,51,73,87,28,13,16,100,18,50,32,47,73,97,26,13,16,100,18,150,132,47,73,97,26
234,1272,3090,12,10,32,32,63,60,10,12,54,62,81,85,35,32,46,48,11,11,49,49,10,32,60,12,65,87,30,54,10,52,8,31,60,13,66,96,24,50,9,50,8,31,60,13,166,96,24,150,109,50
235,416,3199,77,77,75,72,13,12,64,60,69,66,54,53,49,52,74,74,13,12,73,72,78,69,9,51,55,50,57,74,12,68,88,67,7,49,53,42,53,70,12,62,188,167,107,149,153,142,53,70,12,162
236,350,3034,66,68,57,57,58,53,39,43,74,74,81,82,47,49,50,51,36,35,62,64,71,59,51,49,73,86,52,54,34,67,69,55,49,43,77,88,45,51,28,63,169,155,149,143,77,88,145,51,28,163
237,756,3134,17,17,42,45,24,18,26,29,15,14,30,28,30,35,60,58,82,80,2,2,12,49,16,32,13,16,43,52,79,2,11,43,16,26,11,24,34,45,84,1,111,143,16,126,11,124,34,145,184,101
238,658,3070,59,61,77,81,34,43,85,90,61,57,81,83,59,55,3,3,74,74,58,62,69,87,49,95,53,87,50,3,75,68,63,96,43,95,46,99,44,2,76,61,63,96,143,195,146,99,144,102,176,161
239,496,3111,66,72,80,80,86,86,62,62,59,60,84,84,6,6,43,43,80,80,22,28,74,81,85,66,64,79,7,43,79,33,70,91,98,72,59,82,5,36,82,27,70,91,98,72,59,82,5,136,182,127
240,263,3029,86,86,31,31,10,10,85,80,45,46,40,40,43,43,78,75,42,40,36,38,86,28,10,73,51,43,43,72,33,43,90,26,9,75,47,37,37,71,27,34,190,26,9,75,147,37,137,71,127,134
241,330,3177,70,72,6,8,17,17,18,16,58,52,75,73,6,9,21,25,55,54,56,55,73,8,16,15,51,73,10,25,54,54,75,6,16,14,47,73,9,19,50,52,175,6,16,114,47,73,9,119,150,52
242,537,3241,69,70,28,24,53,50,41,39,57,55,61,61,29,29,3,3,38,38,77,77,71,16,45,36,52,62,27,3,38,77,74,24,44,38,50,56,25,3,32,84,74,124,44,38,50,156,125,3,32,84
243,398,3478,32,38,15,15,42,40,52,54,72,74,85,85,40,41,45,47,60,55,85,85,44,14,36,55,77,87,43,50,51,87,39,14,38,53,66,96,37,42,48,93,139,14,38,153,66,96,137,42,48,93
244,262,3310,76,76,80,79,75,72,39,43,36,36,68,63,68,68,69,69,58,58,7,7,79,76,61,50,34,59,68,73,59,8,82,80,57,41,28,54,62,83,55,6,82,80,57,141,28,154,162,183,155,6
245,493,3221,45,47,28,16,51,48,75,75,62,62,38,49,8,9,14,18,22,22,79,68,51,16,45,73,67,49,10,19,22,67,47,16,43,77,65,43,10,17,21,64,47,116,43,77,65,143,110,17,21,64
246,1842,3196,79,77,72,74,11,11,75,80,9,10,34,35,1,1,79,85,49,50,52,53,73,79,10,86,11,44,1,86,52,54,77,82,10,89,8,40,1,90,54,50,77,82,110,189,108,40,1,90,54,150
247,342,3430,44,42,40,38,52,53,48,47,70,72,6,9,75,70,58,55,2,2,75,71,43,34,56,47,77,10,67,51,2,69,37,31,62,45,66,10,65,49,1,63,137,131,62,45,66,10,65,149,101,63
248,747,3489,56,59,43,45,37,37,81,75,58,61,50,55,72,70,11,12,85,78,15,17,63,48,36,73,65,61,67,14,72,19,55,38,38,71,65,64,65,14,72,22,55,138,38,171,165,164,65,14,172,22
249,467,3460,84,85,19,22,49,51,59,68,64,64,73,79,89,88,39,42,90,89,41,36,87,25,53,73,64,81,87,44,87,34,96,18,46,83,58,91,97,39,96,30,96,118,146,183,158,91,97,139,196,130
250,267,3189,45,54,80,80,85,74,50,48,60,63,55,60,35,30,26,30,65,70,34,30,60,84,77,51,68,65,34,32,74,35,60,92,79,47,69,66,28,31,80,35,160,192,179,47,69,166,28,31,180,35
251,709,3483,45,50,30,31,70,77,65,71,65,59,50,43,85,87,6,7,12,14,25,22,50,31,77,71,59,43,87,7,14,22,44,27,84,69,54,37,99,5,12,20,144,27,84,169,154,37,99,105,112,120
252,892,3381,23,21,42,39,33,36,31,32,16,16,34,38,76,76,38,41,64,64,82,80,16,34,43,32,12,44,73,43,64,77,16,30,34,25,11,41,75,36,59,79,116,130,34,25,111,41,75,136,159,179
253,429,3270,59,59,11,10,67,67,13,14,71,69,73,71,52,52,15,14,38,36,43,43,54,9,66,14,65,71,54,13,34,44,52,6,56,14,67,73,51,11,29,39,52,106,56,14,67,173,51,11,129,139
254,757,3026,36,33,69,69,55,55,17,17,4,5,3,3,6,6,55,51,28,25,70,65,38,74,54,18,7,5,9,54,21,60,32,77,51,18,5,4,7,49,19,52,32,177,51,18,105,4,107,49,19,152
255,761,3340,73,74,25,22,78,80,28,25,3,3,35,30,48,55,70,73,30,32,83,85,75,27,81,19,3,32,63,76,31,87,76,21,91,17,2,26,55,80,29,97,176,121,191,17,102,126,55,80,29,197
256,686,3255,48,48,48,48,66,66,48,48,90,90,88,88,11,11,84,84,65,65,79,79,34,34,68,42,79,86,12,81,54,72,31,29,69,32,81,88,13,92,50,72,131,129,69,132,181,88,13,92,150,172
257,355,3097,68,68,81,83,47,48,45,18,5,5,67,50,20,20,45,44,63,70,78,78,74,87,53,16,5,52,21,45,73,79,80,94,46,24,4,54,19,43,83,82,180,94,146,124,104,54,19,43,183,182
258,564,3096,28,27,87,87,52,50,59,58,8,8,19,19,20,20,32,32,23,23,69,69,22,79,34,50,10,26,18,32,21,73,20,83,30,44,9,23,18,31,19,76,120,83,130,144,109,123,18,31,19,76
259,594,3040,80,83,90,89,55,53,30,32,40,41,52,54,60,61,75,78,85,82,9,9,77,87,54,34,43,59,64,87,73,10,84,94,51,28,37,55,59,97,75,10,84,94,151,128,137,155,159,197,75,10
260,415,3054,22,24,67,73,58,59,71,69,23,22,61,66,82,84,79,82,28,24,83,84,33,76,64,68,19,73,88,86,16,86,27,79,59,62,22,83,98,100,24,90,127,79,159,162,22,183,198,200,124,190
261,924,3276,32,32,28,32,70,75,45,47,27,27,61,61,67,67,61,55,69,69,85,85,16,51,75,52,22,56,74,63,68,86,24,47,76,54,20,62,80,55,61,89,124,147,176,54,20,62,180,55,161,189
262,473,3115,58,58,36,25,72,70,35,35,68,68,55,55,84,84,33,30,72,72,35,40,60,22,65,34,72,54,85,25,73,42,60,20,66,28,70,50,98,18,75,32,160,20,166,128,170,150,98,118,175,132
263,420,3457,54,54,20,16,47,50,33,21,65,64,33,40,5,5,3,4,40,35,18,18,50,14,50,19,62,41,5,5,34,19,44,13,42,17,61,36,4,4,30,22,144,113,42,17,61,36,104,4,130,22
264,848,3334,62,62,25,24,5,6,13,11,36,32,57,52,78,74,37,46,82,84,9,11,62,25,5,9,36,51,77,50,87,9,56,23,4,6,38,46,79,42,94,7,156,23,4,106,38,46,179,42,194,7
265,957,3247,43,48,58,63,59,64,24,30,35,45,23,24,32,43,57,55,78,84,30,40,50,67,69,32,49,25,48,54,86,43,41,65,63,25,35,18,33,51,100,34,141,65,63,25,135,118,133,151,200,34
266,427,3091,72,72,65,67,58,63,65,67,16,15,21,22,20,18,24,20,65,68,78,83,79,67,64,67,14,25,15,19,71,87,82,65,59,64,12,18,14,22,68,93,82,65,59,64,112,118,114,22,68,93
267,486,3177,70,75,10,7,15,15,15,15,50,50,75,74,10,10,30,30,55,55,50,55,73,8,16,15,51,73,10,25,54,54,75,6,16,14,47,73,9,19,50,52,175,6,16,114,47,73,9,119,150,52
268,368,3449,24,22,55,55,72,74,17,16,54,58,14,14,45,45,22,24,43,43,51,52,19,50,80,12,65,13,50,27,43,57,17,44,86,11,65,11,42,21,37,53,17,144,186,111,165,11,42,121,137,53
269,497,3318,12,12,37,37,41,41,40,40,60,65,23,23,12,12,75,75,77,77,35,35,10,34,48,50,80,26,12,87,77,43,10,29,40,41,86,23,11,97,79,34,10,129,140,141,186,123,111,197,179,134
270,713,3333,29,29,74,74,17,15,73,73,48,48,73,73,68,68,83,83,59,54,38,44,36,67,14,80,59,71,81,79,51,51,38,64,13,86,57,69,91,81,48,47,38,64,113,186,157,169,91,181,48,147
271,609,3286,5,5,70,71,58,56,63,63,72,72,84,81,13,13,41,43,45,45,32,35,3,77,53,61,71,77,14,54,48,43,2,66,48,57,69,84,12,50,33,34,2,66,148,57,169,84,112,150,133,134
272,733,3351,34,30,87,85,40,41,50,50,9,12,56,56,1,2,36,35,92,90,26,25,32,88,44,51,11,59,2,34,86,27,31,98,40,47,8,55,1,31,100,21,31,198,40,47,108,155,101,131,200,121
273,410,3042,25,30,45,48,76,75,80,85,8,8,32,29,77,78,86,86,20,20,44,46,31,54,73,88,8,26,81,87,21,50,29,51,71,98,6,23,91,97,19,42,29,51,171,198,6,123,91,197,19,142
274,614,3204,54,62,70,73,7,10,58,56,20,21,78,71,22,22,17,19,2,3,4,5,62,73,10,56,21,71,22,19,3,5,61,73,10,62,15,73,20,17,2,4,61,73,110,62,115,173,20,117,2,4
275,480,3062,6,6,86,83,77,74,48,48,67,67,88,86,75,73,83,81,11,11,34,34,7,72,65,50,64,84,67,75,11,34,5,72,66,41,58,92,64,76,8,28,5,172,166,141,158,192,64,176,108,28
276,294,3223,53,53,67,64,89,84,80,80,45,40,86,86,65,70,50,52,55,55,57,52,53,59,78,74,33,81,81,56,51,51,48,54,89,70,27,91,91,62,46,49,148,154,89,70,127,191,91,62,46,149
277,500,3355,45,48,70,67,15,14,16,18,19,23,60,65,85,80,9,8,36,38,85,86,51,67,14,19,25,68,78,8,38,88,47,65,12,17,18,61,88,6,32,100,147,65,112,117,118,161,188,6,32,100
278,465,3134,17,15,25,27,25,20,35,33,15,14,32,20,39,41,59,54,82,80,4,3,12,49,16,32,13,16,43,52,79,2,11,43,16,26,11,24,34,45,84,1,111,143,16,126,11,124,34,145,184,101
279,300,3184,23,24,45,45,38,43,27,27,75,75,5,5,74,70,90,90,65,65,78,80,28,44,42,31,74,5,66,86,64,84,26,39,32,29,77,4,56,88,58,92,26,39,132,29,177,104,56,88,58,192
280,354,3038,6,6,72,75,82,82,32,30,42,35,65,65,55,55,80,75,85,85,90,90,7,79,81,27,33,67,53,72,87,88,5,82,91,21,27,65,46,72,94,98,105,82,191,121,127,65,146,172,94,198
281,482,3174,1,2,27,13,67,70,80,79,7,8,8,8,58,67,92,92,22,24,2,2,2,12,72,79,9,9,71,87,26,3,1,12,70,82,7,6,69,94,23,3,101,12,170,82,7,106,169,194,123,3
282,625,3182,52,57,31,31,73,75,21,28,61,61,2,2,36,40,82,79,39,42,71,71,68,33,76,31,62,1,49,79,44,71,69,27,80,29,56,1,43,84,39,74,69,127,80,29,156,1,143,184,39,74
283,998,3151,40,40,25,25,39,40,22,25,55,55,65,65,55,57,45,47,28,28,80,85,44,25,43,27,53,67,59,51,28,87,39,23,36,25,46,65,54,49,26,97,139,23,136,125,146,65,154,149,26,197
284,393,3486,23,22,19,22,65,69,60,82,40,49,79,79,50,48,9,7,15,14,70,52,26,25,72,86,54,85,54,9,16,57,22,23,70,88,51,98,51,7,24,53,122,23,170,88,151,98,51,7,124,53
285,1040,3344,74,74,86,86,35,21,89,89,9,9,74,74,56,56,24,24,46,46,55,55,72,81,16,88,10,73,66,27,53,68,70,92,24,98,10,75,72,21,46,69,170,92,124,198,10,75,72,121,146,69
286,658,3249,46,52,88,88,90,90,67,67,68,68,31,24,71,71,55,55,91,85,46,46,54,87,87,64,68,16,66,69,79,44,52,93,94,59,61,24,56,63,84,40,52,93,94,59,161,124,56,63,184,40
287,417,3169,32,32,55,55,62,55,76,74,17,16,29,34,14,14,54,54,12,13,42,45,33,53,51,71,15,48,13,54,14,50,27,48,46,73,14,38,11,51,14,44,127,148,46,173,114,138,11,51,14,144
288,638,3390,22,23,60,76,38,48,67,87,24,26,50,50,70,70,20,15,35,48,70,76,27,76,52,87,30,53,66,13,49,76,25,80,54,96,24,48,56,11,35,85,125,80,54,96,24,148,56,11,135,185
289,362,3392,47,57,61,54,80,69,78,69,90,72,55,56,41,35,11,54,67,55,32,35,64,59,73,73,67,62,47,53,60,43,59,57,71,76,64,61,45,46,60,37,159,157,171,76,64,61,45,146,60,137
290,521,3489,52,60,42,46,32,34,82,77,62,64,57,58,64,68,14,14,74,74,26,22,63,48,36,73,65,61,67,14,72,19,55,38,38,71,65,64,65,14,72,22,55,138,38,171,165,164,65,14,172,22
291,752,3465,35,40,37,40,89,86,22,20,75,80,79,75,75,80,18,18,40,40,45,55,48,48,86,17,81,72,87,19,35,55,38,40,89,15,91,70,96,17,35,53,138,140,189,15,191,170,96,17,35,153
292,549,3257,45,45,42,42,36,42,63,63,25,25,51,47,64,64,24,23,54,50,54,53,43,42,49,63,25,43,64,22,48,52,36,32,43,68,19,37,59,20,38,54,136,132,143,168,119,37,159,120,138,54
293,385,3167,70,71,36,34,27,13,85,85,8,8,24,24,48,49,60,75,14,17,40,42,73,32,12,86,9,22,50,81,19,43,75,31,11,90,7,20,44,91,22,37,175,31,111,190,7,20,144,91,22,37
294,644,3027,26,30,50,48,45,49,37,34,19,19,30,29,80,85,12,12,17,16,73,73,34,54,50,32,19,28,86,12,15,73,31,52,42,31,22,26,90,13,14,75,131,52,42,31,22,26,90,13,114,175
295,582,3476,75,75,81,79,40,40,75,70,35,28,62,62,60,60,75,80,58,58,18,18,73,76,48,67,21,51,51,87,64,15,83,85,38,64,19,46,49,96,58,14,183,185,138,64,19,46,149,96,158,114
296,358,3256,71,80,47,46,43,47,65,63,63,61,80,77,32,33,64,60,75,74,85,80,69,45,50,61,60,72,34,54,72,73,67,43,41,64,52,71,28,52,74,77,167,43,141,164,152,71,28,52,174,77
297,185,3287,85,87,34,42,57,57,67,67,2,88,47,47,83,72,43,48,69,71,60,64,87,42,57,67,86,43,72,48,71,64,96,32,53,65,90,37,70,38,69,59,96,132,53,65,190,137,170,138,169,59
298,778,3397,14,14,68,72,60,60,42,45,22,22,52,55,60,60,46,48,68,68,70,70,14,84,67,52,26,66,64,54,76,71,13,93,64,45,23,56,59,51,80,68,113,193,64,145,123,56,159,151,80,68
299,782,3035,78,76,55,60,37,38,26,26,56,56,80,80,6,7,17,18,47,59,84,80,72,64,44,21,64,81,9,26,51,72,71,58,40,19,59,91,6,22,47,74,71,58,40,19,159,191,106,122,47,174
300,431,3006,64,65,21,20,9,9,12,13,17,18,81,80,79,79,18,19,16,15,62,55,61,19,9,14,19,77,79,19,12,51,57,22,7,12,17,85,83,17,11,49,57,22,7,112,17,85,83,117,111,149
301,393,3412,29,29,55,65,62,62,68,65,85,86,25,23,31,40,79,85,13,11,57,55,30,68,64,64,88,22,49,86,10,52,24,69,59,59,98,20,35,100,10,45,24,69,159,59,198,20,135,200,110,145
302,540,3195,74,77,3,3,22,36,55,53,4,5,78,68,45,52,94,95,24,30,25,25,76,3,42,51,5,65,54,95,32,25,85,2,32,48,4,67,51,95,25,18,185,2,132,48,4,67,151,195,25,118
303,353,3326,5,6,78,82,52,53,59,60,80,80,26,27,83,84,48,47,85,84,79,74,8,87,65,72,79,32,88,51,86,78,6,93,65,71,81,25,100,47,90,88,6,93,165,71,181,25,100,147,190,188
304,265,3323,84,84,32,38,33,33,50,51,74,76,4,6,53,53,80,80,17,18,20,22,84,43,34,50,86,7,59,80,19,25,92,36,28,44,89,5,55,86,17,23,192,136,28,144,189,5,155,186,117,23
305,247,3198,90,90,90,90,38,20,80,75,34,38,12,12,78,78,90,90,90,90,90,90,85,87,16,73,43,13,79,87,81,76,98,93,24,73,34,11,81,96,78,79,98,93,124,73,134,11,181,96,78,79
306,908,3076,77,75,30,28,80,75,75,75,92,90,35,34,8,9,70,71,25,25,88,78,73,22,73,73,88,32,10,72,25,76,77,20,75,71,100,30,8,72,19,85,77,20,75,171,100,30,8,172,119,185
307,658,3374,99,80,50,53,4,5,90,90,99,99,30,30,70,70,70,75,3,5,65,65,81,54,7,79,78,25,68,77,5,69,91,50,5,81,78,18,62,66,4,63,191,150,5,181,178,118,162,66,104,63
308,482,3348,14,14,48,50,28,25,65,60,35,42,70,68,90,90,89,89,10,10,90,85,14,52,25,57,44,63,87,86,10,80,14,54,23,53,41,68,99,90,10,87,14,54,23,53,41,168,99,190,110,187
309,936,3066,76,75,62,62,76,76,55,64,67,66,38,42,8,9,3,3,10,9,32,31,73,64,82,64,67,44,10,3,9,30,76,59,99,58,64,40,8,2,6,24,76,159,199,58,64,40,8,2,106,24
310,390,3273,43,48,69,67,29,30,37,40,31,29,70,70,19,18,42,44,73,77,28,25,50,64,30,43,27,69,16,44,78,22,42,59,24,36,21,67,16,39,88,21,42,159,24,136,121,167,16,39,188,21
311,706,3115,54,56,28,26,69,67,35,35,72,74,48,52,78,83,33,27,66,71,29,39,60,22,65,34,72,54,85,25,73,42,60,20,66,28,70,50,98,18,75,32,160,20,166,128,170,150,98,118,175,132
312,477,3338,52,54,51,51,73,73,46,50,81,80,60,67,21,20,70,72,35,44,83,76,60,52,73,54,79,69,18,74,48,69,60,54,75,49,84,63,18,70,38,67,160,54,175,49,184,63,18,70,138,167
313,775,3201,76,71,45,38,54,55,23,21,2,2,87,83,61,53,39,34,87,83,75,74,65,31,57,19,2,81,51,32,79,74,66,29,53,17,1,91,49,31,82,70,166,29,53,17,101,191,149,31,182,70
314,266,3077,60,54,89,85,22,22,3,3,5,5,42,44,89,87,32,23,65,67,78,38,51,77,19,2,3,49,82,21,65,34,46,87,17,1,2,35,99,19,66,31,46,87,17,101,2,135,199,19,166,131
315,299,3035,70,72,55,61,40,42,27,25,68,66,81,81,6,8,27,27,50,50,80,73,72,64,44,21,64,81,9,26,51,72,71,58,40,19,59,91,6,22,47,74,71,58,40,19,159,191,106,122,47,174
316,1195,3235,60,60,58,63,12,11,53,52,78,80,56,62,88,83,34,34,76,74,3,3,65,65,10,54,84,64,78,31,72,3,66,65,10,52,93,58,89,27,72,2,166,165,110,52,193,158,89,27,172,2
317,577,3262,40,45,7,10,8,8,64,54,17,16,39,39,94,94,65,67,50,50,48,52,48,10,9,51,16,38,87,71,50,55,40,10,6,46,16,32,97,69,42,53,140,10,106,46,16,32,97,169,142,153
318,382,3047,65,70,75,75,45,45,45,40,35,35,80,83,50,40,40,45,15,15,50,50,74,73,49,34,31,86,36,44,13,51,77,77,35,30,29,90,38,40,11,49,177,77,135,130,29,190,38,40,11,149
319,326,3356,75,73,8,9,70,77,60,65,58,64,13,11,66,78,25,30,78,77,24,16,71,10,78,67,66,10,81,32,77,15,74,8,88,65,72,10,91,26,86,14,74,8,188,65,72,110,191,126,86,114
320,440,3354,47,48,32,30,36,32,82,82,45,45,80,80,55,55,31,31,91,91,85,82,53,27,25,77,44,73,56,25,84,79,46,21,19,87,39,77,62,18,92,82,146,121,119,87,39,77,62,118,192,82
321,455,3380,89,84,55,54,80,74,14,13,4,5,49,49,52,52,74,72,33,33,60,64,79,51,67,12,7,48,52,66,31,66,82,47,64,11,5,33,45,56,29,72,182,147,64,111,5,133,145,56,29,72
322,382,3246,84,85,65,65,49,58,78,80,72,75,23,24,53,53,2,3,43,42,58,56,86,65,65,84,81,25,54,3,34,52,100,67,65,93,91,18,49,2,30,45,200,67,165,193,91,118,49,2,130,145
323,347,3432,8,9,78,78,74,74,34,38,34,33,85,82,61,60,85,86,91,89,85,80,10,79,73,44,32,79,62,88,85,74,9,82,71,41,31,82,61,100,98,70,109,82,171,41,31,182,61,100,98,70
324,374,3290,23,16,65,66,55,53,92,90,3,3,13,12,88,88,91,89,78,75,75,77,14,68,51,88,3,11,87,87,73,79,13,62,47,98,3,8,93,96,77,81,113,162,147,198,3,108,93,96,77,181
325,828,3357,43,62,78,86,27,21,45,52,51,52,12,12,32,28,20,15,75,73,9,9,68,88,16,54,54,12,25,12,72,8,69,98,24,52,51,12,18,11,70,6,69,198,124,52,151,12,118,111,170,6
326,525,3001,46,46,28,20,28,26,54,60,32,38,12,11,62,66,65,65,5,5,19,19,47,12,25,65,43,10,68,74,4,17,45,11,23,65,34,10,61,77,3,15,45,111,23,165,134,110,161,177,103,15
327,1191,3381,22,16,41,37,35,43,22,32,15,13,43,44,81,75,34,40,54,62,80,78,16,34,43,32,12,44,73,43,64,77,16,30,34,25,11,41,75,36,59,79,116,130,34,25,111,41,75,136,159,179
328,663,3193,74,74,61,59,73,73,77,76,19,19,47,44,25,27,61,62,24,21,80,81,73,55,74,73,21,34,31,65,16,86,83,53,70,77,19,30,27,67,24,100,183,153,70,77,19,130,27,67,124,200
329,226,3085,71,71,81,85,34,40,49,49,8,8,16,16,39,37,35,35,41,32,39,42,73,87,43,50,7,15,36,34,34,44,71,97,34,44,5,14,38,31,28,40,171,97,134,144,105,114,38,131,128,40
330,378,3286,2,2,75,75,53,53,65,65,72,72,85,85,12,12,45,50,40,40,30,30,3,77,53,61,71,77,14,54,48,43,2,66,48,57,69,84,12,50,33,34,2,66,148,57,169,84,112,150,133,134
331,436,3263,74,75,29,29,4,4,82,83,41,42,86,86,49,49,54,53,67,73,59,59,78,31,5,87,45,87,53,51,77,62,89,27,4,97,43,99,48,49,87,56,89,27,104,97,43,99,148,149,87,156
332,299,3212,65,70,8,8,62,62,10,10,72,70,45,47,80,80,55,60,62,62,80,65,68,10,62,9,74,48,81,66,63,61,62,9,61,6,81,40,78,72,68,57,162,109,61,106,81,140,78,72,168,57
333,333,3014,90,85,80,85,79,82,61,56,41,40,50,50,75,75,32,35,33,33,45,40,78,88,84,52,35,51,73,37,34,34,78,100,93,50,35,46,77,33,28,30,178,100,193,50,35,46,77,33,28,130
334,936,3187,52,53,75,82,79,79,78,77,40,39,76,76,23,24,82,83,31,38,90,85,55,95,81,74,38,76,26,84,43,79,53,95,91,70,32,79,22,92,36,82,153,195,191,70,32,79,122,192,136,182
335,763,3385,60,61,68,62,33,33,78,79,12,11,84,88,6,5,42,35,56,60,77,75,61,59,31,79,10,88,4,32,64,74,64,54,27,81,10,100,3,30,58,70,164,154,27,181,110,100,103,30,58,70
336,435,3098,8,8,80,82,45,50,70,71,2,2,80,80,4,37,68,75,77,77,85,85,9,87,55,73,1,80,34,81,74,87,7,94,53,76,1,87,31,91,77,99,107,194,153,76,1,187,131,91,177,99
337,444,3183,90,80,37,44,61,64,6,10,12,12,89,86,63,62,6,7,15,16,28,35,80,44,64,10,12,86,62,7,16,42,87,40,58,10,12,90,56,5,16,32,187,40,158,10,12,190,156,105,16,132
338,830,3467,90,88,65,65,60,68,80,78,75,74,85,80,63,63,27,27,65,69,35,30,87,68,69,79,67,77,66,26,71,16,93,69,67,82,64,84,56,23,69,24,93,69,167,82,64,84,56,123,169,124
339,271,3387,12,10,45,45,23,24,53,53,7,4,15,15,37,37,8,9,76,80,88,78,9,47,25,53,3,15,36,10,87,73,6,45,18,48,2,14,38,10,97,76,106,45,118,148,102,114,38,10,97,76
340,337,3348,13,13,50,49,33,31,55,54,48,45,59,58,80,82,80,82,12,11,77,76,14,52,25,57,44,63,87,86,10,80,14,54,23,53,41,68,99,90,10,87,14,54,23,53,41,168,99,190,110,187
341,532,3011,48,52,75,76,71,75,45,46,55,65,56,55,68,70,33,29,58,63,62,63,54,77,81,48,69,55,73,28,66,64,50,85,91,40,63,53,77,26,56,59,150,85,91,140,63,153,77,26,56,59
342,389,3225,4,5,77,77,65,65,89,88,73,72,34,34,8,8,23,25,83,83,14,14,7,86,68,87,71,36,10,33,79,15,5,90,69,99,69,38,10,27,82,14,5,90,69,99,169,38,10,127,182,114
343,509,3323,78,78,34,37,38,35,65,54,89,88,4,6,56,56,70,75,29,22,29,27,84,43,34,50,86,7,59,80,19,25,92,36,28,44,89,5,55,86,17,23,192,136,28,144,189,5,155,186,117,23
344,1012,3321,39,39,75,80,30,31,40,49,50,60,25,32,39,39,65,70,60,65,42,47,35,87,31,54,69,30,37,81,69,52,35,97,29,51,63,24,33,91,67,45,35,197,29,151,63,24,33,191,167,145
345,355,3162,45,48,72,82,77,75,85,85,12,10,69,70,45,40,53,58,60,65,75,75,47,86,78,87,9,72,34,64,77,78,45,89,88,99,6,70,30,59,66,78,45,189,188,99,106,170,130,159,66,178
346,444,3340,65,70,26,26,80,80,23,20,4,4,27,27,56,60,75,75,30,30,80,85,75,27,81,19,3,32,63,76,31,87,76,21,91,17,2,26,55,80,29,97,176,121,191,17,102,126,55,80,29,197
347,1064,3386,71,75,82,82,39,43,44,47,55,60,77,75,62,68,24,24,31,32,43,43,77,87,51,60,64,73,81,21,34,43,87,95,47,60,59,75,91,15,28,36,87,95,47,160,159,175,91,115,28,136
348,305,3103,51,51,89,89,47,47,59,59,83,84,48,50,89,91,78,75,25,25,20,20,48,87,50,63,87,54,95,73,25,19,40,97,42,55,96,51,95,77,23,22,140,197,42,55,96,51,195,77,23,22
349,513,3167,73,73,31,31,20,14,85,85,11,11,25,24,52,52,64,75,19,19,40,40,73,32,12,86,9,22,50,81,19,43,75,31,11,90,7,20,44,91,22,37,175,31,111,190,7,20,144,91,22,37
350,521,3351,35,34,87,87,43,43,51,51,15,13,45,50,3,3,32,32,89,88,24,25,32,88,44,51,11,59,2,34,86,27,31,98,40,47,8,55,1,31,100,21,31,198,40,47,108,155,101,131,200,121
351,369,3391,65,66,89,86,82,81,43,43,11,11,32,31,28,27,52,52,26,28,47,49,66,78,79,43,10,31,27,54,32,51,56,78,82,37,10,27,25,51,25,49,56,178,182,137,110,27,125,51,25,149
352,448,3157,28,28,58,58,77,77,75,75,10,10,25,25,50,50,34,34,1,1,80,80,34,54,79,77,10,22,62,34,1,78,31,52,83,86,10,20,61,29,1,88,131,52,83,86,110,120,61,129,1,188
353,312,3394,50,50,70,65,2,2,5,5,15,15,40,35,90,85,52,52,2,2,85,85,50,64,3,7,14,35,87,54,1,85,44,58,2,5,13,35,94,52,1,98,144,158,102,105,113,35,194,52,1,98
354,413,3388,36,36,58,62,47,47,78,79,84,85,72,73,8,10,33,35,70,70,73,72,36,63,45,79,85,73,10,35,71,72,38,55,43,84,98,75,8,35,68,74,38,55,43,184,98,175,8,35,68,174
355,822,3348,11,12,49,49,19,21,55,55,45,40,42,50,74,80,77,82,12,12,77,77,14,52,25,57,44,63,87,86,10,80,14,54,23,53,41,68,99,90,10,87,14,54,23,53,41,168,99,190,110,187
356,511,3256,84,68,45,45,40,49,64,64,41,59,72,72,31,32,54,54,87,74,79,75,69,45,50,61,60,72,34,54,72,73,67,43,41,64,52,71,28,52,74,77,167,43,141,164,152,71,28,52,174,77
357,309,3261,63,61,57,58,35,28,70,75,40,42,28,22,14,14,8,8,60,58,80,75,65,55,22,71,49,16,14,10,51,71,67,53,20,73,43,24,12,10,46,68,67,153,120,173,143,124,112,10,46,68
358,718,3275,34,33,70,75,44,48,2,2,55,58,90,93,6,6,14,12,18,17,3,3,30,79,50,2,65,95,5,10,16,3,24,82,42,1,65,95,4,10,16,3,24,82,42,101,165,195,104,110,116,3
359,334,3135,90,88,95,85,85,88,20,25,65,68,67,75,80,77,65,63,10,10,60,57,87,82,87,27,71,80,74,60,10,54,93,99,97,25,68,86,80,52,9,51,93,199,97,125,68,186,180,152,9,151
360,812,3023,83,83,46,44,52,51,66,65,74,74,87,87,38,41,8,7,90,85,50,55,79,43,50,64,73,85,49,10,86,54,83,37,42,58,73,98,43,10,88,52,83,37,142,158,73,98,143,10,88,52
361,389,3082,72,74,14,14,27,26,86,86,10,10,41,42,38,35,90,89,75,73,80,83,77,14,25,87,10,43,32,87,71,87,66,14,18,99,10,37,30,97,73,96,66,14,118,99,10,137,30,97,173,196
362,414,3086,12,12,85,77,47,47,68,55,34,27,81,81,90,90,70,75,12,12,61,61,10,73,50,51,22,77,86,81,12,57,9,77,42,46,20,66,100,92,13,53,109,77,42,46,120,66,200,92,13,53
363,733,3160,67,70,79,80,72,72,61,58,52,45,66,68,6,6,38,45,9,9,85,82,73,84,74,53,43,73,5,51,9,79,77,93,70,48,37,76,4,47,6,84,77,193,70,148,37,76,4,47,106,184
364,180,3308,75,71,47,50,97,96,54,52,90,88,87,87,91,90,54,59,71,70,39,38,72,54,95,50,87,87,78,65,73,37,71,49,95,44,97,96,78,65,83,33,71,49,195,144,197,96,178,165,183,33
365,474,3359,85,83,52,58,48,46,28,31,62,67,85,84,43,47,64,65,49,49,93,90,78,60,45,33,69,78,49,68,50,86,78,60,44,27,63,89,35,61,41,89,178,160,44,127,63,89,135,161,141,189
366,749,3229,35,40,7,7,60,62,75,75,6,8,68,64,60,60,62,65,60,55,78,75,44,8,65,72,9,62,60,68,53,72,39,6,67,74,7,56,52,61,48,70,139,6,67,174,7,156,152,161,148,170
367,439,3243,28,28,13,13,40,40,35,35,68,69,79,79,48,48,16,14,55,55,5,4,21,9,43,49,72,86,51,14,71,3,19,6,37,35,70,90,47,12,69,3,19,106,137,135,170,90,147,112,169,3
368,361,3090,9,9,28,30,68,66,11,11,66,66,77,79,27,27,54,54,12,11,56,52,10,32,60,12,65,87,30,54,10,52,8,31,60,13,66,96,24,50,9,50,8,31,60,13,166,96,24,150,109,50
369,363,3464,47,47,67,55,77,80,29,29,52,52,3,4,19,20,78,85,75,70,78,74,48,51,87,28,52,4,21,87,68,73,40,46,97,26,45,3,15,99,61,77,140,46,97,26,145,103,115,99,161,77
370,369,3226,63,63,78,78,81,77,33,33,23,22,58,65,57,58,65,68,67,67,70,70,64,76,75,34,21,68,62,77,71,68,59,85,76,29,15,61,56,87,73,69,159,185,176,129,115,161,156,87,173,69
371,756,3205,18,18,13,13,81,83,29,31,78,85,82,82,38,39,14,14,82,84,14,14,18,13,86,34,88,81,44,12,86,14,18,11,89,29,100,91,41,11,90,14,18,11,189,129,100,191,41,111,90,14
372,526,3404,7,7,42,47,74,77,78,74,35,40,14,15,13,13,65,67,10,11,55,57,7,50,86,72,49,16,14,69,12,61,5,41,90,72,35,16,12,63,13,64,105,141,90,172,135,16,112,63,13,164
373,444,3317,84,85,2,3,4,4,89,87,72,72,37,45,62,63,85,86,7,8,55,55,87,3,4,86,73,50,65,87,10,55,94,3,3,89,77,42,65,95,10,53,94,3,103,189,77,142,165,95,10,153
374,465,3059,35,14,35,30,1,2,30,30,65,70,25,27,72,72,90,90,88,85,65,65,12,27,1,16,74,26,73,86,81,63,12,21,1,24,77,23,75,90,78,55,12,121,1,124,177,123,175,190,78,55
375,745,3291,4,3,6,6,82,82,43,43,38,40,35,35,35,30,42,40,80,75,34,40,3,5,84,45,43,31,31,34,67,49,2,4,92,44,36,29,27,28,64,35,2,104,192,44,136,29,27,28,64,135
376,719,3240,10,10,25,25,8,8,72,73,85,85,40,43,55,56,6,6,36,37,36,36,12,26,10,81,87,47,64,5,43,34,13,22,10,92,95,45,58,4,34,28,13,122,10,92,95,45,158,104,34,128
377,1197,3482,16,16,18,18,70,70,75,80,52,56,36,33,13,13,53,53,75,78,85,80,16,19,74,86,66,22,12,54,81,77,16,22,70,90,72,20,13,52,91,85,16,22,70,90,72,120,13,52,191,85
378,538,3499,72,69,36,38,85,86,74,64,31,34,73,77,27,29,9,9,10,13,44,48,67,43,87,61,37,87,32,9,14,51,63,37,94,57,33,96,31,6,14,47,163,137,94,57,33,196,31,106,14,147
379,639,3012,78,79,82,78,35,46,15,15,38,36,42,37,48,48,3,3,55,62,59,66,81,71,50,16,34,32,51,3,64,67,92,73,42,16,30,31,47,3,59,63,92,173,142,16,130,31,47,3,159,163
380,1041,3301,10,11,50,50,72,73,21,21,47,52,74,74,37,45,69,62,84,84,90,85,13,51,76,21,60,73,49,64,87,84,11,46,80,19,60,71,35,59,96,92,11,46,80,19,160,171,135,159,196,192
381,461,3257,38,40,36,38,43,45,57,60,32,28,49,46,70,68,30,26,42,44,53,53,43,42,49,63,25,43,64,22,48,52,36,32,43,68,19,37,59,20,38,54,136,132,143,168,119,37,159,120,138,54
382,275,3429,76,77,50,48,65,64,83,85,38,37,71,77,80,75,67,68,58,55,58,62,77,45,64,86,36,81,73,68,52,65,66,43,59,88,38,91,73,69,50,66,66,43,159,88,38,91,73,69,50,166
383,929,3378,58,56,40,45,50,40,69,70,73,69,80,80,72,66,44,44,85,85,58,63,55,49,34,73,64,84,64,47,87,68,53,43,29,75,58,92,59,45,97,69,153,143,129,175,158,192,159,45,97,69
384,805,3074,49,47,24,24,28,28,3,3,45,46,75,76,8,9,4,4,33,26,7,7,53,19,37,2,50,78,10,3,22,8,46,17,33,1,41,88,8,2,20,6,146,117,33,101,141,188,8,102,120,6
385,818,3224,48,52,29,30,45,37,88,78,15,15,79,75,84,80,47,50,63,65,7,9,53,31,35,73,16,71,75,51,66,10,46,29,35,73,16,74,76,48,56,10,146,29,35,73,16,74,176,48,56,10
386,223,3072,66,70,28,32,44,45,52,52,44,44,62,65,6,5,80,82,24,25,83,86,72,43,50,52,48,65,4,86,27,87,71,34,41,50,40,66,3,88,25,93,71,134,141,50,140,166,103,88,125,93
387,588,3111,70,71,75,77,88,89,53,61,59,60,72,75,4,5,42,44,80,78,36,35,74,81,85,66,64,79,7,43,79,33,70,91,98,72,59,82,5,36,82,27,70,91,98,72,59,82,5,136,182,127
388,1221,3415,3,3,2,1,8,9,18,18,58,58,24,17,28,26,84,85,86,86,15,16,3,1,10,19,60,19,28,87,88,16,2,1,8,22,60,17,26,94,100,16,102,1,8,22,160,17,26,194,100,16
389,211,3089,81,83,17,17,26,34,44,46,85,80,42,47,36,40,36,24,87,87,57,54,86,16,43,49,77,51,44,16,86,50,88,16,34,43,85,47,39,24,90,44,88,16,134,143,85,47,139,124,90,144
390,359,3308,65,70,60,55,85,90,42,45,85,87,70,85,85,80,50,60,60,65,45,40,72,54,95,50,87,87,78,65,73,37,71,49,95,44,97,96,78,65,83,33,71,49,195,144,197,96,178,165,183,33
391,1492,3294,85,84,32,33,42,45,41,46,83,77,4,4,65,63,39,42,13,13,81,78,78,35,52,54,79,3,59,51,13,78,89,35,54,51,82,3,54,47,11,88,89,35,54,151,182,3,154,47,11,188
392,475,3477,77,70,22,22,30,28,35,40,40,41,88,80,90,90,19,20,55,55,55,55,68,19,16,51,44,73,86,21,52,52,62,22,24,47,39,83,90,19,54,50,162,22,124,147,139,183,90,19,54,50
393,711,3110,42,42,45,45,50,45,48,48,35,35,75,75,75,75,30,30,23,23,70,70,43,52,43,35,41,76,77,16,15,61,37,50,36,35,36,80,66,24,14,57,37,50,136,35,36,80,66,124,114,57
394,333,3356,77,69,8,10,80,80,68,66,58,58,10,10,83,80,32,32,66,68,18,17,71,10,78,67,66,10,81,32,77,15,74,8,88,65,72,10,91,26,86,14,74,8,188,65,72,110,191,126,86,114
395,378,3426,44,45,1,1,48,52,71,71,8,8,81,85,84,84,78,73,22,19,55,51,45,1,54,71,8,87,85,71,18,50,43,1,49,68,6,94,98,74,18,42,43,1,49,68,6,194,98,74,18,142
396,870,3325,68,68,11,11,50,52,16,16,70,68,70,72,26,23,60,64,22,20,8,9,73,10,53,17,61,71,22,67,18,10,76,10,46,15,57,74,20,65,18,9,76,10,146,15,57,74,20,65,18,9
397,612,3332,45,46,70,72,5,5,6,6,45,40,3,3,6,6,51,51,25,25,75,75,54,75,4,7,34,3,5,44,21,77,50,76,3,5,31,2,4,39,19,79,150,176,103,105,131,102,104,39,19,179
398,319,3485,16,14,45,52,70,70,20,20,64,75,48,50,14,12,50,60,8,8,24,30,12,65,75,19,87,54,10,71,9,49,11,67,76,17,96,50,9,74,6,43,111,67,176,17,196,150,109,74,106,143
399,1170,3318,12,9,45,37,53,45,50,48,75,75,32,30,22,18,75,88,78,77,37,40,10,34,48,50,80,26,12,87,77,43,10,29,40,41,86,23,11,97,79,34,10,129,140,141,186,123,111,197,179,134
400,363,3201,65,65,36,36,62,62,19,19,1,1,90,90,57,57,39,37,85,85,79,79,65,31,57,19,2,81,51,32,79,74,66,29,53,17,1,91,49,31,82,70,166,29,53,17,101,191,149,31,182,70
401,534,3321,38,35,80,86,28,30,50,54,62,67,25,28,32,36,78,80,68,69,50,51,35,87,31,54,69,30,37,81,69,52,35,97,29,51,63,24,33,91,67,45,35,197,29,151,63,24,33,191,167,145
402,359,3167,74,74,37,37,18,16,82,83,5,6,22,22,41,42,79,79,17,17,45,45,73,32,12,86,9,22,50,81,19,43,75,31,11,90,7,20,44,91,22,37,175,31,111,190,7,20,144,91,22,37
403,492,3212,54,64,13,12,59,62,8,9,82,77,45,45,88,88,55,58,50,54,73,71,68,10,62,9,74,48,81,66,63,61,62,9,61,6,81,40,78,72,68,57,162,109,61,106,81,140,78,72,168,57
404,443,3073,19,20,16,16,75,76,13,13,68,65,78,78,30,34,80,74,65,65,55,55,25,17,76,12,59,79,36,72,61,51,18,15,79,11,54,82,38,72,57,47,118,15,79,111,154,82,38,172,57,147
405,598,3390,22,25,65,70,48,48,86,86,32,32,55,55,68,68,14,14,32,37,70,75,27,76,52,87,30,53,66,13,49,76,25,80,54,96,24,48,56,11,35,85,125,80,54,96,24,148,56,11,135,185
406,433,3170,80,85,59,59,16,16,82,79,87,87,65,68,22,35,57,57,88,88,18,18,87,51,14,67,87,72,42,55,87,17,96,48,13,64,97,71,32,53,99,15,196,48,113,64,197,71,132,153,99,15
407,688,3282,63,65,64,65,72,71,59,61,32,26,36,36,6,6,12,12,23,21,77,89,69,69,71,65,25,34,7,11,19,95,63,67,73,67,18,31,5,8,17,95,63,167,173,67,118,131,5,108,117,195
408,465,3338,49,57,55,55,74,74,53,53,79,79,75,71,20,19,73,73,46,47,64,66,60,52,73,54,79,69,18,74,48,69,60,54,75,49,84,63,18,70,38,67,160,54,175,49,184,63,18,70,138,167
409,600,3205,20,20,15,14,81,84,27,29,89,89,81,81,32,34,26,24,90,89,13,13,18,13,86,34,88,81,44,12,86,14,18,11,89,29,100,91,41,11,90,14,18,11,189,129,100,191,41,111,90,14
410,553,3292,35,40,65,70,50,51,55,58,45,47,60,55,70,72,51,36,45,58,28,28,51,73,51,60,48,54,73,35,61,28,46,71,48,60,33,52,83,35,64,26,46,171,48,160,133,52,183,35,164,26
411,458,3176,40,38,25,21,75,82,50,50,60,58,75,82,42,47,80,80,30,30,4,4,34,19,87,51,57,86,54,79,32,3,30,17,96,48,53,89,51,82,25,2,130,117,196,48,53,189,151,182,25,2
412,387,3072,60,65,28,45,52,50,55,52,55,52,65,65,7,5,80,85,28,28,85,87,72,43,50,52,48,65,4,86,27,87,71,34,41,50,40,66,3,88,25,93,71,134,141,50,140,166,103,88,125,93
413,389,3238,18,18,70,70,77,77,17,15,45,35,27,31,75,65,55,65,12,10,17,20,19,71,74,15,35,31,64,64,10,25,22,68,80,14,35,29,59,58,9,23,22,68,180,114,35,29,59,58,109,23
414,495,3202,17,18,82,78,59,60,58,61,14,12,51,53,48,49,7,7,89,88,79,83,21,79,64,66,10,65,52,8,82,87,19,84,59,56,10,65,54,6,99,96,19,184,159,56,110,165,54,6,199,196
415,517,3435,3,3,81,85,95,92,16,15,22,22,26,32,72,72,3,4,76,75,19,19,3,86,77,14,19,49,74,5,73,19,2,100,85,13,17,35,81,4,75,17,2,200,85,113,117,135,81,4,75,17
416,595,3163,72,74,38,43,75,75,78,74,2,3,87,80,84,87,35,42,70,73,68,73,74,44,76,73,3,77,87,49,73,73,70,40,85,76,3,85,97,43,71,75,70,40,185,76,3,85,197,143,171,175
417,398,3398,86,80,14,14,45,46,75,75,42,42,45,45,82,82,22,23,84,78,65,60,76,13,48,73,43,44,81,25,73,59,79,11,40,75,34,41,91,18,71,57,79,11,140,175,34,41,191,118,171,157
418,453,3039,81,81,38,38,73,72,71,71,55,56,5,5,46,48,26,22,3,3,73,71,78,36,72,80,57,5,54,19,3,71,78,38,72,86,53,4,52,17,3,69,178,38,172,186,53,4,52,117,3,169
419,318,3258,85,82,62,55,67,63,45,50,2,1,35,37,85,83,13,11,87,75,61,60,87,54,65,56,1,34,87,11,87,63,96,51,67,62,1,30,94,8,94,68,196,151,67,62,1,130,94,108,194,168
420,690,3398,82,80,16,14,42,45,82,79,37,40,38,41,84,84,38,32,79,79,67,63,76,13,48,73,43,44,81,25,73,59,79,11,40,75,34,41,91,18,71,57,79,11,140,175,34,41,191,118,171,157
421,823,3136,86,86,35,42,50,48,4,4,70,66,85,82,27,30,77,69,53,53,44,40,86,48,45,5,59,79,32,64,51,34,88,40,43,4,54,81,25,59,49,31,88,140,43,4,154,181,25,159,149,131
422,356,3310,80,80,80,80,70,65,36,40,33,32,55,57,60,65,70,72,43,47,5,7,79,76,61,50,34,59,68,73,59,8,82,80,57,41,28,54,62,83,55,6,82,80,57,141,28,154,162,183,155,6
423,379,3227,11,11,74,74,35,35,89,89,12,12,72,72,76,76,80,80,67,67,59,59,10,86,16,78,13,73,73,73,68,77,10,100,24,88,11,77,71,75,62,66,110,200,124,188,11,77,171,75,162,66
424,362,3241,68,68,35,30,48,48,42,39,51,51,56,60,23,25,2,3,40,38,72,75,71,16,45,36,52,62,27,3,38,77,74,24,44,38,50,56,25,3,32,84,74,124,44,38,50,156,125,3,32,84
425,568,3027,42,42,59,59,46,46,34,34,25,25,29,29,79,79,11,11,14,14,77,77,34,54,50,32,19,28,86,12,15,73,31,52,42,31,22,26,90,13,14,75,131,52,42,31,22,26,90,13,114,175
426,437,3070,64,67,76,76,28,46,93,94,62,56,86,86,52,51,2,3,88,78,65,67,69,87,49,95,53,87,50,3,75,68,63,96,43,95,46,99,44,2,76,61,63,96,143,195,146,99,144,102,176,161
427,415,3358,75,75,8,8,70,70,35,35,47,48,31,33,80,80,2,3,65,68,3,3,75,8,71,34,50,36,81,3,71,3,76,6,74,28,42,38,92,2,68,2,176,6,74,128,142,38,92,102,68,2
428,493,3153,80,80,35,35,3,3,80,80,50,50,65,68,6,7,65,68,9,9,30,37,87,44,3,78,50,74,8,77,10,49,97,41,2,78,44,70,6,87,10,35,197,41,102,178,144,70,6,87,10,135
429,1165,3319,31,28,92,89,58,59,57,60,73,78,2,2,6,8,81,88,77,83,76,72,25,87,59,62,79,3,9,88,85,72,23,99,57,61,83,2,7,100,98,72,23,99,157,61,83,2,107,100,98,172
430,495,3221,48,48,23,19,59,51,83,80,74,72,43,45,8,8,25,22,27,25,73,73,51,16,45,73,67,49,10,19,22,67,47,16,43,77,65,43,10,17,21,64,47,116,43,77,65,143,110,17,21,64
431,444,3009,88,84,35,30,71,75,76,73,81,81,20,20,57,70,47,46,75,81,80,80,81,26,79,73,79,19,73,44,87,88,91,23,82,71,84,17,83,39,95,100,191,123,82,171,184,117,183,39,95,100
432,472,3026,42,42,67,70,50,50,21,20,7,7,5,5,5,7,45,48,20,20,53,54,38,74,54,18,7,5,9,54,21,60,32,77,51,18,5,4,7,49,19,52,32,177,51,18,105,4,107,49,19,152
433,418,3304,82,85,39,45,15,15,23,28,75,75,62,65,72,72,78,78,55,60,2,2,86,48,16,32,75,68,76,87,67,3,90,33,16,25,76,69,80,96,65,2,90,133,16,25,176,69,80,96,65,2
434,388,3185,82,82,80,77,72,72,45,45,89,85,38,43,28,24,82,82,28,23,58,62,80,72,67,38,78,48,21,79,19,67,86,72,63,32,89,33,19,82,17,65,186,172,163,32,89,133,19,182,117,65
435,447,3208,46,46,53,60,38,38,62,66,44,44,33,30,68,74,27,24,40,50,72,72,45,72,33,71,43,25,87,22,60,73,44,70,27,74,36,19,96,20,52,77,44,170,127,74,136,119,96,120,152,77
436,447,3495,67,64,48,46,38,36,76,65,84,86,42,38,26,26,56,62,85,84,81,83,60,43,34,61,87,35,28,68,81,82,60,37,30,57,96,35,26,61,78,99,60,137,130,57,96,35,26,161,78,199
437,351,3014,90,78,90,90,80,82,40,52,35,35,45,51,70,73,60,37,36,34,33,33,78,88,84,52,35,51,73,37,34,34,78,100,93,50,35,46,77,33,28,30,178,100,193,50,35,46,77,33,28,130
438,611,3444,72,65,62,60,78,75,59,56,63,60,65,62,18,22,20,35,6,5,74,73,64,59,72,56,51,59,27,43,5,73,59,57,74,62,46,54,25,34,4,75,59,157,174,62,46,154,125,134,104,175
439,477,3217,83,81,79,79,63,68,55,53,61,54,82,86,29,32,12,12,72,70,57,61,80,80,69,51,51,87,32,12,69,63,87,86,67,47,48,97,26,12,63,68,187,186,167,47,48,197,126,12,63,168
440,415,3116,80,83,67,65,70,77,80,80,28,30,49,49,66,77,11,11,19,22,28,28,87,61,87,77,34,51,78,11,26,27,94,57,96,79,31,46,88,8,22,25,94,57,96,179,131,46,188,108,122,125
441,363,3362,18,15,32,35,74,74,46,47,66,66,8,8,30,29,78,84,90,83,51,51,10,41,77,48,66,9,27,87,76,54,10,36,87,40,56,6,21,96,79,51,110,36,87,140,56,106,121,196,79,51
442,706,3409,4,4,52,52,43,38,20,21,64,59,3,3,80,81,52,54,72,69,75,67,3,48,32,18,59,3,81,54,68,67,2,40,31,18,55,3,91,50,69,64,2,140,31,18,155,3,191,150,69,64
443,742,3169,31,31,53,53,58,53,59,70,21,18,36,44,16,13,57,55,15,15,62,52,33,53,51,71,15,48,13,54,14,50,27,48,46,73,14,38,11,51,14,44,127,148,46,173,114,138,11,51,14,144
444,551,3257,42,42,31,38,45,46,63,63,41,38,47,45,67,65,29,27,47,48,52,52,43,42,49,63,25,43,64,22,48,52,36,32,43,68,19,37,59,20,38,54,136,132,143,168,119,37,159,120,138,54
445,590,3158,85,93,84,76,26,16,10,10,12,15,59,53,17,25,86,87,83,66,45,33,95,76,12,10,14,50,27,87,60,33,95,79,11,9,12,44,21,96,60,27,195,79,111,109,112,144,121,196,60,127
446,757,3494,60,60,55,55,46,14,17,22,80,89,87,56,65,62,72,60,55,76,56,56,63,16,12,25,86,53,61,60,74,52,55,24,11,23,89,48,57,60,70,54,55,124,111,23,189,148,57,60,70,54
447,647,3486,27,26,22,24,72,72,85,85,60,56,85,85,52,53,7,8,35,25,60,58,26,25,72,86,54,85,54,9,16,57,22,23,70,88,51,98,51,7,24,53,122,23,170,88,151,98,51,7,124,53
448,431,3042,40,35,45,45,85,80,90,90,7,7,22,23,80,80,87,87,25,23,40,45,31,54,73,88,8,26,81,87,21,50,29,51,71,98,6,23,91,97,19,42,29,51,171,198,6,123,91,197,19,142
449,944,3098,8,8,88,88,65,63,64,67,2,1,72,76,38,38,70,74,73,73,84,86,9,87,55,73,1,80,34,81,74,87,7,94,53,76,1,87,31,91,77,99,107,194,153,76,1,187,131,91,177,99
450,570,3393,91,84,43,43,33,33,45,45,78,78,74,74,66,66,39,39,86,85,63,63,77,34,16,49,74,79,62,34,79,53,84,30,24,43,77,82,61,29,82,48,84,130,124,143,177,82,61,129,182,148
451,274,3297,35,35,6,7,12,13,71,75,57,55,60,60,87,87,68,68,65,65,67,70,34,9,14,87,45,60,87,74,64,77,29,7,12,94,44,52,96,70,58,86,129,7,112,194,44,152,196,70,158,86
452,365,3216,55,55,32,32,41,41,82,75,19,17,1,1,72,72,34,36,92,92,77,77,64,35,59,74,16,1,71,49,81,73,59,35,55,70,16,1,74,43,78,73,159,35,155,70,16,1,74,143,78,73
453,723,3005,82,82,38,38,85,75,12,12,1,1,53,58,4,4,75,69,78,74,44,43,81,38,73,12,1,63,4,69,74,43,78,32,73,12,1,68,3,67,77,37,78,32,73,12,1,168,103,167,177,137
454,380,3136,89,87,46,46,52,49,5,5,65,63,78,78,26,31,64,64,53,52,35,35,86,48,45,5,59,79,32,64,51,34,88,40,43,4,54,81,25,59,49,31,88,140,43,4,154,181,25,159,149,131
455,492,3139,3,3,90,89,47,51,60,64,2,2,19,19,10,10,94,92,67,68,4,4,5,86,54,66,3,19,10,87,71,7,4,90,52,56,2,22,10,99,73,5,104,90,52,56,2,22,110,99,173,5
456,1272,3238,25,22,58,62,76,76,19,19,38,34,42,38,57,62,58,58,14,12,30,30,19,71,74,15,35,31,64,64,10,25,22,68,80,14,35,29,59,58,9,23,22,68,180,114,35,29,59,58,109,23
457,413,3357,61,64,97,91,19,18,59,57,60,60,12,12,19,21,13,13,76,76,5,5,68,88,16,54,54,12,25,12,72,8,69,98,24,52,51,12,18,11,70,6,69,198,124,52,151,12,118,111,170,6
458,457,3057,46,46,63,65,68,68,36,36,55,60,48,48,4,4,14,14,20,20,43,43,50,71,66,34,72,51,5,16,22,47,41,69,72,28,71,48,4,16,21,45,141,169,72,128,71,48,104,16,21,45
459,330,3161,23,20,51,51,21,20,30,25,37,43,62,55,41,42,79,76,42,38,30,30,21,54,18,26,49,51,44,74,38,31,19,51,18,23,35,49,41,80,32,29,19,51,18,123,135,149,41,180,32,29
460,444,3039,73,74,37,37,66,68,74,77,49,55,6,6,50,55,27,22,3,3,72,72,78,36,72,80,57,5,54,19,3,71,78,38,72,86,53,4,52,17,3,69,178,38,172,186,53,4,52,117,3,169
461,326,3469,42,45,56,55,17,17,91,88,82,80,41,44,33,36,22,20,64,65,89,87,49,51,17,86,75,48,43,19,67,77,43,48,15,88,76,33,36,17,65,85,143,48,15,88,176,133,136,17,65,85
462,317,3370,77,78,78,85,58,60,88,90,95,86,75,85,20,16,32,35,92,79,17,21,78,87,61,95,86,85,16,35,79,22,89,97,64,95,89,98,16,35,82,20,89,197,164,195,189,98,116,35,182,20
463,374,3484,78,77,43,46,85,85,40,43,58,60,75,74,48,53,85,75,28,31,3,3,77,48,85,44,61,74,54,71,31,3,87,40,98,39,64,77,50,73,27,2,87,140,98,39,164,177,150,173,27,102
464,740,3437,10,10,21,21,52,65,52,60,65,70,3,4,55,61,75,71,13,14,62,63,10,21,81,68,74,5,68,67,16,64,10,19,91,69,77,4,62,65,16,59,10,19,91,69,177,4,162,65,16,159
465,418,3412,28,28,67,67,61,62,50,58,80,82,20,20,35,38,80,81,13,11,45,48,30,68,64,64,88,22,49,86,10,52,24,69,59,59,98,20,35,100,10,45,24,69,159,59,198,20,135,200,110,145
466,413,3141,67,66,72,72,43,37,46,49,86,84,25,23,24,17,48,48,67,69,86,86,68,68,35,53,78,22,15,51,74,86,62,61,35,46,88,20,14,49,77,88,162,161,35,146,188,120,114,149,177,88
467,684,3026,33,33,75,71,54,52,16,16,6,6,5,5,7,8,44,45,23,21,56,55,38,74,54,18,7,5,9,54,21,60,32,77,51,18,5,4,7,49,19,52,32,177,51,18,105,4,107,49,19,152
468,378,3017,60,57,18,18,75,73,65,59,68,65,15,17,35,37,75,73,15,15,78,73,57,18,73,59,65,17,37,73,15,73,53,18,71,57,67,15,33,75,14,75,53,18,171,157,67,15,33,175,114,75
469,705,3011,55,54,78,77,65,80,45,48,50,68,66,56,70,73,30,28,65,66,60,64,54,77,81,48,69,55,73,28,66,64,50,85,91,40,63,53,77,26,56,59,150,85,91,140,63,153,77,26,56,59
470,372,3102,10,10,81,80,46,49,87,88,71,70,42,40,85,81,75,76,13,13,39,44,11,74,50,88,64,34,77,77,14,48,8,77,42,100,59,30,79,66,12,40,108,177,42,100,59,130,179,66,112,140
471,1040,3092,3,3,8,8,32,32,12,12,42,42,71,70,83,87,58,52,48,48,85,82,5,8,31,11,37,64,87,47,50,77,4,6,27,8,33,59,97,45,41,84,104,6,27,108,33,159,197,45,141,84
472,191,3043,35,35,81,81,81,81,10,10,4,4,90,90,85,84,30,30,85,84,31,37,37,80,66,14,7,87,72,16,81,41,33,86,56,14,5,94,74,24,91,36,33,186,56,14,5,194,174,124,191,36
473,578,3075,41,35,78,75,68,78,6,6,14,13,17,17,82,82,6,8,72,74,3,4,34,73,80,8,12,19,81,9,76,5,28,71,86,6,11,17,91,7,79,4,128,171,186,6,111,17,191,7,79,4
474,601,3324,65,63,52,52,22,20,69,68,32,35,79,79,42,50,71,72,84,86,63,68,63,52,18,59,38,79,51,72,87,71,68,54,18,57,32,82,47,70,97,73,168,54,18,157,32,82,47,170,97,173
475,339,3212,56,56,14,14,56,57,9,9,68,68,43,43,91,91,50,57,52,52,74,74,68,10,62,9,74,48,81,66,63,61,62,9,61,6,81,40,78,72,68,57,162,109,61,106,81,140,78,72,168,57
476,378,3061,42,40,24,23,18,18,71,69,79,75,64,65,43,48,6,7,41,41,87,87,34,19,17,65,73,67,51,10,41,88,29,17,15,65,71,63,47,8,36,98,129,17,15,165,171,163,147,8,36,198
477,930,3128,89,89,75,75,78,82,79,75,42,35,72,71,7,8,79,79,35,32,12,12,87,74,86,77,34,71,9,77,30,12,99,70,90,86,30,68,7,85,24,12,99,70,90,86,130,68,7,85,24,12
478,418,3364,80,81,85,80,6,5,45,50,20,20,65,67,32,33,57,56,42,43,28,32,87,77,7,60,22,72,34,68,45,36,95,85,5,52,20,70,30,61,43,38,95,85,5,152,20,170,130,161,43,38
479,410,3091,65,72,72,69,58,61,66,65,18,15,22,25,24,15,22,19,63,60,75,71,79,67,64,67,14,25,15,19,71,87,82,65,59,64,12,18,14,22,68,93,82,65,59,64,112,118,114,22,68,93
480,516,3056,50,53,6,6,81,82,67,68,70,70,47,48,15,15,80,80,62,63,70,73,61,7,87,71,71,60,17,86,67,79,64,5,93,73,69,52,15,90,63,84,164,5,93,173,169,152,15,190,163,184
481,619,3487,72,70,48,46,36,38,31,29,70,70,27,25,82,75,79,75,70,72,62,65,77,51,41,34,74,22,72,72,79,67,87,48,36,28,81,20,74,72,82,65,87,48,36,28,81,20,174,172,82,65
482,657,3426,34,40,1,1,45,50,68,58,5,6,88,88,86,86,78,75,17,17,33,46,45,1,54,71,8,87,85,71,18,50,43,1,49,68,6,94,98,74,18,42,43,1,49,68,6,194,98,74,18,142
483,708,3373,45,50,47,62,38,42,70,72,8,6,37,35,30,31,13,13,68,65,34,34,52,60,49,71,5,34,32,14,64,34,45,60,35,68,4,28,26,12,59,28,145,160,135,68,4,128,126,112,159,28
484,369,3009,72,78,31,29,68,75,71,71,70,75,20,20,65,70,41,41,75,82,80,83,81,26,79,73,79,19,73,44,87,88,91,23,82,71,84,17,83,39,95,100,191,123,82,171,184,117,183,39,95,100
485,771,3193,81,77,56,56,80,77,79,77,29,23,50,40,21,27,65,65,34,20,81,86,73,55,74,73,21,34,31,65,16,86,83,53,70,77,19,30,27,67,24,100,183,153,70,77,19,130,27,67,124,200
486,380,3100,85,85,38,35,45,48,68,68,85,86,70,68,85,90,85,85,80,80,78,76,86,34,52,67,87,61,95,86,81,75,100,28,54,65,97,57,95,90,91,76,200,28,54,65,97,57,195,190,191,176
487,410,3265,44,44,42,52,51,61,31,41,42,44,91,91,72,88,42,48,9,9,72,77,44,53,63,48,44,88,87,52,9,77,40,48,55,38,41,98,96,45,6,66,40,148,55,138,41,198,96,145,106,66
488,478,3178,56,60,3,3,11,10,13,11,87,92,17,17,23,18,72,72,73,75,44,46,62,3,9,10,95,16,16,73,76,48,61,2,6,10,95,16,16,71,79,40,61,102,106,110,195,16,116,171,79,140
489,442,3009,72,72,32,32,61,67,72,71,82,80,22,20,52,60,59,52,65,70,85,85,81,26,79,73,79,19,73,44,87,88,91,23,82,71,84,17,83,39,95,100,191,123,82,171,184,117,183,39,95,100
490,535,3230,32,35,88,84,35,33,22,24,90,87,75,70,83,86,45,42,52,56,21,24,44,82,34,19,95,72,87,43,65,25,39,99,30,17,95,71,93,34,65,23,139,199,130,17,195,71,93,134,165,23
491,767,3478,34,37,15,15,38,38,64,60,65,70,86,86,50,48,43,48,55,55,90,88,44,14,36,55,77,87,43,50,51,87,39,14,38,53,66,96,37,42,48,93,139,14,38,153,66,96,137,42,48,93
492,609,3367,22,24,29,29,34,34,57,63,17,16,80,84,68,66,54,52,25,24,68,68,26,31,34,69,16,87,65,51,22,67,22,27,31,67,16,96,65,49,20,63,122,27,131,167,16,96,165,149,20,163
493,599,3157,35,35,55,55,81,80,73,75,10,10,27,23,62,62,30,34,2,2,80,80,34,54,79,77,10,22,62,34,1,78,31,52,83,86,10,20,61,29,1,88,131,52,83,86,110,120,61,129,1,188
494,249,3206,31,33,77,77,47,49,62,64,60,55,49,50,28,33,43,45,88,87,67,68,34,77,50,66,53,52,43,51,86,69,29,86,42,72,48,54,34,47,90,67,129,86,42,72,148,54,134,47,90,167
495,376,3209,82,78,89,89,39,36,72,72,85,81,93,91,6,7,25,20,71,73,35,35,74,88,34,73,80,87,7,16,76,34,77,100,30,71,86,94,5,24,79,29,177,100,130,171,186,94,105,124,79,129
496,583,3089,89,88,20,18,30,38,36,45,90,80,45,48,39,44,37,20,88,88,55,50,86,16,43,49,77,51,44,16,86,50,88,16,34,43,85,47,39,24,90,44,88,16,134,143,85,47,139,124,90,144
497,404,3485,20,14,65,64,68,74,18,19,78,80,45,50,12,11,80,78,12,9,40,46,12,65,75,19,87,54,10,71,9,49,11,67,76,17,96,50,9,74,6,43,111,67,176,17,196,150,109,74,106,143
498,580,3233,70,70,90,90,76,76,3,3,50,50,85,85,80,80,47,47,75,75,28,28,77,86,74,3,52,88,80,51,79,26,66,90,70,3,54,100,87,48,82,23,66,90,70,3,54,100,187,48,82,123
499,553,3099,59,76,78,75,6,8,92,90,43,43,69,76,15,14,81,83,36,42,78,78,81,73,9,86,43,79,12,85,49,78,91,71,7,89,36,82,12,98,43,78,91,171,7,189,136,82,12,98,143,178
500,366,3394,47,50,62,63,4,3,6,7,14,14,38,36,82,84,53,53,2,1,89,86,50,64,3,7,14,35,87,54,1,85,44,58,2,5,13,35,94,52,1,98,144,158,102,105,113,35,194,52,1,98
501,413,3414,34,34,62,61,87,85,16,15,93,91,84,81,88,87,38,43,96,90,65,64,34,59,77,14,87,78,86,47,87,61,28,57,79,13,97,88,100,45,99,57,28,157,179,113,197,188,200,45,99,57
502,305,3076,92,87,29,29,89,89,76,76,90,90,36,36,9,9,92,92,19,19,88,88,73,22,73,73,88,32,10,72,25,76,77,20,75,71,100,30,8,72,19,85,77,20,75,171,100,30,8,172,119,185
503,630,3425,70,72,63,58,46,41,65,66,10,11,19,17,70,79,73,77,58,60,66,69,74,54,35,67,12,16,79,77,62,71,77,52,35,63,13,16,84,84,56,73,177,52,35,163,13,16,184,84,156,173
504,299,3291,2,2,5,5,74,78,58,55,40,42,35,32,30,30,36,35,65,65,33,40,3,5,84,45,43,31,31,34,67,49,2,4,92,44,36,29,27,28,64,35,2,104,192,44,136,29,27,28,64,135
505,408,3207,18,17,39,40,39,45,70,71,74,75,84,83,92,91,71,70,74,74,75,76,16,42,51,73,77,81,86,69,73,79,16,32,47,71,66,78,90,67,73,82,16,132,147,171,66,78,90,167,73,82
506,498,3487,74,74,53,49,43,43,32,34,71,72,28,26,80,77,82,81,80,83,68,65,77,51,41,34,74,22,72,72,79,67,87,48,36,28,81,20,74,72,82,65,87,48,36,28,81,20,174,172,82,65
507,409,3224,46,53,42,38,39,35,72,73,17,16,68,70,81,75,50,51,60,66,9,10,53,31,35,73,16,71,75,51,66,10,46,29,35,73,16,74,76,48,56,10,146,29,35,73,16,74,176,48,56,10
508,590,3288,20,22,65,65,70,73,54,54,62,62,58,58,7,7,76,83,81,81,79,79,25,67,76,52,68,60,10,87,73,79,18,64,79,54,61,60,10,93,77,82,118,64,79,54,161,160,10,93,77,182
509,579,3209,66,70,73,84,37,35,73,71,74,76,89,88,7,7,22,19,79,78,31,32,74,88,34,73,80,87,7,16,76,34,77,100,30,71,86,94,5,24,79,29,177,100,130,171,186,94,105,124,79,129
510,615,3184,30,26,40,40,38,40,35,30,75,70,5,5,65,62,90,85,55,60,85,82,28,44,42,31,74,5,66,86,64,84,26,39,32,29,77,4,56,88,58,92,26,39,132,29,177,104,56,88,58,192
511,361,3075,40,37,65,69,77,77,4,6,14,14,16,17,75,80,5,6,80,80,4,4,34,73,80,8,12,19,81,9,76,5,28,71,86,6,11,17,91,7,79,4,128,171,186,6,111,17,191,7,79,4
512,546,3457,48,50,15,15,42,48,16,18,65,62,41,41,5,5,4,5,45,35,21,20,50,14,50,19,62,41,5,5,34,19,44,13,42,17,61,36,4,4,30,22,144,113,42,17,61,36,104,4,130,22
513,415,3180,7,9,69,70,14,14,52,55,92,90,21,23,2,2,72,70,38,40,23,23,10,73,14,62,87,25,2,64,45,21,10,76,14,56,96,23,1,59,43,19,10,76,14,156,196,23,101,159,43,19
514,437,3312,65,65,37,37,42,44,49,49,19,17,33,33,18,18,87,87,31,22,82,80,64,37,47,50,14,32,18,88,16,77,59,33,45,44,13,30,18,98,24,84,159,33,45,144,113,30,18,198,124,84
515,513,3005,80,80,35,36,73,72,12,12,1,1,59,60,7,5,69,69,75,74,40,41,81,38,73,12,1,63,4,69,74,43,78,32,73,12,1,68,3,67,77,37,78,32,73,12,1,168,103,167,177,137
516,587,3184,31,30,45,45,27,40,35,34,62,71,3,5,64,64,90,85,43,59,71,80,28,44,42,31,74,5,66,86,64,84,26,39,32,29,77,4,56,88,58,92,26,39,132,29,177,104,56,88,58,192
517,406,3022,75,75,65,64,10,11,82,80,77,74,80,80,52,54,63,67,25,26,4,4,77,62,12,74,67,79,64,71,28,5,66,61,13,77,64,82,58,69,26,4,66,61,13,177,64,182,58,169,26,4
518,508,3116,85,87,55,62,80,87,75,77,35,34,50,51,87,79,16,12,21,25,25,26,87,61,87,77,34,51,78,11,26,27,94,57,96,79,31,46,88,8,22,25,94,57,96,179,131,46,188,108,122,125
519,684,3361,45,55,67,79,75,87,25,16,45,63,48,39,25,19,68,73,55,54,18,19,56,79,87,15,64,36,16,74,54,19,62,84,97,14,58,38,24,80,51,17,62,184,97,114,58,38,124,180,151,17
520,744,3226,62,64,71,76,78,75,32,34,22,21,55,65,55,60,55,70,70,70,60,65,64,76,75,34,21,68,62,77,71,68,59,85,76,29,15,61,56,87,73,69,159,185,176,129,115,161,156,87,173,69
521,1023,3080,29,28,46,43,36,32,38,34,73,71,4,4,94,84,82,77,81,74,3,4,26,35,21,22,69,5,77,71,78,5,23,35,19,21,63,4,79,68,88,4,123,35,19,21,63,104,179,68,188,4
522,688,3430,45,45,39,37,48,48,50,50,70,72,7,8,68,68,49,49,2,2,73,70,43,34,56,47,77,10,67,51,2,69,37,31,62,45,66,10,65,49,1,63,137,131,62,45,66,10,65,149,101,63
523,650,3391,74,72,82,82,82,82,39,42,12,11,28,29,28,28,59,57,26,30,59,55,66,78,79,43,10,31,27,54,32,51,56,78,82,37,10,27,25,51,25,49,56,178,182,137,110,27,125,51,25,149
524,798,3475,24,28,64,68,51,51,50,54,33,31,76,75,34,34,12,11,52,54,48,49,42,72,54,61,28,73,34,10,56,51,32,70,49,64,26,75,28,9,62,48,132,170,49,164,26,75,28,9,62,48
525,652,3046,28,29,71,68,54,53,66,66,2,2,4,4,59,57,1,1,28,28,64,64,31,60,51,67,3,5,53,1,26,59,27,60,47,63,3,4,48,1,22,54,27,60,47,163,3,4,148,1,122,154
526,807,3372,40,40,70,70,28,28,40,40,50,55,70,70,15,15,14,10,14,14,80,80,44,73,32,52,57,76,13,10,10,72,39,73,30,45,53,79,11,9,10,72,39,73,30,145,53,79,11,9,110,172
527,330,3051,75,76,83,84,47,49,23,19,86,80,67,67,56,54,50,50,25,25,80,80,76,87,56,14,78,66,51,51,26,79,79,97,62,13,88,72,49,47,23,81,79,97,62,113,188,72,149,147,123,181
528,428,3333,44,40,70,70,24,17,77,79,60,60,75,72,77,80,81,80,58,55,47,49,36,67,14,80,59,71,81,79,51,51,38,64,13,86,57,69,91,81,48,47,38,64,113,186,157,169,91,181,48,147
529,820,3043,30,35,70,70,55,55,18,15,8,8,85,85,70,70,18,18,75,75,35,35,37,80,66,14,7,87,72,16,81,41,33,86,56,14,5,94,74,24,91,36,33,186,56,14,5,194,174,124,191,36
530,832,3254,75,75,50,50,40,40,5,5,20,20,68,68,60,60,40,40,78,78,65,65,74,54,60,3,26,77,72,49,86,76,80,51,60,2,22,87,71,35,90,85,180,151,160,102,122,87,71,135,90,185
531,677,3421,15,15,70,70,82,78,81,74,69,75,55,53,45,45,39,36,31,30,64,64,13,68,76,73,79,51,44,34,22,62,11,61,79,73,82,49,41,29,20,56,11,161,79,73,82,149,41,129,20,156
532,433,3233,83,82,88,87,78,76,4,3,45,48,73,82,79,79,47,47,82,80,21,21,77,86,74,3,52,88,80,51,79,26,66,90,70,3,54,100,87,48,82,23,66,90,70,3,54,100,187,48,82,123
533,531,3366,85,78,60,65,55,55,72,72,45,52,57,59,25,27,40,45,27,27,75,75,76,66,54,73,54,60,31,50,30,73,85,56,51,75,50,60,29,42,24,71,185,56,151,175,150,160,29,42,24,171
534,988,3002,58,60,4,3,52,52,36,30,7,8,55,57,88,80,70,72,65,53,78,75,63,3,52,25,9,60,78,74,50,73,68,3,45,19,6,60,89,81,44,77,168,3,145,119,106,160,89,81,144,77
535,614,3130,38,45,85,86,65,70,60,65,60,65,22,22,50,50,40,45,65,72,60,60,50,87,74,78,72,22,64,50,79,61,41,94,70,88,72,21,58,44,82,57,141,194,70,188,172,21,58,144,82,57
536,914,3051,75,78,75,75,40,45,17,15,80,80,60,60,50,50,50,50,20,20,70,80,76,87,56,14,78,66,51,51,26,79,79,97,62,13,88,72,49,47,23,81,79,97,62,113,188,72,149,147,123,181
537,222,3449,19,19,56,56,84,84,14,14,60,60,12,12,50,50,26,26,51,51,60,60,19,50,80,12,65,13,50,27,43,57,17,44,86,11,65,11,42,21,37,53,17,144,186,111,165,11,42,121,137,53
538,334,3109,72,65,54,54,55,66,87,82,40,56,85,87,20,17,31,33,74,74,6,6,62,54,65,77,64,88,13,38,74,5,56,50,67,85,58,100,11,32,70,4,156,150,67,85,58,100,11,32,70,104
539,520,3348,11,13,51,51,23,23,58,58,38,40,55,56,86,88,93,92,10,10,77,77,14,52,25,57,44,63,87,86,10,80,14,54,23,53,41,68,99,90,10,87,14,54,23,53,41,168,99,190,110,187
540,542,3121,19,14,68,68,13,16,66,64,63,56,42,44,8,12,35,33,72,71,90,90,14,65,16,60,53,44,12,32,71,87,13,66,16,52,46,41,13,31,68,94,113,166,16,152,146,41,13,31,68,194
541,456,3145,77,75,24,22,28,28,46,45,51,44,83,86,79,77,72,72,8,9,62,64,73,21,28,53,44,87,77,73,9,66,75,19,26,46,40,94,84,73,7,72,175,19,26,146,40,194,84,73,7,72
542,233,3050,45,45,62,68,75,71,68,68,57,57,79,79,66,66,45,45,18,12,86,81,43,71,73,65,53,75,78,34,11,76,37,68,73,67,48,76,88,31,8,80,137,68,73,67,148,176,188,131,108,80
543,720,3420,57,57,79,80,25,30,75,79,26,26,22,24,35,37,25,24,69,68,32,32,64,81,49,86,32,31,44,16,71,32,58,78,43,89,30,29,39,24,74,31,58,78,143,189,30,29,139,124,74,31
544,532,3318,10,10,45,40,51,51,48,48,78,78,30,30,12,12,86,86,84,80,22,31,10,34,48,50,80,26,12,87,77,43,10,29,40,41,86,23,11,97,79,34,10,129,140,141,186,123,111,197,179,134
545,559,3378,65,55,47,44,42,36,70,73,68,62,85,82,69,62,55,46,89,86,62,67,55,49,34,73,64,84,64,47,87,68,53,43,29,75,58,92,59,45,97,69,153,143,129,175,158,192,159,45,97,69
546,1131,3017,47,51,23,23,80,75,47,55,58,61,21,21,32,34,74,73,17,16,81,79,57,18,73,59,65,17,37,73,15,73,53,18,71,57,67,15,33,75,14,75,53,18,171,157,67,15,33,175,114,75
547,508,3471,58,60,82,78,6,5,31,31,87,84,11,11,1,2,9,9,82,79,68,68,62,75,4,31,77,11,2,10,71,66,56,76,3,29,79,8,1,9,68,56,156,176,103,29,179,108,101,9,68,56
548,1072,3283,15,15,39,39,71,71,82,82,50,50,79,79,87,87,57,59,60,60,65,65,15,34,76,81,50,81,87,63,62,66,14,28,79,91,42,91,99,55,56,72,114,128,79,91,142,191,99,55,156,72
549,313,3360,39,39,88,88,45,48,60,66,31,33,88,89,8,10,61,64,53,53,77,77,41,87,50,71,38,87,12,68,53,78,36,94,42,69,32,97,13,69,46,88,36,194,42,169,32,97,13,69,146,188
550,698,3027,44,41,57,55,57,54,39,34,40,38,28,29,78,80,13,11,19,18,68,69,34,54,50,32,19,28,86,12,15,73,31,52,42,31,22,26,90,13,14,75,131,52,42,31,22,26,90,13,114,175
551,554,3016,27,27,30,21,18,15,70,65,71,71,18,27,56,56,55,55,68,66,30,28,27,19,14,61,71,26,54,60,64,25,25,22,12,57,74,23,51,60,59,23,125,22,112,57,74,123,151,160,59,23
552,538,3423,40,46,62,75,88,82,76,75,60,66,79,75,85,85,25,25,62,68,52,55,54,81,77,73,69,75,80,25,77,59,50,91,85,71,67,76,86,19,87,55,150,91,85,171,167,176,186,119,87,155
553,391,3136,90,90,38,38,37,45,4,4,56,56,92,85,32,32,62,62,66,56,38,38,86,48,45,5,59,79,32,64,51,34,88,40,43,4,54,81,25,59,49,31,88,140,43,4,154,181,25,159,149,131
554,1779,3293,78,87,76,75,78,86,32,42,36,41,72,79,46,47,59,65,63,64,2,3,87,75,86,42,41,79,47,65,64,3,94,76,90,32,36,82,45,66,59,3,94,176,190,132,36,182,45,166,159,3
555,418,3279,85,75,20,20,30,35,8,7,90,87,45,50,50,45,60,70,80,75,90,87,74,22,42,7,87,50,45,73,73,87,81,20,32,5,96,42,44,76,71,93,81,20,132,5,96,42,44,76,171,93
556,622,3199,74,75,65,65,13,11,53,52,45,50,41,42,45,47,64,68,15,14,68,68,78,69,9,51,55,50,57,74,12,68,88,67,7,49,53,42,53,70,12,62,188,167,107,149,153,142,53,70,12,162
557,580,3408,19,10,8,8,63,63,69,69,5,5,45,48,32,32,8,8,81,81,67,65,12,9,59,65,4,51,51,10,80,62,12,6,57,65,3,47,47,9,86,56,12,106,157,165,103,47,147,9,186,156
558,707,3469,31,35,49,49,16,16,91,91,75,75,35,35,40,40,19,19,65,65,81,81,49,51,17,86,75,48,43,19,67,77,43,48,15,88,76,33,36,17,65,85,143,48,15,88,176,133,136,17,65,85
559,501,3369,11,11,62,67,31,31,59,59,62,59,38,42,70,70,56,56,85,85,2,2,13,81,43,59,53,50,72,63,87,3,11,91,34,54,48,42,70,68,94,3,11,91,134,154,148,142,170,168,94,3
560,446,3038,5,5,82,82,88,88,27,27,34,34,61,61,59,59,81,81,90,90,88,88,7,79,81,27,33,67,53,72,87,88,5,82,91,21,27,65,46,72,94,98,105,82,191,121,127,65,146,172,94,198
561,454,3117,65,60,41,38,72,75,70,73,69,73,85,86,68,66,31,28,65,72,40,41,54,32,77,81,74,87,64,16,80,31,49,25,85,92,70,93,59,16,86,29,49,25,85,92,70,93,159,116,186,29
562,791,3256,65,68,49,45,52,52,56,63,65,65,62,72,43,42,56,55,78,75,81,72,69,45,50,61,60,72,34,54,72,73,67,43,41,64,52,71,28,52,74,77,167,43,141,164,152,71,28,52,174,77
563,260,3305,49,47,51,53,81,78,53,52,38,41,83,77,81,74,86,86,13,13,81,78,44,55,72,51,43,73,69,87,14,73,39,53,72,48,36,71,67,95,12,75,39,153,172,48,136,171,167,95,112,75
564,524,3240,12,12,19,22,9,9,80,85,90,90,46,45,78,73,5,5,28,34,36,35,12,26,10,81,87,47,64,5,43,34,13,22,10,92,95,45,58,4,34,28,13,122,10,92,95,45,158,104,34,128
565,353,3224,52,53,45,38,43,40,67,70,23,20,69,70,67,70,53,52,58,64,9,10,53,31,35,73,16,71,75,51,66,10,46,29,35,73,16,74,76,48,56,10,146,29,35,73,16,74,176,48,56,10
566,393,3035,86,80,53,60,46,46,24,23,67,67,87,85,9,9,25,25,52,52,86,70,72,64,44,21,64,81,9,26,51,72,71,58,40,19,59,91,6,22,47,74,71,58,40,19,159,191,106,122,47,174
567,537,3086,13,12,68,69,57,56,62,62,42,28,78,78,86,86,74,77,10,11,53,54,10,73,50,51,22,77,86,81,12,57,9,77,42,46,20,66,100,92,13,53,109,77,42,46,120,66,200,92,13,53
568,683,3466,72,72,76,82,78,76,29,28,68,70,50,49,12,12,69,75,54,51,78,80,71,87,73,25,74,52,12,79,52,82,68,96,77,23,80,45,12,83,50,99,68,196,77,23,180,145,12,83,50,199
569,435,3470,33,29,7,8,65,70,13,11,77,83,74,70,76,76,25,30,25,34,41,46,31,9,72,13,79,72,76,27,32,48,29,7,70,11,84,72,79,21,25,38,29,107,170,11,184,172,79,121,25,138
570,972,3131,38,50,17,16,83,83,88,87,19,19,10,12,66,70,33,33,95,90,54,64,51,16,81,86,19,13,73,34,87,65,49,16,91,90,17,11,77,31,94,67,149,16,191,90,117,11,77,131,194,67
571,531,3351,35,33,90,90,32,36,37,40,10,10,50,55,1,1,28,30,88,85,20,25,32,88,44,51,11,59,2,34,86,27,31,98,40,47,8,55,1,31,100,21,31,198,40,47,108,155,101,131,200,121
572,244,3417,75,80,38,35,50,53,3,4,21,20,85,85,88,88,86,87,86,86,45,50,80,34,54,4,19,87,88,87,86,50,87,30,51,3,17,96,100,94,88,42,187,130,51,103,17,96,100,194,88,142
573,521,3196,72,72,78,78,12,11,90,88,12,12,38,39,1,1,87,87,44,46,52,52,73,79,10,86,11,44,1,86,52,54,77,82,10,89,8,40,1,90,54,50,77,82,110,189,108,40,1,90,54,150
574,341,3214,67,63,3,3,73,71,88,85,38,37,35,32,41,42,45,45,82,77,8,9,64,3,73,87,37,30,48,51,79,10,59,3,71,94,33,24,33,47,83,8,159,3,171,94,33,24,133,147,83,8
575,614,3091,63,75,71,70,60,62,64,65,19,15,31,30,33,17,21,21,67,68,79,83,79,67,64,67,14,25,15,19,71,87,82,65,59,64,12,18,14,22,68,93,82,65,59,64,112,118,114,22,68,93
576,554,3345,22,21,37,35,9,8,61,54,26,24,70,70,10,10,48,46,11,11,10,10,19,34,7,50,21,68,9,43,12,10,17,29,5,44,19,69,6,37,13,10,117,129,105,144,19,69,106,137,13,10
577,486,3405,26,27,75,75,80,80,58,57,11,11,32,32,72,72,70,74,24,24,74,78,32,88,85,62,10,32,80,76,26,79,25,100,98,61,10,31,86,85,23,84,25,100,98,61,110,31,186,185,123,184
578,252,3336,7,8,24,35,65,68,74,73,75,79,75,80,80,80,54,55,75,75,28,32,8,43,68,73,79,81,79,59,73,34,6,34,62,75,82,92,81,54,71,28,6,134,162,75,182,92,181,154,171,28
579,555,3478,33,35,18,16,35,35,40,45,65,67,75,78,34,36,33,40,45,56,80,83,44,14,36,55,77,87,43,50,51,87,39,14,38,53,66,96,37,42,48,93,139,14,38,153,66,96,137,42,48,93
580,485,3110,43,43,48,49,39,41,40,38,36,38,75,75,73,75,37,24,18,17,66,63,43,52,43,35,41,76,77,16,15,61,37,50,36,35,36,80,66,24,14,57,37,50,136,35,36,80,66,124,114,57
581,486,3135,82,85,90,85,85,87,25,27,60,70,75,80,78,74,65,60,9,9,55,54,87,82,87,27,71,80,74,60,10,54,93,99,97,25,68,86,80,52,9,51,93,199,97,125,68,186,180,152,9,151
582,447,3299,19,19,83,83,76,74,54,54,49,45,72,76,40,45,17,14,6,6,68,68,19,71,74,54,45,76,44,14,7,66,17,74,81,50,44,79,40,12,5,72,17,74,81,150,44,79,40,112,5,72
583,805,3473,67,67,24,24,54,54,65,65,68,68,63,63,19,17,73,73,33,33,37,37,65,19,44,53,73,63,14,60,35,27,65,17,39,48,83,55,13,60,35,21,165,17,39,148,183,55,113,60,35,121
584,817,3095,5,4,72,72,67,67,66,66,31,31,34,34,10,10,27,27,13,13,1,1,4,72,68,65,43,43,10,33,12,1,3,70,69,66,34,36,9,27,12,1,103,170,69,166,134,136,9,127,12,1
585,474,3372,40,39,72,68,34,32,49,47,56,57,75,76,18,13,12,10,13,10,78,74,44,73,32,52,57,76,13,10,10,72,39,73,30,45,53,79,11,9,10,72,39,73,30,145,53,79,11,9,110,172
586,335,3091,83,80,74,68,68,68,71,71,15,15,21,22,18,18,17,17,71,71,87,87,79,67,64,67,14,25,15,19,71,87,82,65,59,64,12,18,14,22,68,93,82,65,59,64,112,118,114,22,68,93
587,289,3214,65,65,2,2,75,75,87,87,32,33,28,28,42,42,47,47,82,82,7,7,64,3,73,87,37,30,48,51,79,10,59,3,71,94,33,24,33,47,83,8,159,3,171,94,33,24,133,147,83,8
588,1172,3267,93,91,6,7,48,52,2,2,78,74,8,7,80,83,11,11,60,64,90,91,78,10,59,3,76,9,86,12,67,87,89,10,57,2,79,7,100,13,63,97,89,10,157,102,79,7,200,13,163,97
589,507,3361,50,56,77,78,85,86,30,18,50,62,45,36,29,26,69,74,50,52,19,19,56,79,87,15,64,36,16,74,54,19,62,84,97,14,58,38,24,80,51,17,62,184,97,114,58,38,124,180,151,17
590,685,3297,32,33,9,8,15,15,80,85,48,48,53,58,73,82,59,68,55,58,62,69,34,9,14,87,45,60,87,74,64,77,29,7,12,94,44,52,96,70,58,86,129,7,112,194,44,152,196,70,158,86
591,541,3324,67,65,56,52,30,19,67,65,35,38,80,80,62,55,79,73,87,87,75,72,63,52,18,59,38,79,51,72,87,71,68,54,18,57,32,82,47,70,97,73,168,54,18,157,32,82,47,170,97,173
592,617,3193,74,74,55,55,75,75,74,74,32,28,35,35,32,32,70,70,28,24,78,80,73,55,74,73,21,34,31,65,16,86,83,53,70,77,19,30,27,67,24,100,183,153,70,77,19,130,27,67,124,200
593,370,3311,9,9,87,84,85,77,79,79,42,37,29,29,80,80,37,45,87,86,33,30,10,82,76,77,34,31,79,47,85,28,10,99,85,84,30,27,82,45,98,26,110,199,185,84,130,27,182,45,98,26
594,549,3415,2,2,1,1,6,8,22,21,47,58,17,17,28,28,78,84,82,84,17,17,3,1,10,19,60,19,28,87,88,16,2,1,8,22,60,17,26,94,100,16,102,1,8,22,160,17,26,194,100,16
595,477,3280,52,53,84,85,35,39,77,74,90,88,63,68,14,14,51,49,7,6,89,84,50,86,44,74,87,73,14,51,5,81,42,90,40,81,99,75,12,47,4,78,142,190,40,81,99,175,112,47,4,78
596,455,3111,82,80,77,79,91,90,62,64,57,60,75,75,4,5,39,40,80,80,36,35,74,81,85,66,64,79,7,43,79,33,70,91,98,72,59,82,5,36,82,27,70,91,98,72,59,82,5,136,182,127
597,240,3057,38,38,50,65,72,72,40,40,78,78,45,45,7,7,14,14,30,30,35,35,50,71,66,34,72,51,5,16,22,47,41,69,72,28,71,48,4,16,21,45,141,169,72,128,71,48,104,16,21,45
598,380,3166,16,16,19,19,70,65,65,65,7,9,82,85,11,10,70,70,6,9,12,13,17,19,61,73,10,86,10,71,10,14,15,22,57,83,10,89,10,69,8,12,15,22,57,183,10,189,110,169,8,112
599,289,3225,3,4,82,82,61,63,86,86,72,72,36,36,8,8,34,34,76,76,15,15,7,86,68,87,71,36,10,33,79,15,5,90,69,99,69,38,10,27,82,14,5,90,69,99,169,38,10,127,182,114
600,593,3408,12,12,9,9,61,60,58,62,5,4,38,46,57,55,10,10,81,80,69,65,12,9,59,65,4,51,51,10,80,62,12,6,57,65,3,47,47,9,86,56,12,106,157,165,103,47,147,9,186,156
601,373,3434,4,4,37,34,71,69,44,45,62,63,41,43,73,73,57,57,58,60,32,35,5,34,67,50,66,49,73,59,62,38,4,31,64,44,72,43,73,57,56,32,104,131,64,144,72,143,73,157,156,32
602,471,3013,70,70,55,52,48,46,70,68,35,33,80,80,54,52,3,3,48,46,68,65,73,45,44,65,32,81,51,3,44,64,73,43,40,67,26,91,47,3,41,58,73,43,40,67,126,191,47,3,41,158
603,1350,3406,41,41,23,17,82,85,30,28,12,12,19,19,38,38,78,78,80,79,78,78,44,12,95,27,10,19,43,87,77,86,40,12,95,25,10,17,36,97,85,90,40,12,195,125,10,17,136,97,85,190
604,732,3377,30,30,25,18,7,7,57,55,70,65,35,32,65,70,60,70,80,80,70,65,30,16,9,53,67,31,68,66,77,60,24,16,7,48,64,29,61,56,85,52,24,116,107,148,64,29,161,56,85,152
605,440,3105,78,79,44,44,80,80,75,70,65,70,45,47,30,30,28,28,44,44,53,59,81,47,77,67,81,51,27,28,43,64,78,45,79,64,91,47,25,26,37,58,78,45,179,64,91,147,125,26,137,58
606,398,3369,13,13,65,72,35,35,60,60,54,54,43,43,68,68,55,55,85,85,3,3,13,81,43,59,53,50,72,63,87,3,11,91,34,54,48,42,70,68,94,3,11,91,134,154,148,142,170,168,94,3
607,373,3365,42,38,70,70,28,28,78,78,7,7,87,87,72,78,83,83,14,16,64,64,34,72,26,72,7,86,81,81,19,67,31,70,22,74,5,88,91,91,17,65,131,170,122,174,105,88,91,191,117,65
608,325,3283,19,16,32,32,70,73,70,78,47,48,83,82,80,85,56,58,60,60,68,67,15,34,76,81,50,81,87,63,62,66,14,28,79,91,42,91,99,55,56,72,114,128,79,91,142,191,99,55,156,72
609,600,3235,54,58,49,58,11,10,62,60,75,80,63,63,86,77,27,29,72,72,3,3,65,65,10,54,84,64,78,31,72,3,66,65,10,52,93,58,89,27,72,2,166,165,110,52,193,158,89,27,172,2
610,793,3458,51,51,65,65,86,86,54,54,91,89,24,24,51,51,82,81,10,10,13,12,51,68,86,63,88,26,55,79,9,12,49,61,90,68,98,22,53,83,7,12,149,161,190,168,198,122,153,83,107,12
611,530,3261,54,54,48,48,32,29,75,74,51,49,38,16,14,14,8,8,56,56,62,62,65,55,22,71,49,16,14,10,51,71,67,53,20,73,43,24,12,10,46,68,67,153,120,173,143,124,112,10,46,68
612,592,3478,45,45,14,14,45,45,60,60,70,70,85,85,50,50,50,50,50,50,85,85,44,14,36,55,77,87,43,50,51,87,39,14,38,53,66,96,37,42,48,93,139,14,38,153,66,96,137,42,48,93
613,355,3316,32,32,65,66,2,2,17,17,4,4,40,45,50,53,70,74,55,50,50,52,31,67,1,15,4,50,55,78,50,54,29,64,1,14,3,41,53,89,44,52,29,64,1,114,103,141,153,89,144,52
614,283,3037,76,75,12,11,63,67,75,77,15,16,75,76,83,80,41,52,78,77,19,24,73,10,69,80,17,77,79,55,77,25,75,10,67,87,15,66,84,53,79,23,75,110,167,187,15,66,184,153,179,23
615,443,3053,57,58,52,53,27,17,65,70,1,1,68,70,70,70,45,44,72,74,45,58,62,54,15,77,2,74,71,43,76,63,56,51,14,66,1,70,74,37,80,68,156,51,114,66,101,70,74,137,80,168
616,345,3110,55,48,56,55,40,41,38,37,32,40,73,75,71,76,29,22,25,17,70,65,43,52,43,35,41,76,77,16,15,61,37,50,36,35,36,80,66,24,14,57,37,50,136,35,36,80,66,124,114,57
617,204,3038,6,6,77,77,73,77,26,26,29,31,52,63,56,55,80,77,85,87,90,90,7,79,81,27,33,67,53,72,87,88,5,82,91,21,27,65,46,72,94,98,105,82,191,121,127,65,146,172,94,198
618,465,3276,35,30,37,40,80,80,60,55,22,22,47,52,75,75,60,60,70,70,85,85,16,51,75,52,22,56,74,63,68,86,24,47,76,54,20,62,80,55,61,89,124,147,176,54,20,62,180,55,161,189
619,404,3226,72,68,76,76,82,78,26,30,35,24,74,71,69,66,68,73,78,75,62,65,64,76,75,34,21,68,62,77,71,68,59,85,76,29,15,61,56,87,73,69,159,185,176,129,115,161,156,87,173,69
620,406,3175,38,38,62,65,19,19,70,72,34,34,76,78,84,85,32,40,59,61,37,39,35,68,18,76,36,80,87,51,64,44,35,61,18,79,38,86,94,47,58,41,35,161,18,79,38,186,194,147,158,41
621,690,3163,84,71,40,40,81,79,72,69,3,3,81,80,78,82,27,34,77,72,75,71,74,44,76,73,3,77,87,49,73,73,70,40,85,76,3,85,97,43,71,75,70,40,185,76,3,85,197,143,171,175
622,485,3227,9,9,75,80,22,18,78,78,10,12,73,73,69,71,76,74,69,69,71,74,10,86,16,78,13,73,73,73,68,77,10,100,24,88,11,77,71,75,62,66,110,200,124,188,11,77,171,75,162,66
623,1195,3492,50,52,47,51,49,50,24,24,81,80,83,77,62,60,47,48,60,65,35,35,51,50,51,25,81,72,61,48,69,34,47,42,48,23,78,72,64,38,63,30,47,42,48,23,78,172,164,138,63,130
624,362,3161,18,21,60,54,25,18,18,26,40,49,65,51,45,44,75,74,35,38,35,31,21,54,18,26,49,51,44,74,38,31,19,51,18,23,35,49,41,80,32,29,19,51,18,123,135,149,41,180,32,29
625,453,3375,80,85,40,38,80,82,2,1,8,8,13,12,70,72,90,80,90,88,11,11,88,34,86,1,9,12,74,77,87,11,100,28,100,1,6,12,81,85,93,8,100,28,200,1,106,12,81,85,93,108
626,634,3037,73,73,12,11,60,66,78,79,16,16,82,79,84,81,52,54,88,81,17,23,73,10,69,80,17,77,79,55,77,25,75,10,67,87,15,66,84,53,79,23,75,110,167,187,15,66,184,153,179,23
627,445,3037,75,75,12,11,76,72,79,79,13,16,70,75,82,80,45,50,78,78,19,25,73,10,69,80,17,77,79,55,77,25,75,10,67,87,15,66,84,53,79,23,75,110,167,187,15,66,184,153,179,23
628,494,3358,74,74,6,6,77,75,42,38,46,48,39,38,80,80,2,3,69,70,2,2,75,8,71,34,50,36,81,3,71,3,76,6,74,28,42,38,92,2,68,2,176,6,74,128,142,38,92,102,68,2
629,643,3222,80,80,50,50,22,20,65,65,48,58,50,48,50,50,45,50,60,58,70,65,78,51,16,68,56,43,55,52,54,61,88,48,16,69,62,37,53,54,49,57,188,48,16,69,62,37,153,54,49,57
630,399,3411,66,58,27,22,5,5,85,82,45,48,75,78,35,40,45,50,65,63,70,70,55,16,5,77,52,79,41,54,61,72,53,16,4,85,54,84,36,51,57,72,153,116,4,85,54,184,36,51,57,172
631,730,3332,59,60,74,75,5,4,6,6,46,42,2,3,6,5,53,47,21,22,79,78,54,75,4,7,34,3,5,44,21,77,50,76,3,5,31,2,4,39,19,79,150,176,103,105,131,102,104,39,19,179
632,556,3050,32,34,65,65,74,73,68,68,55,55,74,74,78,78,25,32,14,14,68,70,43,71,73,65,53,75,78,34,11,76,37,68,73,67,48,76,88,31,8,80,137,68,73,67,148,176,188,131,108,80
633,495,3174,3,2,11,12,62,65,74,76,5,8,8,9,65,68,91,89,20,24,3,3,2,12,72,79,9,9,71,87,26,3,1,12,70,82,7,6,69,94,23,3,101,12,170,82,7,106,169,194,123,3
634,629,3463,55,57,3,38,80,79,40,39,64,64,30,30,7,8,83,80,46,46,71,71,54,31,76,35,68,16,8,72,47,71,51,29,79,35,61,24,6,71,45,73,51,29,79,35,161,124,6,71,45,173
635,1234,3248,82,83,57,59,18,16,32,32,52,58,55,58,25,23,75,77,62,60,85,85,86,66,12,32,64,63,18,81,60,87,100,72,12,30,58,55,18,78,60,97,200,72,12,30,58,55,18,78,60,97
636,567,3049,23,20,82,80,20,20,65,60,92,90,40,40,70,68,78,76,25,28,75,75,16,67,13,57,88,43,61,74,32,73,16,63,11,53,98,37,64,77,26,75,16,163,11,53,198,137,164,177,126,175
637,521,3174,2,2,26,12,65,72,73,79,8,9,11,9,68,71,82,87,25,26,2,3,2,12,72,79,9,9,71,87,26,3,1,12,70,82,7,6,69,94,23,3,101,12,170,82,7,106,169,194,123,3
638,449,3382,26,26,13,13,64,64,5,7,80,80,74,85,18,16,44,48,30,28,52,56,28,14,65,9,78,87,16,49,25,60,26,12,65,7,78,96,16,43,19,52,26,112,165,7,178,96,16,143,119,152
639,746,3493,36,36,41,41,67,72,3,3,94,92,8,9,85,82,43,50,26,26,43,49,33,41,72,3,86,10,77,50,27,50,27,36,70,2,100,9,79,42,21,41,127,36,170,102,200,9,179,42,121,141
640,441,3359,68,70,48,55,48,48,28,28,70,70,80,82,42,45,68,65,30,40,80,82,78,60,45,33,69,78,49,68,50,86,78,60,44,27,63,89,35,61,41,89,178,160,44,127,63,89,135,161,141,189
641,517,3436,14,14,38,42,80,76,5,6,40,37,57,56,60,56,79,79,53,53,88,83,14,50,72,7,32,52,53,80,54,77,14,41,70,5,30,45,48,86,51,84,14,141,170,105,30,145,148,186,151,84
642,432,3365,25,34,65,72,28,26,78,72,5,7,85,86,70,81,85,81,16,19,68,67,34,72,26,72,7,86,81,81,19,67,31,70,22,74,5,88,91,91,17,65,131,170,122,174,105,88,91,191,117,65
643,606,3114,70,73,48,50,65,71,52,54,47,38,90,94,60,71,17,18,65,65,82,82,76,52,76,55,38,95,73,19,66,79,79,50,85,53,32,95,76,22,56,81,79,50,185,153,32,195,76,22,56,181
644,386,3422,2,2,79,87,56,50,35,30,88,81,52,56,92,90,63,60,15,12,8,8,1,87,44,25,81,56,88,60,11,9,1,93,39,19,78,62,98,52,8,7,1,93,39,119,78,62,198,152,108,7
645,281,3227,7,8,72,80,36,30,70,70,7,8,72,72,75,73,76,76,60,60,63,67,10,86,16,78,13,73,73,73,68,77,10,100,24,88,11,77,71,75,62,66,110,200,124,188,11,77,171,75,162,66
646,375,3214,68,63,4,4,73,73,82,83,35,35,30,30,42,43,45,47,70,73,7,8,64,3,73,87,37,30,48,51,79,10,59,3,71,94,33,24,33,47,83,8,159,3,171,94,33,24,133,147,83,8
647,789,3226,75,64,70,76,75,75,25,34,25,21,69,68,60,62,70,77,70,71,65,68,64,76,75,34,21,68,62,77,71,68,59,85,76,29,15,61,56,87,73,69,159,185,176,129,115,161,156,87,173,69
648,276,3135,90,90,92,92,85,85,19,19,60,60,74,74,80,80,55,55,9,9,47,47,87,82,87,27,71,80,74,60,10,54,93,99,97,25,68,86,80,52,9,51,93,199,97,125,68,186,180,152,9,151
649,910,3194,47,60,40,41,60,67,85,85,1,1,70,70,4,5,47,53,80,80,33,27,65,50,73,87,1,60,5,63,87,21,65,41,83,94,1,60,4,55,97,15,165,141,183,94,1,60,104,55,197,115
650,902,3153,65,80,33,35,2,2,73,75,40,45,63,70,7,8,70,74,7,7,35,39,87,44,3,78,50,74,8,77,10,49,97,41,2,78,44,70,6,87,10,35,197,41,102,178,144,70,6,87,10,135
651,291,3257,41,42,37,40,34,35,50,55,22,24,38,40,59,60,40,33,28,30,50,50,43,42,49,63,25,43,64,22,48,52,36,32,43,68,19,37,59,20,38,54,136,132,143,168,119,37,159,120,138,54
652,456,3154,23,24,61,65,48,59,22,25,63,63,45,44,81,75,2,3,52,55,38,40,22,65,67,27,64,50,71,3,64,48,21,67,63,25,59,44,74,3,58,38,21,67,163,125,159,144,74,3,58,138
653,1299,3359,70,72,40,47,42,44,30,30,55,62,80,80,35,37,60,60,30,38,90,88,78,60,45,33,69,78,49,68,50,86,78,60,44,27,63,89,35,61,41,89,178,160,44,127,63,89,135,161,141,189
654,805,3053,60,62,51,52,24,20,62,68,2,2,70,74,75,72,41,42,78,78,48,55,62,54,15,77,2,74,71,43,76,63,56,51,14,66,1,70,74,37,80,68,156,51,114,66,101,70,74,137,80,168
655,540,3490,72,73,5,6,9,10,75,85,55,65,42,37,72,75,57,60,36,42,17,19,74,7,10,84,68,35,76,63,44,19,77,5,10,92,69,35,80,68,39,17,177,105,10,192,69,35,80,168,139,117
656,538,3237,72,65,2,3,4,5,32,32,85,85,20,21,40,50,40,45,14,14,2,1,61,3,7,32,86,22,57,52,14,1,57,3,5,30,89,20,53,45,12,1,57,3,5,30,189,20,53,145,112,1
657,399,3129,30,32,60,65,55,50,70,65,45,40,40,40,55,51,40,45,12,10,15,17,32,69,44,65,35,44,51,49,9,19,25,67,40,66,35,41,49,35,7,17,25,167,40,166,35,41,149,135,107,117
658,512,3213,17,17,83,83,5,5,85,84,31,30,25,25,44,38,32,30,12,12,23,28,17,84,5,81,27,25,34,22,12,32,15,93,4,91,25,23,28,21,12,26,15,193,104,191,125,23,28,21,12,126
659,489,3253,2,2,47,47,77,77,43,44,18,18,21,21,45,45,82,81,28,28,2,2,3,52,77,47,16,12,48,77,28,3,2,50,84,45,16,11,38,79,26,3,102,50,84,45,116,111,138,179,26,3
660,1781,3172,42,42,33,26,54,60,44,44,41,41,37,37,65,70,29,30,78,74,46,55,44,22,65,51,44,36,72,34,73,60,39,20,67,47,39,38,74,28,73,60,139,20,67,147,39,38,174,28,73,160
661,785,3029,82,85,26,27,14,12,89,77,32,49,39,41,41,43,74,73,38,35,37,41,86,28,10,73,51,43,43,72,33,43,90,26,9,75,47,37,37,71,27,34,190,26,9,75,147,37,137,71,127,134
662,409,3175,39,37,65,65,18,18,78,78,36,36,80,80,86,86,48,48,55,58,34,38,35,68,18,76,36,80,87,51,64,44,35,61,18,79,38,86,94,47,58,41,35,161,18,79,38,186,194,147,158,41
663,524,3045,38,36,44,44,48,49,72,74,88,87,9,9,58,59,74,75,7,7,52,52,32,43,52,76,82,9,61,76,8,51,25,37,45,85,99,6,64,80,6,48,25,137,145,185,199,106,164,80,6,48
664,584,3312,75,72,45,40,45,45,50,48,15,15,32,30,28,20,85,85,38,20,89,80,64,37,47,50,14,32,18,88,16,77,59,33,45,44,13,30,18,98,24,84,159,33,45,144,113,30,18,198,124,84
665,500,3354,39,40,30,28,30,28,65,70,40,42,65,67,45,45,28,26,70,75,70,70,53,27,25,77,44,73,56,25,84,79,46,21,19,87,39,77,62,18,92,82,146,121,119,87,39,77,62,118,192,82
666,273,3083,33,33,68,68,79,80,80,82,79,82,61,56,58,58,7,8,57,57,60,60,30,72,87,87,86,50,61,10,60,60,24,70,94,97,90,44,64,10,60,52,24,170,194,197,190,144,164,10,160,152
667,976,3087,60,70,65,75,48,48,35,35,30,45,65,65,70,75,16,11,27,43,65,65,73,80,51,41,50,67,77,10,48,68,73,87,48,36,42,65,86,10,38,62,73,187,48,36,42,65,86,110,138,162
668,383,3325,75,75,10,10,50,50,19,18,67,67,70,70,23,23,65,65,20,20,8,9,73,10,53,17,61,71,22,67,18,10,76,10,46,15,57,74,20,65,18,9,76,10,146,15,57,74,20,65,18,9
669,250,3453,13,13,70,72,17,17,65,70,65,70,78,81,5,5,88,87,6,7,65,75,13,72,16,72,73,84,5,87,7,81,11,74,16,71,76,92,4,95,5,91,11,174,116,71,76,192,4,95,105,91
670,464,3499,62,64,35,40,90,90,68,65,38,38,88,88,36,34,11,10,13,13,46,47,67,43,87,61,37,87,32,9,14,51,63,37,94,57,33,96,31,6,14,47,163,137,94,57,33,196,31,106,14,147
671,680,3398,78,77,17,15,37,41,67,69,38,40,38,38,83,82,28,25,70,70,63,63,76,13,48,73,43,44,81,25,73,59,79,11,40,75,34,41,91,18,71,57,79,11,140,175,34,41,191,118,171,157
672,347,3335,85,82,67,67,74,74,77,77,19,19,34,34,12,12,4,6,68,64,75,79,78,64,72,79,19,32,13,7,59,87,88,58,72,82,17,30,11,5,57,96,188,158,172,182,17,30,11,5,157,96
673,427,3456,33,33,40,38,8,8,72,72,63,63,26,26,25,30,5,6,27,27,60,60,33,35,10,73,63,22,31,8,25,54,27,35,9,73,68,20,27,6,23,52,127,35,109,73,168,120,27,6,23,52
674,499,3309,40,54,60,60,30,30,30,15,20,30,50,65,80,80,70,75,30,30,10,10,54,61,32,12,34,72,81,81,34,10,51,57,31,12,28,71,78,92,31,9,151,57,31,12,28,71,78,92,131,9
675,766,3268,6,7,74,74,5,4,85,86,64,67,85,85,46,63,36,38,65,70,24,28,9,76,4,87,74,85,65,43,74,31,7,79,3,94,81,98,66,34,70,27,7,79,103,94,81,98,166,134,70,27
676,836,3277,84,84,39,33,78,77,10,10,57,60,52,51,37,32,58,59,28,28,57,63,76,16,76,11,62,50,22,64,26,69,80,24,85,8,61,44,20,59,23,67,80,124,185,108,61,144,20,159,123,167
677,690,3400,4,5,20,22,59,64,44,44,50,51,86,83,86,88,34,36,66,69,62,55,4,19,69,43,54,78,84,42,71,51,3,22,63,34,49,78,92,32,69,48,103,22,63,34,49,178,192,132,169,48
678,330,3126,38,39,85,80,18,18,18,20,10,10,72,70,50,45,62,62,32,33,28,30,43,76,18,19,10,74,43,64,32,34,36,79,18,17,10,70,37,58,26,29,136,79,18,17,110,70,37,158,126,129
679,376,3312,52,57,31,33,38,45,37,40,21,18,26,28,22,20,88,88,31,28,90,80,64,37,47,50,14,32,18,88,16,77,59,33,45,44,13,30,18,98,24,84,159,33,45,144,113,30,18,198,124,84
680,448,3218,92,90,48,50,68,68,95,95,20,22,70,70,72,72,88,88,72,72,39,39,85,50,66,87,27,73,72,86,73,37,98,42,56,94,25,76,72,90,77,33,98,142,56,94,125,76,172,90,77,33
681,353,3297,25,32,10,10,12,13,85,85,40,43,59,59,75,80,62,69,55,62,70,75,34,9,14,87,45,60,87,74,64,77,29,7,12,94,44,52,96,70,58,86,129,7,112,194,44,152,196,70,158,86
682,572,3204,71,70,77,75,9,9,47,50,22,22,68,70,21,21,18,19,2,3,2,2,62,73,10,56,21,71,22,19,3,5,61,73,10,62,15,73,20,17,2,4,61,73,110,62,115,173,20,117,2,4
683,554,3170,75,80,47,49,24,18,71,69,83,85,75,70,41,41,60,58,77,82,20,19,87,51,14,67,87,72,42,55,87,17,96,48,13,64,97,71,32,53,99,15,196,48,113,64,197,71,132,153,99,15
684,267,3218,80,85,35,45,60,65,90,90,28,28,65,70,70,72,75,85,70,75,35,37,85,50,66,87,27,73,72,86,73,37,98,42,56,94,25,76,72,90,77,33,98,142,56,94,125,76,172,90,77,33
685,618,3024,78,75,49,50,33,32,85,85,34,30,52,52,8,7,74,70,79,77,68,67,59,51,31,79,22,48,5,69,74,66,54,47,29,84,20,40,4,63,77,72,154,47,29,184,120,140,4,63,177,72
686,899,3177,82,76,8,8,13,15,22,16,49,50,74,75,9,11,34,27,48,52,54,54,73,8,16,15,51,73,10,25,54,54,75,6,16,14,47,73,9,19,50,52,175,6,16,114,47,73,9,119,150,52
687,485,3252,50,50,8,8,75,75,60,65,1,1,85,85,70,70,10,10,25,25,80,80,59,10,77,71,1,78,71,10,30,87,54,10,79,73,1,78,74,9,24,96,154,10,179,173,1,178,74,9,24,196
688,512,3297,33,33,10,10,14,15,75,76,50,46,60,60,87,90,64,66,69,69,55,65,34,9,14,87,45,60,87,74,64,77,29,7,12,94,44,52,96,70,58,86,129,7,112,194,44,152,196,70,158,86
689,671,3055,70,65,86,86,9,11,78,85,25,28,48,48,55,50,73,73,70,65,60,68,64,86,12,87,27,50,51,75,64,69,58,89,13,99,25,44,48,76,59,67,158,189,13,99,125,144,48,176,59,167
690,582,3137,67,70,12,12,16,16,30,30,33,33,72,72,25,25,30,32,35,35,38,40,74,14,14,34,32,75,26,36,34,44,80,12,13,31,31,76,22,38,30,39,180,112,113,131,31,176,122,38,130,39
691,623,3458,45,46,57,62,84,85,56,58,88,88,25,25,45,48,78,78,9,9,10,11,51,68,86,63,88,26,55,79,9,12,49,61,90,68,98,22,53,83,7,12,149,161,190,168,198,122,153,83,107,12
692,302,3422,2,2,82,83,48,47,32,30,77,78,44,48,75,80,53,54,13,12,8,8,1,87,44,25,81,56,88,60,11,9,1,93,39,19,78,62,98,52,8,7,1,93,39,119,78,62,198,152,108,7
693,217,3483,59,50,33,31,75,77,78,71,68,59,44,43,82,87,5,7,10,14,25,22,50,31,77,71,59,43,87,7,14,22,44,27,84,69,54,37,99,5,12,20,144,27,84,169,154,37,99,105,112,120
694,801,3206,38,38,75,75,43,46,73,73,57,55,59,57,25,33,63,60,86,86,68,68,34,77,50,66,53,52,43,51,86,69,29,86,42,72,48,54,34,47,90,67,129,86,42,72,148,54,134,47,90,167
695,715,3362,12,12,30,35,72,72,50,50,68,68,8,8,18,20,80,80,84,80,55,55,10,41,77,48,66,9,27,87,76,54,10,36,87,40,56,6,21,96,79,51,110,36,87,140,56,106,121,196,79,51
696,1106,3236,75,75,76,75,11,11,82,80,86,87,45,40,85,85,68,75,50,50,40,40,71,68,12,77,95,34,78,79,51,34,73,62,13,87,95,31,89,82,47,28,173,162,13,87,195,131,89,82,147,128
697,569,3050,41,42,60,65,69,70,67,67,55,55,73,74,77,77,35,35,11,11,76,76,43,71,73,65,53,75,78,34,11,76,37,68,73,67,48,76,88,31,8,80,137,68,73,67,148,176,188,131,108,80
698,769,3104,45,45,78,78,74,72,11,10,37,45,27,26,66,66,69,72,54,52,12,12,43,77,64,9,48,25,65,74,50,12,37,85,59,7,38,19,65,81,41,12,37,85,59,107,138,119,165,81,141,12
699,745,3328,40,40,75,78,70,70,30,30,60,59,73,75,26,26,44,44,33,30,1,1,31,86,72,32,65,77,26,43,16,2,29,90,71,31,65,84,22,37,24,1,29,90,71,31,165,84,122,37,124,101
700,312,3295,4,5,47,50,43,47,47,49,10,10,64,67,68,68,7,8,38,38,55,58,7,54,52,52,10,73,68,9,37,64,5,51,45,50,9,77,62,7,33,58,5,151,145,50,109,77,162,107,33,158
701,402,3094,36,35,30,28,35,33,4,7,80,85,75,72,78,78,88,88,60,55,93,90,34,26,30,8,87,67,78,87,52,87,28,22,24,6,96,65,88,96,50,93,128,122,24,6,196,65,188,96,50,93
702,329,3446,5,5,55,58,70,72,45,46,8,9,78,80,66,66,34,34,51,52,35,35,5,61,73,48,10,87,67,34,54,37,4,64,83,40,10,97,64,30,52,33,104,164,183,140,10,197,64,130,52,33
703,281,3264,10,11,29,31,73,73,44,44,37,41,8,9,26,25,13,14,77,73,39,36,12,34,76,43,43,10,25,14,72,34,12,29,85,37,34,10,23,12,71,28,12,129,185,137,34,10,23,112,71,128
704,744,3053,65,64,61,59,33,30,77,77,2,2,64,70,71,71,57,52,74,75,52,55,62,54,15,77,2,74,71,43,76,63,56,51,14,66,1,70,74,37,80,68,156,51,114,66,101,70,74,137,80,168
705,782,3497,32,32,21,21,65,65,72,72,75,70,5,6,50,55,27,33,48,56,70,68,32,21,66,72,71,7,61,43,59,65,30,15,56,74,73,5,64,34,55,66,30,115,56,174,173,5,164,134,155,166
706,672,3193,75,75,50,53,80,77,77,75,24,22,32,33,27,30,67,67,28,19,83,85,73,55,74,73,21,34,31,65,16,86,83,53,70,77,19,30,27,67,24,100,183,153,70,77,19,130,27,67,124,200
707,661,3406,43,43,13,13,94,94,23,24,11,11,30,26,30,35,84,85,84,82,83,83,44,12,95,27,10,19,43,87,77,86,40,12,95,25,10,17,36,97,85,90,40,12,195,125,10,17,136,97,85,190
708,459,3234,38,38,78,82,39,39,72,74,53,53,73,73,2,2,81,81,57,57,36,36,54,87,41,84,63,74,3,81,54,36,49,93,36,93,55,80,3,78,51,38,49,93,36,193,55,180,3,78,51,38
709,489,3282,65,65,68,68,71,71,67,67,23,24,25,30,5,6,12,12,16,18,91,92,69,69,71,65,25,34,7,11,19,95,63,67,73,67,18,31,5,8,17,95,63,167,173,67,118,131,5,108,117,195
710,421,3157,40,38,55,55,80,80,65,70,13,12,28,26,50,55,30,32,1,1,80,80,34,54,79,77,10,22,62,34,1,78,31,52,83,86,10,20,61,29,1,88,131,52,83,86,110,120,61,129,1,188
711,359,3338,52,55,51,51,78,75,48,50,82,80,69,69,17,17,75,75,26,35,76,72,60,52,73,54,79,69,18,74,48,69,60,54,75,49,84,63,18,70,38,67,160,54,175,49,184,63,18,70,138,167
712,703,3141,68,67,59,66,37,37,41,46,73,75,28,24,19,17,54,52,69,72,86,86,68,68,35,53,78,22,15,51,74,86,62,61,35,46,88,20,14,49,77,88,162,161,35,146,188,120,114,149,177,88
713,430,3278,85,82,94,92,59,69,50,55,72,73,30,33,38,39,95,93,23,21,8,8,79,82,69,60,74,31,44,87,19,10,83,99,67,52,77,29,39,95,17,10,83,199,167,152,177,29,139,95,17,10
714,480,3080,29,27,35,35,19,20,30,25,60,65,4,5,79,78,60,65,66,72,3,3,26,35,21,22,69,5,77,71,78,5,23,35,19,21,63,4,79,68,88,4,123,35,19,21,63,104,179,68,188,4
715,432,3201,68,68,32,32,48,52,22,22,3,2,78,78,63,58,35,35,85,82,78,75,65,31,57,19,2,81,51,32,79,74,66,29,53,17,1,91,49,31,82,70,166,29,53,17,101,191,149,31,182,70
716,664,3266,82,82,26,28,17,17,74,75,78,78,4,5,68,69,14,15,46,46,37,37,87,32,16,80,76,7,77,15,54,38,94,25,16,87,79,5,86,14,52,32,194,25,16,187,79,5,86,114,52,32
717,476,3188,27,25,48,53,61,64,28,28,36,35,50,52,54,56,14,13,21,19,61,60,22,64,68,34,34,63,67,11,17,60,20,58,61,28,28,55,65,8,15,60,120,158,161,128,28,55,65,108,15,60
718,913,3301,12,12,50,50,75,75,20,20,48,55,78,75,40,45,60,61,80,83,82,83,13,51,76,21,60,73,49,64,87,84,11,46,80,19,60,71,35,59,96,92,11,46,80,19,160,171,135,159,196,192
719,471,3315,25,27,25,30,67,67,82,80,13,12,50,52,27,30,72,75,70,75,40,42,27,34,67,80,10,54,32,81,77,44,25,29,65,86,9,51,26,91,84,39,125,129,65,186,109,51,126,91,84,139
720,540,3433,41,47,40,45,29,29,36,32,78,78,60,60,28,30,12,12,22,23,70,75,50,47,28,30,77,59,31,10,25,77,42,45,26,24,86,55,27,10,18,66,142,45,26,24,86,155,27,110,118,66
721,1243,3426,40,43,1,1,42,48,64,66,5,6,76,79,82,82,68,69,22,20,38,42,45,1,54,71,8,87,85,71,18,50,43,1,49,68,6,94,98,74,18,42,43,1,49,68,6,194,98,74,18,142
722,379,3126,47,45,86,86,18,18,25,23,11,11,89,80,40,40,63,63,29,29,37,35,43,76,18,19,10,74,43,64,32,34,36,79,18,17,10,70,37,58,26,29,136,79,18,17,110,70,37,158,126,129
723,555,3083,34,32,65,68,82,83,74,82,78,78,38,40,53,55,9,10,47,51,47,50,30,72,87,87,86,50,61,10,60,60,24,70,94,97,90,44,64,10,60,52,24,170,194,197,190,144,164,10,160,152
724,838,3365,36,35,76,74,27,26,79,75,8,7,81,83,68,72,79,80,19,19,66,67,34,72,26,72,7,86,81,81,19,67,31,70,22,74,5,88,91,91,17,65,131,170,122,174,105,88,91,191,117,65
725,470,3191,30,34,7,7,22,22,87,87,27,26,41,41,78,78,80,80,47,48,42,42,49,8,25,77,22,48,72,76,56,45,43,6,18,84,20,33,72,79,62,44,143,6,118,84,120,133,172,79,62,44
726,326,3298,14,14,6,5,72,73,62,62,76,75,47,52,3,3,44,44,38,40,84,81,14,5,77,62,74,57,3,45,43,79,12,4,66,56,81,53,2,44,37,82,112,104,66,156,81,53,2,44,37,182
727,327,3171,5,5,61,61,82,82,23,23,48,48,48,48,3,3,78,78,54,54,38,38,5,65,85,31,34,34,4,87,61,35,4,65,98,27,31,30,3,96,64,35,104,165,98,27,131,130,103,96,164,35
728,720,3431,23,20,39,35,55,55,56,51,4,5,93,90,42,39,9,11,6,6,83,85,17,34,50,48,5,86,32,12,5,86,15,30,44,38,4,88,25,12,4,90,15,130,144,138,4,88,25,12,104,90
729,479,3059,12,12,26,26,1,1,41,32,65,65,29,29,81,81,92,92,89,89,52,52,12,27,1,16,74,26,73,86,81,63,12,21,1,24,77,23,75,90,78,55,12,121,1,124,177,123,175,190,78,55
730,623,3272,65,65,25,29,47,49,4,4,92,90,40,36,42,42,13,13,25,24,80,80,68,33,54,4,87,34,45,14,21,81,62,27,51,3,93,30,44,12,19,92,162,127,51,103,93,130,44,112,19,92
731,686,3359,80,79,62,61,56,45,27,30,69,69,88,79,32,40,70,69,48,50,90,89,78,60,45,33,69,78,49,68,50,86,78,60,44,27,63,89,35,61,41,89,178,160,44,127,63,89,135,161,141,189
732,426,3193,83,74,52,52,81,78,79,75,22,22,41,37,23,27,75,70,25,25,92,90,73,55,74,73,21,34,31,65,16,86,83,53,70,77,19,30,27,67,24,100,183,153,70,77,19,130,27,67,124,200
733,1085,3318,9,9,36,35,52,51,47,49,72,76,30,29,17,14,80,84,82,80,37,40,10,34,48,50,80,26,12,87,77,43,10,29,40,41,86,23,11,97,79,34,10,129,140,141,186,123,111,197,179,134
734,1051,3345,27,25,27,29,9,9,53,53,30,27,52,64,11,10,42,42,13,13,12,11,19,34,7,50,21,68,9,43,12,10,17,29,5,44,19,69,6,37,13,10,117,129,105,144,19,69,106,137,13,10
735,699,3131,50,52,20,18,80,82,90,88,18,20,16,15,75,74,40,37,95,91,70,68,51,16,81,86,19,13,73,34,87,65,49,16,91,90,17,11,77,31,94,67,149,16,191,90,117,11,77,131,194,67
736,276,3433,45,47,52,50,27,27,24,28,78,78,56,57,26,28,7,8,26,26,78,78,50,47,28,30,77,59,31,10,25,77,42,45,26,24,86,55,27,10,18,66,142,45,26,24,86,155,27,110,118,66
737,432,3363,65,64,43,47,67,75,6,5,40,48,30,28,11,11,15,16,5,6,62,63,64,50,77,5,54,26,12,17,9,65,59,44,66,4,52,23,12,15,7,67,159,144,66,104,52,123,12,15,107,67
738,548,3062,5,6,77,73,69,65,46,49,54,62,87,85,75,70,75,75,10,10,33,33,7,72,65,50,64,84,67,75,11,34,5,72,66,41,58,92,64,76,8,28,5,172,166,141,158,192,64,176,108,28
739,594,3432,12,12,70,73,75,75,42,42,37,35,80,80,51,52,88,88,77,78,75,75,10,79,73,44,32,79,62,88,85,74,9,82,71,41,31,82,61,100,98,70,109,82,171,41,31,182,61,100,98,70
740,328,3499,54,62,38,41,72,75,67,64,38,39,73,77,37,35,11,11,12,13,45,47,67,43,87,61,37,87,32,9,14,51,63,37,94,57,33,96,31,6,14,47,163,137,94,57,33,196,31,106,14,147
741,530,3255,42,41,36,36,68,68,40,40,82,82,79,82,13,13,77,77,45,48,77,70,34,34,68,42,79,86,12,81,54,72,31,29,69,32,81,88,13,92,50,72,131,129,69,132,181,88,13,92,150,172
742,892,3178,50,52,7,5,11,10,13,12,92,96,14,16,18,17,80,76,89,82,50,52,62,3,9,10,95,16,16,73,76,48,61,2,6,10,95,16,16,71,79,40,61,102,106,110,195,16,116,171,79,140
743,714,3259,73,72,35,34,68,62,21,21,57,62,75,76,63,65,26,30,3,4,52,50,74,34,60,21,65,77,68,32,5,51,81,29,60,19,65,87,62,26,4,46,81,129,60,19,165,87,162,126,4,46
744,609,3372,43,43,72,72,35,35,55,55,60,60,80,80,14,14,12,11,8,8,68,68,44,73,32,52,57,76,13,10,10,72,39,73,30,45,53,79,11,9,10,72,39,73,30,145,53,79,11,9,110,172
745,498,3060,50,50,10,10,55,55,85,85,35,35,60,60,70,70,30,30,28,30,60,60,50,12,48,81,44,63,65,32,31,55,41,11,40,78,40,55,65,30,29,53,141,111,140,78,40,55,165,30,29,153
746,855,3339,69,60,30,32,70,75,25,19,65,64,40,35,79,74,90,95,27,25,41,55,59,32,76,19,64,35,74,95,22,55,54,25,80,22,59,35,70,95,21,53,154,25,80,22,159,35,70,195,21,153
747,523,3243,22,22,9,9,55,45,40,42,80,76,90,90,45,48,13,14,80,76,2,3,21,9,43,49,72,86,51,14,71,3,19,6,37,35,70,90,47,12,69,3,19,106,137,135,170,90,147,112,169,3
748,450,3495,62,62,34,36,40,38,65,63,85,86,45,40,31,30,64,65,88,85,90,87,60,43,34,61,87,35,28,68,81,82,60,37,30,57,96,35,26,61,78,99,60,137,130,57,96,35,26,161,78,199
749,764,3423,38,46,68,73,88,80,71,72,66,67,68,72,69,75,21,24,73,75,62,60,54,81,77,73,69,75,80,25,77,59,50,91,85,71,67,76,86,19,87,55,150,91,85,171,167,176,186,119,87,155
750,713,3387,10,10,45,45,24,24,55,50,3,3,30,17,42,40,8,9,84,84,65,67,9,47,25,53,3,15,36,10,87,73,6,45,18,48,2,14,38,10,97,76,106,45,118,148,102,114,38,10,97,76
751,1148,3103,37,42,90,89,36,49,52,54,89,88,48,49,91,91,72,72,28,27,22,21,48,87,50,63,87,54,95,73,25,19,40,97,42,55,96,51,95,77,23,22,140,197,42,55,96,51,195,77,23,22
752,761,3459,67,70,82,80,82,84,26,28,37,40,34,35,22,20,34,34,69,72,62,63,73,78,88,32,43,36,16,35,74,64,71,89,98,25,37,38,16,35,70,59,171,89,198,25,137,38,16,35,70,59
753,889,3380,85,80,36,45,70,70,17,15,6,6,28,40,55,55,78,70,23,28,68,68,79,51,67,12,7,48,52,66,31,66,82,47,64,11,5,33,45,56,29,72,182,147,64,111,5,133,145,56,29,72
754,826,3047,62,67,70,70,48,48,45,40,35,34,82,84,36,36,40,40,16,14,55,53,74,73,49,34,31,86,36,44,13,51,77,77,35,30,29,90,38,40,11,49,177,77,135,130,29,190,38,40,11,149
755,342,3379,65,64,6,7,40,50,33,34,80,83,72,73,78,78,58,59,21,21,65,65,59,9,60,37,88,81,78,64,22,64,54,7,60,33,100,92,89,58,20,59,154,107,160,33,100,92,89,158,20,159
756,316,3243,23,22,6,8,42,42,40,45,70,71,80,84,42,46,12,13,70,70,3,3,21,9,43,49,72,86,51,14,71,3,19,6,37,35,70,90,47,12,69,3,19,106,137,135,170,90,147,112,169,3
757,336,3106,60,65,40,38,60,60,28,28,45,45,45,45,40,40,28,28,60,60,55,55,74,38,73,31,51,60,50,16,54,74,77,32,83,27,47,60,42,16,51,70,177,32,183,27,47,160,142,16,151,70
758,786,3004,50,54,34,30,22,22,31,27,24,28,10,8,67,62,84,82,9,9,76,79,60,27,19,25,27,7,59,78,9,67,60,21,17,18,25,5,55,78,7,63,160,121,117,118,125,105,155,178,107,163
759,415,3032,57,58,9,9,85,82,38,35,93,92,52,51,28,27,47,48,11,11,87,80,60,9,81,28,87,51,25,49,11,77,60,6,91,26,95,48,23,43,8,79,160,106,191,26,95,48,23,143,108,179
760,538,3376,39,48,32,30,9,10,89,89,2,2,72,72,90,90,4,5,43,43,54,60,47,26,12,84,3,74,87,5,43,69,45,23,13,92,3,70,94,4,37,63,45,123,13,192,3,70,94,104,137,63
761,414,3357,66,67,77,80,33,30,50,53,55,55,10,11,19,25,14,13,69,71,7,8,68,88,16,54,54,12,25,12,72,8,69,98,24,52,51,12,18,11,70,6,69,198,124,52,151,12,118,111,170,6
762,478,3402,41,41,5,5,59,60,39,32,70,68,42,37,87,87,12,12,86,85,46,46,41,5,62,26,67,32,87,12,84,45,36,4,61,23,64,26,94,12,93,44,36,104,61,123,64,126,94,12,193,44
763,616,3034,74,73,56,58,52,53,36,40,70,71,84,85,47,49,52,53,37,36,68,69,71,59,51,49,73,86,52,54,34,67,69,55,49,43,77,88,45,51,28,63,169,155,149,143,77,88,145,51,28,163
764,574,3457,51,50,27,16,53,50,26,21,60,61,37,41,7,6,2,5,35,34,23,21,50,14,50,19,62,41,5,5,34,19,44,13,42,17,61,36,4,4,30,22,144,113,42,17,61,36,104,4,130,22
765,373,3240,8,9,24,24,6,8,78,78,91,90,40,44,52,60,3,4,28,32,29,29,12,26,10,81,87,47,64,5,43,34,13,22,10,92,95,45,58,4,34,28,13,122,10,92,95,45,158,104,34,128
766,507,3006,72,69,22,20,8,8,11,13,17,17,80,80,79,79,15,16,18,15,30,48,61,19,9,14,19,77,79,19,12,51,57,22,7,12,17,85,83,17,11,49,57,22,7,112,17,85,83,117,111,149
767,301,3151,35,36,22,22,35,38,23,23,52,52,60,61,65,60,58,56,28,28,87,87,44,25,43,27,53,67,59,51,28,87,39,23,36,25,46,65,54,49,26,97,139,23,136,125,146,65,154,149,26,197
768,349,3485,23,20,55,58,75,75,16,17,83,85,53,53,13,12,60,64,12,12,34,37,12,65,75,19,87,54,10,71,9,49,11,67,76,17,96,50,9,74,6,43,111,67,176,17,196,150,109,74,106,143
769,189,3195,75,76,3,3,30,42,40,51,5,5,60,65,65,54,80,95,35,32,24,25,76,3,42,51,5,65,54,95,32,25,85,2,32,48,4,67,51,95,25,18,185,2,132,48,4,67,151,195,25,118
770,409,3436,11,13,48,48,64,69,4,6,38,34,46,50,54,54,72,79,64,57,72,76,14,50,72,7,32,52,53,80,54,77,14,41,70,5,30,45,48,86,51,84,14,141,170,105,30,145,148,186,151,84
771,683,3074,50,53,33,20,35,35,2,2,43,51,77,77,6,10,2,3,32,29,8,8,53,19,37,2,50,78,10,3,22,8,46,17,33,1,41,88,8,2,20,6,146,117,33,101,141,188,8,102,120,6
772,352,3414,34,34,65,63,80,80,16,16,90,90,85,82,92,90,42,44,92,92,67,65,34,59,77,14,87,78,86,47,87,61,28,57,79,13,97,88,100,45,99,57,28,157,179,113,197,188,200,45,99,57
773,437,3494,48,49,32,32,15,14,25,25,85,85,50,51,70,65,70,67,70,70,45,47,63,16,12,25,86,53,61,60,74,52,55,24,11,23,89,48,57,60,70,54,55,124,111,23,189,148,57,60,70,54
774,421,3393,90,80,35,35,30,20,30,45,75,75,70,75,60,60,27,30,80,80,40,50,77,34,16,49,74,79,62,34,79,53,84,30,24,43,77,82,61,29,82,48,84,130,124,143,177,82,61,129,182,148
775,1319,3416,8,9,80,80,27,30,37,35,33,32,46,48,53,55,70,70,27,25,80,80,10,82,43,32,30,52,61,73,22,84,10,99,34,31,24,45,64,76,21,93,10,199,134,31,24,145,164,76,21,193
776,1243,3420,62,62,83,83,32,38,95,85,44,33,29,29,32,41,33,25,81,73,26,29,64,81,49,86,32,31,44,16,71,32,58,78,43,89,30,29,39,24,74,31,58,78,143,189,30,29,139,124,74,31
777,347,3442,87,87,42,42,36,36,24,24,62,62,74,74,35,31,40,38,29,29,50,50,95,48,49,15,71,76,32,36,21,50,95,38,35,14,68,79,30,38,19,44,195,138,135,114,68,79,30,38,19,144
778,593,3474,33,33,48,50,55,60,50,50,78,78,87,85,53,65,90,90,75,75,78,80,32,51,67,51,77,79,69,77,76,82,26,46,65,48,86,82,63,85,80,99,126,46,65,48,86,182,63,85,80,199
779,417,3295,6,6,53,54,44,50,58,56,8,8,77,76,78,73,6,7,33,34,58,63,7,54,52,52,10,73,68,9,37,64,5,51,45,50,9,77,62,7,33,58,5,151,145,50,109,77,162,107,33,158
780,384,3416,8,8,82,85,34,33,35,35,30,30,50,48,62,60,75,75,35,30,78,78,10,82,43,32,30,52,61,73,22,84,10,99,34,31,24,45,64,76,21,93,10,199,134,31,24,145,164,76,21,193
781,441,3491,26,26,5,5,30,30,47,47,21,19,41,41,53,52,28,28,80,80,32,35,26,7,16,57,17,43,51,34,79,44,22,5,16,53,15,37,49,28,84,41,122,105,116,53,15,137,149,28,184,41
782,730,3201,63,63,34,32,55,55,19,19,2,2,82,82,48,48,30,31,83,80,68,70,65,31,57,19,2,81,51,32,79,74,66,29,53,17,1,91,49,31,82,70,166,29,53,17,101,191,149,31,182,70
783,1713,3289,55,54,76,76,81,80,65,68,69,70,59,61,26,23,38,43,21,19,49,51,51,79,77,69,73,65,22,43,17,51,46,84,85,63,71,65,21,34,15,47,46,184,85,63,171,165,21,34,15,47
784,444,3265,34,36,56,56,63,63,48,48,38,40,94,95,88,88,59,54,7,8,73,73,44,53,63,48,44,88,87,52,9,77,40,48,55,38,41,98,96,45,6,66,40,148,55,138,41,198,96,145,106,66
785,496,3498,7,8,57,55,35,33,52,52,85,85,18,25,10,10,72,70,12,12,82,80,9,53,32,51,86,27,10,67,13,77,7,46,30,47,100,21,9,65,11,86,107,146,30,47,200,121,9,65,11,86
786,384,3427,60,61,51,42,35,38,40,41,70,78,58,56,78,79,30,32,29,25,68,70,64,34,44,43,85,54,82,34,19,73,58,30,41,37,98,49,99,28,17,71,158,130,41,37,98,49,199,128,117,171
787,391,3406,37,38,13,12,92,95,22,23,10,10,19,19,42,42,85,85,88,85,85,86,44,12,95,27,10,19,43,87,77,86,40,12,95,25,10,17,36,97,85,90,40,12,195,125,10,17,136,97,85,190
788,545,3307,88,86,90,84,49,54,82,81,71,70,92,92,75,76,81,83,78,80,47,48,87,79,62,79,73,87,77,82,87,55,97,83,56,81,76,99,79,99,93,53,197,83,156,181,76,99,179,199,93,153
789,773,3433,34,45,38,40,28,28,25,27,63,65,63,61,30,30,12,11,18,20,68,72,50,47,28,30,77,59,31,10,25,77,42,45,26,24,86,55,27,10,18,66,142,45,26,24,86,155,27,110,118,66
790,1027,3179,31,23,37,32,20,20,8,7,59,59,89,61,65,78,53,47,37,38,89,76,26,33,22,9,64,60,81,44,43,75,22,27,20,7,59,52,91,40,36,76,122,127,120,7,59,152,91,40,136,176
791,1036,3297,50,45,6,7,17,17,78,85,50,48,49,49,78,85,75,75,70,67,68,75,34,9,14,87,45,60,87,74,64,77,29,7,12,94,44,52,96,70,58,86,129,7,112,194,44,152,196,70,158,86
792,334,3116,86,87,71,67,70,76,73,76,38,36,53,53,79,79,14,12,24,25,29,28,87,61,87,77,34,51,78,11,26,27,94,57,96,79,31,46,88,8,22,25,94,57,96,179,131,46,188,108,122,125
793,495,3404,6,6,36,42,79,82,69,70,24,32,16,16,15,14,49,55,13,13,54,57,7,50,86,72,49,16,14,69,12,61,5,41,90,72,35,16,12,63,13,64,105,141,90,172,135,16,112,63,13,164
794,362,3260,32,32,85,85,56,56,27,27,42,42,36,36,53,53,8,8,70,70,72,70,42,86,34,22,31,28,54,10,60,73,32,90,28,20,29,26,51,10,52,76,132,90,128,20,29,26,51,110,152,76
795,636,3244,37,37,56,69,65,65,75,74,82,83,28,28,67,69,32,32,71,72,23,20,35,71,65,72,85,30,76,31,77,12,35,68,66,74,98,24,85,29,87,11,35,68,166,174,98,24,185,29,87,111
796,565,3500,37,40,52,56,10,10,87,83,14,13,43,43,51,53,72,72,56,54,18,19,45,63,10,77,12,43,62,73,53,21,43,55,9,85,11,37,61,73,48,19,43,55,9,85,111,37,61,73,148,19
797,427,3404,7,7,42,46,78,80,76,75,34,48,16,16,14,14,74,71,9,10,67,61,7,50,86,72,49,16,14,69,12,61,5,41,90,72,35,16,12,63,13,64,105,141,90,172,135,16,112,63,13,164
798,327,3360,41,41,78,85,38,48,62,68,40,39,82,85,12,12,60,65,50,52,82,80,41,87,50,71,38,87,12,68,53,78,36,94,42,69,32,97,13,69,46,88,36,194,42,169,32,97,13,69,146,188
799,409,3002,47,57,4,4,57,57,35,26,10,10,60,60,90,90,80,80,60,50,70,71,63,3,52,25,9,60,78,74,50,73,68,3,45,19,6,60,89,81,44,77,168,3,145,119,106,160,89,81,144,77
800,356,3232,95,92,42,47,38,42,20,20,56,58,97,98,23,23,31,31,82,78,17,17,88,54,50,21,66,86,32,34,74,17,100,50,41,15,56,89,26,29,81,15,100,150,141,115,56,189,126,129,81,15
801,249,3309,50,50,62,62,41,41,13,13,34,34,67,67,76,76,68,73,42,38,11,11,54,61,32,12,34,72,81,81,34,10,51,57,31,12,28,71,78,92,31,9,151,57,31,12,28,71,78,92,131,9
802,429,3466,67,69,80,85,76,75,38,30,82,77,50,50,14,13,81,80,57,55,87,86,71,87,73,25,74,52,12,79,52,82,68,96,77,23,80,45,12,83,50,99,68,196,77,23,180,145,12,83,50,199
803,620,3299,23,20,65,67,65,70,50,53,48,45,73,75,30,40,17,15,5,6,60,65,19,71,74,54,45,76,44,14,7,66,17,74,81,50,44,79,40,12,5,72,17,74,81,150,44,79,40,112,5,72
804,403,3233,69,71,83,85,74,74,4,3,46,50,80,86,87,83,48,48,78,78,23,24,77,86,74,3,52,88,80,51,79,26,66,90,70,3,54,100,87,48,82,23,66,90,70,3,54,100,187,48,82,123
805,419,3016,21,24,19,19,14,14,72,67,73,72,25,25,62,60,63,62,67,65,23,25,27,19,14,61,71,26,54,60,64,25,25,22,12,57,74,23,51,60,59,23,125,22,112,57,74,123,151,160,59,23
806,328,3092,6,6,8,8,34,33,12,12,41,40,68,67,84,85,43,45,47,48,77,77,5,8,31,11,37,64,87,47,50,77,4,6,27,8,33,59,97,45,41,84,104,6,27,108,33,159,197,45,141,84
807,241,3246,88,88,74,68,59,64,87,92,60,80,26,25,50,55,2,3,45,35,42,52,86,65,65,84,81,25,54,3,34,52,100,67,65,93,91,18,49,2,30,45,200,67,165,193,91,118,49,2,130,145
808,769,3239,88,87,90,89,36,25,62,62,61,65,64,63,59,55,82,78,5,4,86,87,87,87,18,61,68,60,51,77,3,87,97,94,18,57,61,52,46,84,2,97,197,94,18,57,161,152,46,84,102,97
809,507,3259,67,65,30,32,62,62,23,23,50,55,65,68,52,55,28,30,5,5,47,48,74,34,60,21,65,77,68,32,5,51,81,29,60,19,65,87,62,26,4,46,81,129,60,19,165,87,162,126,4,46
810,311,3076,78,77,31,28,77,75,76,75,69,73,33,33,7,8,78,75,25,25,81,79,73,22,73,73,88,32,10,72,25,76,77,20,75,71,100,30,8,72,19,85,77,20,75,171,100,30,8,172,119,185
811,1359,3056,60,61,7,7,76,85,83,73,72,71,55,59,18,18,85,84,60,66,65,75,61,7,87,71,71,60,17,86,67,79,64,5,93,73,69,52,15,90,63,84,164,5,93,173,169,152,15,190,163,184
812,457,3109,50,50,37,37,63,63,80,80,47,47,83,83,12,12,30,30,77,77,5,5,62,54,65,77,64,88,13,38,74,5,56,50,67,85,58,100,11,32,70,4,156,150,67,85,58,100,11,32,70,104
813,299,3162,42,45,83,85,85,82,88,88,14,10,53,70,39,35,54,60,67,75,86,80,47,86,78,87,9,72,34,64,77,78,45,89,88,99,6,70,30,59,66,78,45,189,188,99,106,170,130,159,66,178
814,586,3358,74,77,7,8,75,72,30,33,45,51,38,36,82,80,3,4,75,72,2,3,75,8,71,34,50,36,81,3,71,3,76,6,74,28,42,38,92,2,68,2,176,6,74,128,142,38,92,102,68,2
815,531,3419,38,36,34,33,45,44,32,38,23,21,41,38,44,41,87,84,59,57,89,86,34,31,44,42,16,34,37,77,54,78,28,29,41,32,16,31,33,85,52,89,128,29,41,132,116,131,33,85,52,89
816,1042,3011,55,55,87,87,77,77,54,54,68,68,56,56,78,78,28,28,74,74,66,66,54,77,81,48,69,55,73,28,66,64,50,85,91,40,63,53,77,26,56,59,150,85,91,140,63,153,77,26,56,59
817,526,3276,30,24,30,30,79,77,41,45,24,24,45,46,81,80,46,46,53,55,83,83,16,51,75,52,22,56,74,63,68,86,24,47,76,54,20,62,80,55,61,89,124,147,176,54,20,62,180,55,161,189
818,708,3135,93,91,95,89,79,82,21,24,65,67,79,80,88,81,49,54,8,9,49,51,87,82,87,27,71,80,74,60,10,54,93,99,97,25,68,86,80,52,9,51,93,199,97,125,68,186,180,152,9,151
819,296,3391,65,64,83,83,75,76,41,42,9,9,29,29,30,29,54,54,28,28,56,55,66,78,79,43,10,31,27,54,32,51,56,78,82,37,10,27,25,51,25,49,56,178,182,137,110,27,125,51,25,149
820,699,3254,75,75,39,43,42,47,3,3,19,21,80,79,67,69,34,36,88,87,78,78,74,54,60,3,26,77,72,49,86,76,80,51,60,2,22,87,71,35,90,85,180,151,160,102,122,87,71,135,90,185
821,660,3210,73,77,24,20,37,45,85,75,90,88,82,83,8,7,67,75,28,34,88,87,81,18,52,79,87,85,7,77,43,87,78,18,45,82,99,98,5,87,34,97,78,18,145,182,99,98,105,87,34,97
822,803,3352,19,19,21,23,29,31,85,88,65,72,30,35,49,51,10,9,90,89,52,52,19,26,36,95,77,42,54,5,87,53,17,23,38,95,79,32,49,4,94,46,17,123,38,195,179,132,49,104,94,146
823,336,3324,56,59,47,49,19,19,62,60,35,36,77,77,47,47,82,78,85,85,64,66,63,52,18,59,38,79,51,72,87,71,68,54,18,57,32,82,47,70,97,73,168,54,18,157,32,82,47,170,97,173
824,312,3105,81,81,44,44,85,82,74,72,59,78,41,48,30,30,33,31,42,43,50,60,81,47,77,67,81,51,27,28,43,64,78,45,79,64,91,47,25,26,37,58,78,45,179,64,91,147,125,26,137,58
825,717,3473,63,63,15,17,45,44,48,50,67,70,58,60,18,15,66,64,42,37,22,24,65,19,44,53,73,63,14,60,35,27,65,17,39,48,83,55,13,60,35,21,165,17,39,148,183,55,113,60,35,121
826,515,3119,65,65,60,68,16,16,15,15,74,74,80,80,30,30,82,84,45,38,42,45,64,71,17,14,73,79,27,85,34,48,59,69,15,12,77,84,25,98,30,40,159,169,15,112,77,184,125,98,130,140
827,397,3073,19,21,20,19,73,74,16,14,57,57,72,75,35,35,71,71,67,65,43,49,25,17,76,12,59,79,36,72,61,51,18,15,79,11,54,82,38,72,57,47,118,15,79,111,154,82,38,172,57,147
828,393,3172,50,50,35,35,70,70,55,55,50,50,55,55,65,65,45,45,70,70,65,65,44,22,65,51,44,36,72,34,73,60,39,20,67,47,39,38,74,28,73,60,139,20,67,147,39,38,174,28,73,160
829,633,3201,72,72,33,33,65,64,17,18,1,2,85,83,53,52,34,33,96,87,79,77,65,31,57,19,2,81,51,32,79,74,66,29,53,17,1,91,49,31,82,70,166,29,53,17,101,191,149,31,182,70
830,756,3456,28,30,31,34,12,10,72,72,64,64,32,26,31,31,7,8,24,24,68,58,33,35,10,73,63,22,31,8,25,54,27,35,9,73,68,20,27,6,23,52,127,35,109,73,168,120,27,6,23,52
831,552,3259,55,60,32,32,50,55,20,20,45,55,60,70,65,65,35,35,5,5,50,50,74,34,60,21,65,77,68,32,5,51,81,29,60,19,65,87,62,26,4,46,81,129,60,19,165,87,162,126,4,46
832,634,3458,42,48,62,68,85,85,50,55,90,90,25,25,55,55,77,78,8,8,12,12,51,68,86,63,88,26,55,79,9,12,49,61,90,68,98,22,53,83,7,12,149,161,190,168,198,122,153,83,107,12
833,428,3022,75,71,64,62,13,12,80,72,73,68,86,79,51,55,65,66,24,24,4,4,77,62,12,74,67,79,64,71,28,5,66,61,13,77,64,82,58,69,26,4,66,61,13,177,64,182,58,169,26,4
834,970,3220,75,85,47,47,78,75,88,77,60,68,74,75,20,16,45,45,10,11,68,60,88,48,72,78,67,77,14,48,12,59,100,38,74,88,65,87,13,40,12,57,100,138,174,188,65,87,113,140,12,157
835,551,3068,67,68,79,83,82,83,27,24,77,81,33,32,65,64,19,17,29,31,31,26,71,95,82,21,79,35,64,14,34,16,73,95,99,15,82,35,59,13,28,24,173,195,199,115,182,35,59,113,28,124
836,488,3127,29,28,50,48,39,42,40,37,28,29,73,76,84,85,49,50,79,83,52,53,26,43,44,37,33,81,86,50,88,51,22,37,41,33,27,92,88,42,100,49,122,37,41,33,127,92,88,142,100,149
837,669,3138,65,72,28,33,54,56,24,26,31,33,69,71,41,41,16,16,28,28,43,43,79,44,61,34,43,87,54,18,32,60,81,39,57,29,37,96,51,18,31,60,181,139,57,129,137,196,151,18,31,160
838,633,3305,45,43,42,56,67,70,49,50,30,40,70,72,62,67,75,80,23,18,80,75,44,55,72,51,43,73,69,87,14,73,39,53,72,48,36,71,67,95,12,75,39,153,172,48,136,171,167,95,112,75
839,679,3289,48,50,76,78,83,80,54,58,73,73,57,60,26,24,33,37,18,17,57,54,51,79,77,69,73,65,22,43,17,51,46,84,85,63,71,65,21,34,15,47,46,184,85,63,171,165,21,34,15,47
840,339,3324,57,61,55,53,25,18,65,60,41,41,72,75,47,47,69,69,88,88,75,71,63,52,18,59,38,79,51,72,87,71,68,54,18,57,32,82,47,70,97,73,168,54,18,157,32,82,47,170,97,173
841,338,3417,82,82,38,35,42,50,6,5,16,17,80,85,85,87,89,88,88,87,40,45,80,34,54,4,19,87,88,87,86,50,87,30,51,3,17,96,100,94,88,42,187,130,51,103,17,96,100,194,88,142
842,306,3390,29,28,82,81,54,53,90,89,27,28,56,56,62,64,12,12,36,40,88,83,27,76,52,87,30,53,66,13,49,76,25,80,54,96,24,48,56,11,35,85,125,80,54,96,24,148,56,11,135,185
843,327,3003,75,75,73,73,48,49,66,72,70,71,3,3,66,66,5,5,22,22,72,71,77,79,54,87,81,3,72,5,27,64,79,82,51,96,92,2,70,4,21,58,179,182,51,196,92,2,170,4,121,158
844,399,3369,25,18,68,71,28,33,55,57,51,51,42,47,75,75,45,50,91,89,4,4,13,81,43,59,53,50,72,63,87,3,11,91,34,54,48,42,70,68,94,3,11,91,134,154,148,142,170,168,94,3
845,994,3310,70,76,71,76,64,62,36,47,32,34,61,59,63,66,67,70,48,56,9,8,79,76,61,50,34,59,68,73,59,8,82,80,57,41,28,54,62,83,55,6,82,80,57,141,28,154,162,183,155,6
846,457,3421,10,10,64,64,72,72,66,66,58,58,62,62,32,32,35,35,14,14,72,72,13,68,76,73,79,51,44,34,22,62,11,61,79,73,82,49,41,29,20,56,11,161,79,73,82,149,41,129,20,156
847,729,3160,74,73,81,84,66,66,54,53,47,45,69,71,7,6,45,51,8,8,80,79,73,84,74,53,43,73,5,51,9,79,77,93,70,48,37,76,4,47,6,84,77,193,70,148,37,76,4,47,106,184
848,679,3098,7,7,88,88,55,55,62,66,1,1,80,80,40,38,70,79,74,74,90,90,9,87,55,73,1,80,34,81,74,87,7,94,53,76,1,87,31,91,77,99,107,194,153,76,1,187,131,91,177,99
849,413,3406,45,45,18,17,85,90,22,25,11,11,26,23,38,40,90,88,91,80,82,83,44,12,95,27,10,19,43,87,77,86,40,12,95,25,10,17,36,97,85,90,40,12,195,125,10,17,136,97,85,190
850,639,3081,82,85,2,1,75,76,5,7,90,88,68,70,95,90,22,26,16,16,52,54,88,1,77,8,87,73,87,28,17,56,100,1,86,6,97,71,94,26,15,62,100,1,86,6,97,171,194,26,15,62
851,820,3475,25,32,68,70,55,54,58,60,28,28,76,75,41,38,7,9,60,59,49,50,42,72,54,61,28,73,34,10,56,51,32,70,49,64,26,75,28,9,62,48,132,170,49,164,26,75,28,9,62,48
852,407,3361,55,56,83,83,89,88,26,16,53,55,37,37,31,29,74,74,68,57,19,19,56,79,87,15,64,36,16,74,54,19,62,84,97,14,58,38,24,80,51,17,62,184,97,114,58,38,124,180,151,17
853,376,3365,42,42,71,71,26,26,79,79,9,7,80,83,65,65,80,80,23,20,57,59,34,72,26,72,7,86,81,81,19,67,31,70,22,74,5,88,91,91,17,65,131,170,122,174,105,88,91,191,117,65
854,658,3057,47,48,57,69,62,64,42,38,68,70,46,49,11,8,16,16,38,29,52,49,50,71,66,34,72,51,5,16,22,47,41,69,72,28,71,48,4,16,21,45,141,169,72,128,71,48,104,16,21,45
855,595,3423,50,52,70,75,83,80,75,75,72,70,80,80,77,78,28,27,70,75,59,59,54,81,77,73,69,75,80,25,77,59,50,91,85,71,67,76,86,19,87,55,150,91,85,171,167,176,186,119,87,155
856,1266,3433,45,49,42,45,26,30,30,31,65,78,53,57,35,35,11,12,22,26,70,75,50,47,28,30,77,59,31,10,25,77,42,45,26,24,86,55,27,10,18,66,142,45,26,24,86,155,27,110,118,66
857,462,3288,19,23,69,68,77,77,46,49,62,66,50,57,9,9,83,85,77,75,80,80,25,67,76,52,68,60,10,87,73,79,18,64,79,54,61,60,10,93,77,82,118,64,79,54,161,160,10,93,77,182
858,381,3034,75,72,62,61,47,49,38,45,73,73,83,84,51,51,47,48,33,33,67,67,71,59,51,49,73,86,52,54,34,67,69,55,49,43,77,88,45,51,28,63,169,155,149,143,77,88,145,51,28,163
859,352,3141,67,67,72,68,44,36,43,48,74,78,24,24,18,17,68,60,70,72,80,85,68,68,35,53,78,22,15,51,74,86,62,61,35,46,88,20,14,49,77,88,162,161,35,146,188,120,114,149,177,88
860,501,3340,70,70,32,25,80,80,23,20,3,3,33,30,50,60,75,75,35,30,82,85,75,27,81,19,3,32,63,76,31,87,76,21,91,17,2,26,55,80,29,97,176,121,191,17,102,126,55,80,29,197
861,666,3315,24,25,35,34,62,68,78,78,12,11,45,47,38,34,62,62,84,84,31,32,27,34,67,80,10,54,32,81,77,44,25,29,65,86,9,51,26,91,84,39,125,129,65,186,109,51,126,91,84,139
862,458,3478,42,43,16,17,47,40,62,57,70,72,81,83,38,40,42,48,49,50,87,87,44,14,36,55,77,87,43,50,51,87,39,14,38,53,66,96,37,42,48,93,139,14,38,153,66,96,137,42,48,93
863,600,3383,88,86,40,42,6,7,79,79,24,25,47,46,28,27,78,76,77,79,35,33,82,44,7,79,26,45,26,75,81,32,99,39,5,84,22,43,23,76,91,31,199,139,5,184,122,43,123,176,191,31
864,434,3298,13,13,5,5,64,70,60,62,77,75,54,57,3,3,45,45,48,43,75,75,14,5,77,62,74,57,3,45,43,79,12,4,66,56,81,53,2,44,37,82,112,104,66,156,81,53,2,44,37,182
865,486,3336,6,7,25,35,66,64,75,69,70,73,78,75,76,73,64,63,66,67,36,33,8,43,68,73,79,81,79,59,73,34,6,34,62,75,82,92,81,54,71,28,6,134,162,75,182,92,181,154,171,28
866,411,3245,8,8,83,83,70,70,14,14,72,72,19,19,40,44,85,85,65,65,35,40,10,79,53,16,71,25,48,76,54,44,10,82,48,16,68,23,38,85,52,41,10,82,148,16,68,23,138,185,52,41
867,602,3270,67,59,11,10,72,70,11,13,62,65,77,75,48,48,11,11,31,32,40,41,54,9,66,14,65,71,54,13,34,44,52,6,56,14,67,73,51,11,29,39,52,106,56,14,67,173,51,11,129,139
868,664,3085,75,74,81,85,26,40,53,51,5,6,24,17,43,38,44,37,38,35,44,44,73,87,43,50,7,15,36,34,34,44,71,97,34,44,5,14,38,31,28,40,171,97,134,144,105,114,38,131,128,40
869,537,3411,58,56,27,18,10,7,85,80,48,49,85,85,33,36,53,53,62,62,80,79,55,16,5,77,52,79,41,54,61,72,53,16,4,85,54,84,36,51,57,72,153,116,4,85,54,184,36,51,57,172
870,424,3032,52,57,11,10,78,79,30,29,89,88,52,52,23,24,39,42,12,12,82,80,60,9,81,28,87,51,25,49,11,77,60,6,91,26,95,48,23,43,8,79,160,106,191,26,95,48,23,143,108,179
871,307,3494,60,62,40,25,14,13,25,25,90,88,52,52,85,75,60,60,75,75,50,51,63,16,12,25,86,53,61,60,74,52,55,24,11,23,89,48,57,60,70,54,55,124,111,23,189,148,57,60,70,54
872,518,3339,68,63,29,31,75,78,30,22,67,65,40,38,68,73,85,90,30,24,45,53,59,32,76,19,64,35,74,95,22,55,54,25,80,22,59,35,70,95,21,53,154,25,80,22,159,35,70,195,21,153
873,852,3155,28,28,24,25,38,40,18,18,50,50,38,39,3,5,13,12,32,35,72,70,36,32,51,19,34,43,7,11,43,60,38,26,48,17,30,36,5,8,34,60,38,126,48,117,130,136,5,108,134,60
874,386,3420,62,62,85,84,36,38,89,88,30,30,32,32,36,36,33,30,70,70,34,34,64,81,49,86,32,31,44,16,71,32,58,78,43,89,30,29,39,24,74,31,58,78,143,189,30,29,139,124,74,31
875,433,3365,32,32,68,68,26,26,72,72,4,5,79,82,66,72,82,82,17,17,65,65,34,72,26,72,7,86,81,81,19,67,31,70,22,74,5,88,91,91,17,65,131,170,122,174,105,88,91,191,117,65
876,501,3285,52,52,13,13,47,47,82,82,71,72,79,75,7,7,78,78,73,70,82,83,43,11,45,88,50,73,8,72,65,86,37,8,43,98,44,73,6,74,66,90,37,108,43,198,144,73,6,174,166,90
877,1248,3491,20,23,5,6,25,20,63,60,16,17,53,45,63,55,34,34,82,80,44,44,26,7,16,57,17,43,51,34,79,44,22,5,16,53,15,37,49,28,84,41,122,105,116,53,15,137,149,28,184,41
878,601,3397,20,17,72,75,68,68,50,50,22,25,64,64,68,68,58,58,76,76,70,70,14,84,67,52,26,66,64,54,76,71,13,93,64,45,23,56,59,51,80,68,113,193,64,145,123,56,159,151,80,68
879,901,3165,72,74,7,9,37,33,55,56,81,80,84,85,93,94,77,75,11,11,88,88,77,10,27,61,77,87,95,67,11,87,86,10,21,64,85,96,95,64,8,97,86,10,121,164,85,196,195,64,108,197
880,659,3431,19,19,40,38,48,48,45,46,3,3,95,92,28,29,12,12,4,4,98,98,17,34,50,48,5,86,32,12,5,86,15,30,44,38,4,88,25,12,4,90,15,130,144,138,4,88,25,12,104,90
881,286,3283,22,19,32,34,86,80,65,71,55,54,70,74,87,87,49,52,48,52,55,57,15,34,76,81,50,81,87,63,62,66,14,28,79,91,42,91,99,55,56,72,114,128,79,91,142,191,99,55,156,72
882,568,3388,35,35,58,62,46,45,75,78,83,84,65,70,7,8,38,36,67,70,70,72,36,63,45,79,85,73,10,35,71,72,38,55,43,84,98,75,8,35,68,74,38,55,43,184,98,175,8,35,68,174
883,284,3009,88,81,35,30,77,77,76,75,86,82,20,19,69,70,44,44,78,86,88,88,81,26,79,73,79,19,73,44,87,88,91,23,82,71,84,17,83,39,95,100,191,123,82,171,184,117,183,39,95,100
884,1024,3228,87,89,74,75,63,58,55,41,29,25,92,93,74,76,36,36,45,54,54,48,87,72,54,36,16,87,73,34,52,44,97,71,52,38,16,99,71,30,54,39,97,71,52,38,116,99,171,130,54,139
885,872,3086,9,9,76,75,44,50,60,55,35,24,79,79,78,80,71,77,8,12,59,59,10,73,50,51,22,77,86,81,12,57,9,77,42,46,20,66,100,92,13,53,109,77,42,46,120,66,200,92,13,53
886,417,3412,33,32,52,57,53,60,55,60,89,89,19,19,40,42,90,89,14,12,48,48,30,68,64,64,88,22,49,86,10,52,24,69,59,59,98,20,35,100,10,45,24,69,159,59,198,20,135,200,110,145
887,803,3459,63,68,78,78,83,85,29,30,34,40,37,35,14,15,44,38,62,70,58,60,73,78,88,32,43,36,16,35,74,64,71,89,98,25,37,38,16,35,70,59,171,89,198,25,137,38,16,35,70,59
888,794,3390,25,26,71,73,36,40,80,85,31,31,51,51,78,70,16,15,36,47,69,72,27,76,52,87,30,53,66,13,49,76,25,80,54,96,24,48,56,11,35,85,125,80,54,96,24,148,56,11,135,185
889,509,3472,3,4,12,12,66,69,9,9,47,47,31,38,41,46,60,60,86,86,32,40,5,14,73,11,51,43,56,59,86,50,4,13,76,8,46,36,62,57,90,41,4,113,76,108,46,136,62,157,190,141
890,647,3114,83,81,56,56,77,77,47,49,43,40,91,93,77,77,27,25,74,74,85,85,76,52,76,55,38,95,73,19,66,79,79,50,85,53,32,95,76,22,56,81,79,50,185,153,32,195,76,22,56,181
891,376,3114,74,74,61,59,61,65,56,56,42,40,89,89,62,63,21,20,55,58,70,71,76,52,76,55,38,95,73,19,66,79,79,50,85,53,32,95,76,22,56,81,79,50,185,153,32,195,76,22,56,181
892,505,3391,55,57,82,80,77,79,42,42,12,12,27,29,31,29,50,52,25,28,57,54,66,78,79,43,10,31,27,54,32,51,56,78,82,37,10,27,25,51,25,49,56,178,182,137,110,27,125,51,25,149
893,701,3058,72,71,30,30,86,86,40,40,28,26,36,30,8,8,32,32,12,12,6,7,73,31,86,48,25,25,10,31,14,10,75,27,90,38,18,19,10,29,14,10,75,27,90,138,118,119,110,29,14,10
894,336,3396,10,10,80,80,32,30,32,35,90,90,92,92,73,73,28,34,95,95,40,38,11,76,26,38,86,77,65,41,87,34,8,79,23,32,88,85,67,36,94,31,108,79,123,32,88,85,67,36,94,131
895,216,3103,33,45,75,85,35,45,55,57,70,80,50,50,90,90,85,70,25,25,27,20,48,87,50,63,87,54,95,73,25,19,40,97,42,55,96,51,95,77,23,22,140,197,42,55,96,51,195,77,23,22
896,857,3334,70,65,38,33,6,6,9,9,39,37,54,54,82,80,51,51,89,89,8,8,62,25,5,9,36,51,77,50,87,9,56,23,4,6,38,46,79,42,94,7,156,23,4,106,38,46,179,42,194,7
897,309,3242,82,82,32,32,27,27,60,55,85,85,55,55,45,48,90,90,62,60,22,20,77,30,16,48,87,56,44,78,43,16,85,24,16,40,96,62,39,88,37,16,85,24,16,140,96,62,139,188,137,116
898,835,3463,45,50,36,32,60,75,46,34,67,67,26,17,10,10,75,73,33,45,78,72,54,31,76,35,68,16,8,72,47,71,51,29,79,35,61,24,6,71,45,73,51,29,79,35,161,124,6,71,45,173
899,343,3385,57,57,60,60,21,21,68,70,13,11,70,70,6,6,35,35,55,55,65,65,61,59,31,79,10,88,4,32,64,74,64,54,27,81,10,100,3,30,58,70,164,154,27,181,110,100,103,30,58,70
900,486,3087,73,73,80,80,42,43,35,36,43,44,70,68,75,75,11,11,32,35,65,67,73,80,51,41,50,67,77,10,48,68,73,87,48,36,42,65,86,10,38,62,73,187,48,36,42,65,86,110,138,162
901,700,3151,41,41,21,21,43,43,22,22,52,52,65,65,70,65,60,62,33,33,80,85,44,25,43,27,53,67,59,51,28,87,39,23,36,25,46,65,54,49,26,97,139,23,136,125,146,65,154,149,26,197
902,363,3451,1,1,89,87,54,57,45,44,38,34,60,61,19,17,80,85,28,43,50,55,1,87,59,44,34,61,16,86,43,55,1,94,54,39,28,57,16,100,36,53,1,94,154,39,128,57,116,200,136,153
903,541,3320,55,53,67,69,76,76,83,85,38,37,19,18,16,17,43,40,34,34,48,50,52,71,75,88,34,16,19,34,34,51,54,73,76,100,28,16,17,30,29,47,54,173,176,100,128,116,117,130,129,47
904,423,3121,26,22,61,61,19,19,57,57,51,51,45,45,13,13,41,38,64,68,87,87,14,65,16,60,53,44,12,32,71,87,13,66,16,52,46,41,13,31,68,94,113,166,16,152,146,41,13,31,68,194
905,410,3040,73,73,86,86,45,45,27,27,38,40,55,56,62,62,78,78,65,65,9,9,77,87,54,34,43,59,64,87,73,10,84,94,51,28,37,55,59,97,75,10,84,94,151,128,137,155,159,197,75,10
906,876,3170,86,82,58,48,14,14,73,73,96,96,80,70,45,45,52,56,87,87,15,15,87,51,14,67,87,72,42,55,87,17,96,48,13,64,97,71,32,53,99,15,196,48,113,64,197,71,132,153,99,15
907,712,3241,75,77,29,18,58,52,32,32,56,54,72,60,16,20,2,2,56,45,77,77,71,16,45,36,52,62,27,3,38,77,74,24,44,38,50,56,25,3,32,84,74,124,44,38,50,156,125,3,32,84
908,522,3457,46,46,15,15,43,47,19,19,62,62,36,36,4,4,2,3,39,37,24,21,50,14,50,19,62,41,5,5,34,19,44,13,42,17,61,36,4,4,30,22,144,113,42,17,61,36,104,4,130,22
909,244,3254,77,75,48,49,59,59,3,3,26,26,65,68,69,70,28,32,82,83,79,78,74,54,60,3,26,77,72,49,86,76,80,51,60,2,22,87,71,35,90,85,180,151,160,102,122,87,71,135,90,185
910,454,3499,64,66,32,41,86,87,67,63,41,38,76,82,36,34,9,9,12,14,44,48,67,43,87,61,37,87,32,9,14,51,63,37,94,57,33,96,31,6,14,47,163,137,94,57,33,196,31,106,14,147
911,722,3201,68,64,32,32,57,57,19,19,1,1,73,76,57,53,31,31,78,78,63,69,65,31,57,19,2,81,51,32,79,74,66,29,53,17,1,91,49,31,82,70,166,29,53,17,101,191,149,31,182,70
912,648,3424,55,53,40,45,28,25,80,80,58,52,60,60,4,4,6,6,85,78,88,88,50,48,22,81,54,51,4,7,72,86,44,38,20,92,51,46,3,5,71,100,144,138,120,92,51,46,103,105,71,200
913,969,3318,10,10,32,32,45,42,48,48,75,75,24,24,17,15,85,85,79,77,28,36,10,34,48,50,80,26,12,87,77,43,10,29,40,41,86,23,11,97,79,34,10,129,140,141,186,123,111,197,179,134
914,487,3007,76,68,32,32,87,85,27,30,47,48,82,80,73,68,16,18,85,86,45,46,62,31,79,33,50,76,61,19,87,48,61,29,81,27,42,80,64,17,96,40,61,29,181,127,142,80,164,117,196,140
915,928,3273,50,50,60,62,40,35,45,43,30,28,68,68,21,17,45,45,80,80,50,40,50,64,30,43,27,69,16,44,78,22,42,59,24,36,21,67,16,39,88,21,42,159,24,136,121,167,16,39,188,21
916,1194,3387,12,11,44,40,28,28,48,48,4,4,15,15,34,32,8,7,84,81,55,63,9,47,25,53,3,15,36,10,87,73,6,45,18,48,2,14,38,10,97,76,106,45,118,148,102,114,38,10,97,76
917,904,3081,80,84,1,1,71,74,7,7,90,88,78,75,90,89,30,30,16,17,53,55,88,1,77,8,87,73,87,28,17,56,100,1,86,6,97,71,94,26,15,62,100,1,86,6,97,171,194,26,15,62
918,768,3156,18,18,51,53,60,59,80,80,83,81,81,81,6,7,49,50,35,37,85,86,19,56,57,74,78,77,7,51,43,86,17,62,53,80,78,87,5,48,34,90,17,62,53,180,178,87,105,48,134,90
919,363,3428,35,36,39,40,14,14,17,17,66,66,8,8,55,58,45,45,75,70,85,88,43,44,12,16,64,9,63,45,67,95,34,40,11,16,59,7,55,44,64,95,34,40,111,16,59,107,55,44,64,195
920,662,3363,65,65,52,52,65,74,4,5,46,53,21,24,14,13,15,16,7,9,64,64,64,50,77,5,54,26,12,17,9,65,59,44,66,4,52,23,12,15,7,67,159,144,66,104,52,123,12,15,107,67
921,434,3038,7,7,82,82,84,83,19,24,23,28,63,64,52,52,77,75,89,89,94,92,7,79,81,27,33,67,53,72,87,88,5,82,91,21,27,65,46,72,94,98,105,82,191,121,127,65,146,172,94,198
922,463,3412,36,34,68,68,70,67,65,65,92,92,22,22,37,40,88,88,12,11,50,50,30,68,64,64,88,22,49,86,10,52,24,69,59,59,98,20,35,100,10,45,24,69,159,59,198,20,135,200,110,145
923,622,3428,42,42,45,45,15,14,12,14,65,65,9,9,70,65,47,47,65,72,82,89,43,44,12,16,64,9,63,45,67,95,34,40,11,16,59,7,55,44,64,95,34,40,111,16,59,107,55,44,64,195
924,470,3337,68,68,55,57,32,32,34,30,60,57,38,38,9,9,8,10,46,46,53,53,71,63,32,27,53,36,10,11,45,60,68,68,26,21,48,38,8,8,43,60,68,168,126,121,148,38,8,108,43,160
925,261,3379,62,62,6,7,55,58,46,43,84,85,80,80,92,88,58,60,18,19,64,64,59,9,60,37,88,81,78,64,22,64,54,7,60,33,100,92,89,58,20,59,154,107,160,33,100,92,89,158,20,159
926,1566,3499,75,70,43,43,92,90,68,65,38,38,75,81,36,35,10,10,13,14,45,45,67,43,87,61,37,87,32,9,14,51,63,37,94,57,33,96,31,6,14,47,163,137,94,57,33,196,31,106,14,147
927,478,3096,21,21,87,80,41,38,54,52,9,9,18,19,16,17,42,38,18,18,70,71,22,79,34,50,10,26,18,32,21,73,20,83,30,44,9,23,18,31,19,76,120,83,130,144,109,123,18,31,19,76
928,380,3197,87,87,24,26,75,77,11,11,85,86,54,56,86,80,84,86,38,48,80,75,87,27,77,11,86,56,79,86,49,73,96,25,79,8,90,62,82,100,35,71,196,125,179,108,190,62,182,200,135,171
929,489,3114,80,81,55,55,68,72,40,50,35,37,90,92,61,65,22,21,62,62,78,78,76,52,76,55,38,95,73,19,66,79,79,50,85,53,32,95,76,22,56,81,79,50,185,153,32,195,76,22,56,181
930,332,3433,48,49,44,45,28,28,31,31,76,76,67,63,33,32,13,11,35,27,82,80,50,47,28,30,77,59,31,10,25,77,42,45,26,24,86,55,27,10,18,66,142,45,26,24,86,155,27,110,118,66
931,1329,3120,8,6,7,8,54,53,5,5,58,54,35,33,88,82,62,57,45,42,85,85,5,9,52,5,53,32,79,50,34,86,4,7,45,4,46,26,82,44,30,90,4,7,145,104,146,126,182,144,130,90
932,729,3248,91,89,60,62,15,13,41,40,58,63,54,56,18,19,83,83,60,63,94,91,86,66,12,32,64,63,18,81,60,87,100,72,12,30,58,55,18,78,60,97,200,72,12,30,58,55,18,78,60,97
933,366,3145,72,73,27,22,35,30,37,48,39,43,78,88,89,79,62,72,9,9,67,67,73,21,28,53,44,87,77,73,9,66,75,19,26,46,40,94,84,73,7,72,175,19,26,146,40,194,84,73,7,72
934,474,3391,72,57,80,70,72,70,39,36,12,9,30,28,24,23,56,48,31,27,54,47,66,78,79,43,10,31,27,54,32,51,56,78,82,37,10,27,25,51,25,49,56,178,182,137,110,27,125,51,25,149
935,916,3333,35,35,80,75,21,15,77,80,50,55,66,68,70,72,87,83,40,47,40,44,36,67,14,80,59,71,81,79,51,51,38,64,13,86,57,69,91,81,48,47,38,64,113,186,157,169,91,181,48,147
936,484,3463,55,55,42,40,68,68,45,40,56,56,31,30,8,8,60,62,42,42,67,67,54,31,76,35,68,16,8,72,47,71,51,29,79,35,61,24,6,71,45,73,51,29,79,35,161,124,6,71,45,173
937,712,3193,81,78,52,53,75,74,85,80,24,21,38,35,30,31,67,67,26,20,90,86,73,55,74,73,21,34,31,65,16,86,83,53,70,77,19,30,27,67,24,100,183,153,70,77,19,130,27,67,124,200
938,385,3349,9,9,73,66,66,65,72,71,65,66,72,72,31,32,88,80,39,40,62,62,10,64,64,67,68,73,33,77,42,62,8,59,59,64,62,75,27,85,32,56,8,59,159,64,162,175,127,85,132,156
939,966,3403,83,83,40,38,33,22,44,49,68,75,54,54,45,45,36,34,37,29,35,42,77,34,19,54,73,52,45,32,25,44,86,29,17,51,75,50,43,26,19,39,86,129,117,51,175,50,43,126,119,139
940,853,3311,10,10,80,81,79,77,89,85,47,45,32,32,90,88,50,50,89,85,30,30,10,82,76,77,34,31,79,47,85,28,10,99,85,84,30,27,82,45,98,26,110,199,185,84,130,27,182,45,98,26
941,714,3007,57,57,28,30,82,81,27,27,47,47,81,80,73,65,18,19,85,85,48,48,62,31,79,33,50,76,61,19,87,48,61,29,81,27,42,80,64,17,96,40,61,29,181,127,142,80,164,117,196,140
942,990,3103,56,53,80,83,43,46,62,62,83,85,62,58,90,93,76,75,30,27,20,18,48,87,50,63,87,54,95,73,25,19,40,97,42,55,96,51,95,77,23,22,140,197,42,55,96,51,195,77,23,22
943,777,3192,60,61,4,4,66,68,33,33,22,18,26,24,85,86,35,42,78,75,88,87,62,5,68,32,16,21,87,48,72,86,61,4,62,30,24,19,95,33,72,89,61,4,162,30,124,19,95,133,172,189
944,693,3197,79,85,28,28,75,78,8,10,86,86,54,54,79,79,88,86,32,44,75,74,87,27,77,11,86,56,79,86,49,73,96,25,79,8,90,62,82,100,35,71,196,125,179,108,190,62,182,200,135,171
945,548,3492,43,49,52,50,45,48,27,26,79,80,81,78,60,59,30,38,57,65,38,35,51,50,51,25,81,72,61,48,69,34,47,42,48,23,78,72,64,38,63,30,47,42,48,23,78,172,164,138,63,130
946,655,3374,81,81,47,47,4,5,79,79,80,80,37,32,68,68,76,76,5,5,63,63,81,54,7,79,78,25,68,77,5,69,91,50,5,81,78,18,62,66,4,63,191,150,5,181,178,118,162,66,104,63
947,394,3460,69,74,37,33,44,46,71,72,75,71,66,71,84,85,48,47,87,87,36,35,87,25,53,73,64,81,87,44,87,34,96,18,46,83,58,91,97,39,96,30,96,118,146,183,158,91,97,139,196,130
948,656,3199,85,82,77,73,8,9,49,50,57,54,52,51,58,58,65,72,13,12,69,69,78,69,9,51,55,50,57,74,12,68,88,67,7,49,53,42,53,70,12,62,188,167,107,149,153,142,53,70,12,162
949,534,3407,76,65,75,75,56,56,67,67,52,48,55,57,15,13,23,24,47,48,52,52,61,76,56,66,44,62,12,27,51,54,57,80,62,72,40,56,11,25,47,51,57,80,62,72,40,156,111,125,147,151
950,587,3352,18,19,26,26,34,35,91,93,77,77,29,37,44,48,6,5,86,86,53,53,19,26,36,95,77,42,54,5,87,53,17,23,38,95,79,32,49,4,94,46,17,123,38,195,179,132,49,104,94,146
951,296,3185,76,81,84,77,67,67,37,37,91,87,30,37,24,23,87,82,18,19,67,65,80,72,67,38,78,48,21,79,19,67,86,72,63,32,89,33,19,82,17,65,186,172,163,32,89,133,19,182,117,65
952,2057,3040,79,78,86,87,48,52,34,34,39,41,52,55,59,61,74,85,79,75,6,8,77,87,54,34,43,59,64,87,73,10,84,94,51,28,37,55,59,97,75,10,84,94,151,128,137,155,159,197,75,10
953,477,3100,82,84,40,39,48,50,62,64,87,87,57,59,80,90,77,83,75,78,65,70,86,34,52,67,87,61,95,86,81,75,100,28,54,65,97,57,95,90,91,76,200,28,54,65,97,57,195,190,191,176
954,512,3347,68,73,79,77,17,13,8,9,42,44,48,55,82,85,29,31,33,30,12,14,76,77,12,10,43,60,87,32,16,15,80,85,11,10,37,60,97,30,24,14,80,85,111,10,37,160,97,30,124,114
955,366,3283,20,16,24,28,56,68,60,75,50,50,65,75,80,83,45,55,55,56,60,60,15,34,76,81,50,81,87,63,62,66,14,28,79,91,42,91,99,55,56,72,114,128,79,91,142,191,99,55,156,72
956,361,3323,86,85,32,38,27,31,54,53,91,89,5,6,61,60,78,78,16,17,19,22,84,43,34,50,86,7,59,80,19,25,92,36,28,44,89,5,55,86,17,23,192,136,28,144,189,5,155,186,117,23
957,791,3086,11,11,83,81,43,43,50,50,30,28,70,73,87,87,69,72,10,11,45,50,10,73,50,51,22,77,86,81,12,57,9,77,42,46,20,66,100,92,13,53,109,77,42,46,120,66,200,92,13,53
958,746,3134,13,12,49,49,15,15,41,35,14,13,36,25,41,43,53,53,76,78,1,2,12,49,16,32,13,16,43,52,79,2,11,43,16,26,11,24,34,45,84,1,111,143,16,126,11,124,34,145,184,101
959,385,3127,23,23,41,41,36,39,28,33,27,27,79,79,88,88,37,46,81,83,52,52,26,43,44,37,33,81,86,50,88,51,22,37,41,33,27,92,88,42,100,49,122,37,41,33,127,92,88,142,100,149
960,596,3050,60,55,70,70,79,77,67,67,61,61,83,80,80,80,62,62,16,16,85,85,43,71,73,65,53,75,78,34,11,76,37,68,73,67,48,76,88,31,8,80,137,68,73,67,148,176,188,131,108,80
961,385,3431,16,16,44,44,53,53,41,42,4,4,92,92,29,29,14,14,4,4,88,88,17,34,50,48,5,86,32,12,5,86,15,30,44,38,4,88,25,12,4,90,15,130,144,138,4,88,25,12,104,90
962,464,3052,83,80,29,30,7,6,84,82,68,70,17,17,76,73,43,50,70,72,19,19,78,32,5,78,72,17,67,55,73,19,89,25,4,78,70,15,64,53,75,17,89,25,4,178,170,15,64,153,175,117
963,409,3012,72,79,68,70,46,48,22,20,38,36,37,35,45,49,3,3,55,60,65,66,81,71,50,16,34,32,51,3,64,67,92,73,42,16,30,31,47,3,59,63,92,173,142,16,130,31,47,3,159,163
964,323,3405,31,31,72,77,89,87,66,65,11,11,39,36,71,72,66,69,29,29,83,82,32,88,85,62,10,32,80,76,26,79,25,100,98,61,10,31,86,85,23,84,25,100,98,61,110,31,186,185,123,184
965,274,3363,63,63,52,51,68,74,5,5,66,56,28,27,12,12,15,16,8,8,69,66,64,50,77,5,54,26,12,17,9,65,59,44,66,4,52,23,12,15,7,67,159,144,66,104,52,123,12,15,107,67
966,470,3423,49,53,68,68,84,84,72,72,70,70,77,77,73,73,47,37,72,75,68,63,54,81,77,73,69,75,80,25,77,59,50,91,85,71,67,76,86,19,87,55,150,91,85,171,167,176,186,119,87,155
967,611,3479,84,79,12,12,27,29,66,68,28,28,79,79,62,62,48,48,39,39,43,43,73,10,36,74,43,86,64,45,50,44,75,10,38,80,34,90,59,44,41,41,75,110,38,180,134,90,59,44,141,41
968,339,3490,82,82,8,8,9,9,84,84,62,64,38,38,78,78,55,58,43,43,16,19,74,7,10,84,68,35,76,63,44,19,77,5,10,92,69,35,80,68,39,17,177,105,10,192,69,35,80,168,139,117
969,440,3376,46,46,36,34,9,11,82,82,3,3,72,72,85,85,2,2,42,42,56,56,47,26,12,84,3,74,87,5,43,69,45,23,13,92,3,70,94,4,37,63,45,123,13,192,3,70,94,104,137,63
970,390,3335,81,81,71,71,73,72,79,79,22,20,36,36,11,13,5,5,56,57,83,85,78,64,72,79,19,32,13,7,59,87,88,58,72,82,17,30,11,5,57,96,188,158,172,182,17,30,11,5,157,96
971,1011,3386,75,77,85,85,45,45,49,49,65,65,74,74,77,77,26,24,35,35,39,39,77,87,51,60,64,73,81,21,34,43,87,95,47,60,59,75,91,15,28,36,87,95,47,160,159,175,91,115,28,136
972,332,3319,22,22,83,85,58,58,53,58,78,78,3,3,8,8,79,85,85,85,75,75,25,87,59,62,79,3,9,88,85,72,23,99,57,61,83,2,7,100,98,72,23,99,157,61,83,2,107,100,98,172
973,327,3041,59,59,71,74,85,88,57,56,62,65,18,18,73,73,65,65,76,75,81,81,61,77,88,54,67,17,72,63,75,81,64,87,100,49,63,15,72,68,76,91,164,87,100,49,163,15,172,168,176,191
974,357,3441,5,9,12,12,68,75,35,32,75,75,40,48,20,18,57,57,90,90,55,65,9,12,73,32,73,48,17,56,87,68,7,12,83,30,75,38,15,62,95,61,107,12,183,30,175,138,15,62,95,161
975,252,3092,5,5,8,8,24,28,11,11,43,41,68,66,85,86,48,48,46,48,89,80,5,8,31,11,37,64,87,47,50,77,4,6,27,8,33,59,97,45,41,84,104,6,27,108,33,159,197,45,141,84
976,263,3217,87,83,85,85,78,78,51,51,49,49,92,92,35,35,12,12,73,73,61,61,80,80,69,51,51,87,32,12,69,63,87,86,67,47,48,97,26,12,63,68,187,186,167,47,48,197,126,12,63,168
977,604,3103,47,47,85,85,43,45,55,58,80,82,50,52,90,90,75,75,28,28,24,20,48,87,50,63,87,54,95,73,25,19,40,97,42,55,96,51,95,77,23,22,140,197,42,55,96,51,195,77,23,22
978,312,3322,25,23,82,85,78,75,84,80,32,31,12,12,10,9,39,38,70,72,4,3,19,87,73,77,31,11,9,34,74,3,22,96,77,84,27,8,6,30,80,2,22,196,77,84,27,108,106,130,180,102
979,774,3476,85,80,76,76,37,43,78,70,25,23,63,55,55,53,88,87,70,66,18,16,73,76,48,67,21,51,51,87,64,15,83,85,38,64,19,46,49,96,58,14,183,185,138,64,19,46,149,96,158,114
980,219,3158,92,92,83,80,19,16,12,11,14,14,50,50,27,27,70,75,68,65,42,40,95,76,12,10,14,50,27,87,60,33,95,79,11,9,12,44,21,96,60,27,195,79,111,109,112,144,121,196,60,127
981,531,3449,19,19,57,54,75,78,16,16,53,55,13,13,39,42,18,24,40,40,53,53,19,50,80,12,65,13,50,27,43,57,17,44,86,11,65,11,42,21,37,53,17,144,186,111,165,11,42,121,137,53
982,430,3351,29,29,78,82,36,40,51,51,12,12,48,55,1,2,38,36,84,85,23,24,32,88,44,51,11,59,2,34,86,27,31,98,40,47,8,55,1,31,100,21,31,198,40,47,108,155,101,131,200,121
983,309,3224,34,48,36,33,29,33,67,69,16,16,76,72,68,75,42,51,56,64,8,9,53,31,35,73,16,71,75,51,66,10,46,29,35,73,16,74,76,48,56,10,146,29,35,73,16,74,176,48,56,10
984,534,3427,63,63,45,43,42,42,48,48,84,84,45,50,77,78,40,37,28,28,80,80,64,34,44,43,85,54,82,34,19,73,58,30,41,37,98,49,99,28,17,71,158,130,41,37,98,49,199,128,117,171
985,265,3255,32,32,35,35,70,70,28,32,85,85,90,90,9,10,75,78,50,50,82,82,34,34,68,42,79,86,12,81,54,72,31,29,69,32,81,88,13,92,50,72,131,129,69,132,181,88,13,92,150,172
986,387,3051,82,80,82,84,48,52,14,14,80,80,66,66,48,50,38,40,28,28,81,80,76,87,56,14,78,66,51,51,26,79,79,97,62,13,88,72,49,47,23,81,79,97,62,113,188,72,149,147,123,181
987,568,3402,42,42,8,7,56,56,29,28,71,69,36,35,87,87,11,11,76,78,57,55,41,5,62,26,67,32,87,12,84,45,36,4,61,23,64,26,94,12,93,44,36,104,61,123,64,126,94,12,193,44
988,865,3061,33,32,22,21,18,18,54,67,85,71,76,69,48,49,6,9,32,32,91,85,34,19,17,65,73,67,51,10,41,88,29,17,15,65,71,63,47,8,36,98,129,17,15,165,171,163,147,8,36,198
989,459,3260,34,42,72,86,43,34,22,22,27,31,36,28,53,54,12,10,58,60,68,73,42,86,34,22,31,28,54,10,60,73,32,90,28,20,29,26,51,10,52,76,132,90,128,20,29,26,51,110,152,76
990,291,3004,50,55,28,28,24,20,27,27,23,25,5,6,67,60,75,76,8,9,69,69,60,27,19,25,27,7,59,78,9,67,60,21,17,18,25,5,55,78,7,63,160,121,117,118,125,105,155,178,107,163
991,309,3384,25,20,29,30,60,70,2,3,70,74,75,72,29,33,48,46,32,32,40,50,19,32,72,3,74,72,37,44,32,51,17,31,72,3,80,74,33,39,25,46,117,31,172,3,180,174,33,39,25,46
992,629,3264,12,12,34,34,71,72,36,39,37,39,7,7,22,22,12,12,67,70,38,36,12,34,76,43,43,10,25,14,72,34,12,29,85,37,34,10,23,12,71,28,12,129,185,137,34,10,23,112,71,128
993,294,3106,70,72,35,35,68,69,34,32,50,50,54,59,59,53,14,15,52,52,67,70,74,38,73,31,51,60,50,16,54,74,77,32,83,27,47,60,42,16,51,70,177,32,183,27,47,160,142,16,151,70
994,370,3293,85,86,80,78,85,85,45,43,39,40,83,80,48,48,59,63,68,65,2,3,87,75,86,42,41,79,47,65,64,3,94,76,90,32,36,82,45,66,59,3,94,176,190,132,36,182,45,166,159,3
995,869,3420,55,60,83,82,32,40,87,87,35,35,40,37,43,43,38,22,62,67,45,45,64,81,49,86,32,31,44,16,71,32,58,78,43,89,30,29,39,24,74,31,58,78,143,189,30,29,139,124,74,31
996,444,3090,10,10,32,32,64,64,12,12,79,79,82,82,32,32,54,54,9,9,48,48,10,32,60,12,65,87,30,54,10,52,8,31,60,13,66,96,24,50,9,50,8,31,60,13,166,96,24,150,109,50
997,940,3219,48,52,67,68,38,43,41,38,69,75,76,74,18,18,63,57,91,91,27,28,54,68,48,37,77,71,19,51,87,33,51,61,38,33,66,74,17,46,94,27,51,161,138,33,66,74,17,46,94,127
998,493,3207,20,17,28,38,47,51,80,73,69,76,83,81,86,86,60,69,75,73,78,79,16,42,51,73,77,81,86,69,73,79,16,32,47,71,66,78,90,67,73,82,16,132,147,171,66,78,90,167,73,82
999,471,3220,85,85,39,40,82,80,80,80,68,68,87,86,18,18,40,42,9,10,70,68,88,48,72,78,67,77,14,48,12,59,100,38,74,88,65,87,13,40,12,57,100,138,174,188,65,87,113,140,12,157
1000,985,3450,85,85,10,10,65,65,6,6,85,82,28,23,60,62,38,38,32,32,85,85,81,10,65,8,75,19,69,44,32,79,78,9,67,6,76,17,63,39,26,83,78,9,67,6,176,117,63,139,126,83
1001,304,3477,62,63,29,25,32,28,43,47,35,38,64,69,78,84,19,20,35,42,46,48,68,19,16,51,44,73,86,21,52,52,62,22,24,47,39,83,90,19,54,50,162,22,124,147,139,183,90,19,54,50
1002,1293,3115,52,55,29,26,72,68,39,37,73,74,51,52,84,84,27,26,84,78,26,37,60,22,65,34,72,54,85,25,73,42,60,20,66,28,70,50,98,18,75,32,160,20,166,128,170,150,98,118,175,132
1003,928,3145,68,71,35,26,35,32,35,53,52,48,90,88,85,82,80,77,9,9,55,61,73,21,28,53,44,87,77,73,9,66,75,19,26,46,40,94,84,73,7,72,175,19,26,146,40,194,84,73,7,72
1004,805,3325,67,69,8,8,52,53,18,18,65,63,70,70,28,27,59,63,22,21,10,10,73,10,53,17,61,71,22,67,18,10,76,10,46,15,57,74,20,65,18,9,76,10,146,15,57,74,20,65,18,9
1005,403,3196,71,70,75,75,9,9,79,81,9,10,42,43,2,1,86,86,40,45,50,50,73,79,10,86,11,44,1,86,52,54,77,82,10,89,8,40,1,90,54,50,77,82,110,189,108,40,1,90,54,150
1006,831,3025,20,16,22,22,34,39,46,40,62,63,42,42,72,70,34,34,5,5,85,86,15,21,43,34,65,44,66,33,4,87,14,19,34,31,65,41,56,27,3,94,114,19,134,131,165,41,56,127,103,94
1007,549,3313,33,33,82,82,82,82,11,11,4,4,67,67,33,33,67,67,38,39,45,45,37,88,87,10,3,65,35,73,44,52,33,100,97,9,2,67,35,71,40,50,33,100,97,109,102,67,35,171,40,50
1008,794,3303,80,75,75,78,45,50,70,70,82,85,12,11,85,85,70,73,23,26,35,30,72,78,52,73,87,10,87,74,26,25,72,88,45,75,96,9,93,80,22,23,172,188,145,175,196,9,93,180,122,23
1009,579,3456,36,34,37,36,13,11,78,75,72,66,35,28,35,33,6,8,32,29,72,60,33,35,10,73,63,22,31,8,25,54,27,35,9,73,68,20,27,6,23,52,127,35,109,73,168,120,27,6,23,52
1010,896,3472,4,4,11,11,65,67,12,12,53,53,37,37,55,55,64,64,80,80,45,45,5,14,73,11,51,43,56,59,86,50,4,13,76,8,46,36,62,57,90,41,4,113,76,108,46,136,62,157,190,141
1011,406,3347,72,72,87,85,19,17,10,10,49,49,52,52,85,85,34,34,22,20,17,17,76,77,12,10,43,60,87,32,16,15,80,85,11,10,37,60,97,30,24,14,80,85,111,10,37,160,97,30,124,114
1012,325,3158,80,85,70,70,25,18,8,8,11,14,48,48,30,30,75,78,55,55,34,34,95,76,12,10,14,50,27,87,60,33,95,79,11,9,12,44,21,96,60,27,195,79,111,109,112,144,121,196,60,127
1013,377,3242,68,75,32,32,24,17,45,47,72,85,55,56,37,42,78,78,56,56,27,20,77,30,16,48,87,56,44,78,43,16,85,24,16,40,96,62,39,88,37,16,85,24,16,140,96,62,139,188,137,116
1014,689,3285,47,47,15,15,45,45,72,78,66,63,68,68,6,7,67,67,64,64,77,77,43,11,45,88,50,73,8,72,65,86,37,8,43,98,44,73,6,74,66,90,37,108,43,198,144,73,6,174,166,90
1015,585,3100,89,88,36,35,55,53,67,67,86,86,58,60,91,94,88,87,78,80,73,74,86,34,52,67,87,61,95,86,81,75,100,28,54,65,97,57,95,90,91,76,200,28,54,65,97,57,195,190,191,176
1016,619,3228,75,80,70,70,62,59,52,48,37,28,86,86,76,75,52,43,42,47,38,42,87,72,54,36,16,87,73,34,52,44,97,71,52,38,16,99,71,30,54,39,97,71,52,38,116,99,171,130,54,139
1017,337,3359,72,74,54,56,48,48,23,28,75,72,81,80,34,38,64,64,42,45,93,90,78,60,45,33,69,78,49,68,50,86,78,60,44,27,63,89,35,61,41,89,178,160,44,127,63,89,135,161,141,189
1018,756,3220,78,82,34,46,62,64,76,76,63,65,72,74,31,19,35,45,16,15,67,58,88,48,72,78,67,77,14,48,12,59,100,38,74,88,65,87,13,40,12,57,100,138,174,188,65,87,113,140,12,157
1019,550,3195,75,76,2,3,28,40,54,51,4,4,75,70,62,56,92,95,28,30,34,28,76,3,42,51,5,65,54,95,32,25,85,2,32,48,4,67,51,95,25,18,185,2,132,48,4,67,151,195,25,118
1020,2003,3427,64,64,35,35,37,39,42,42,76,79,45,49,80,79,36,34,29,23,81,82,64,34,44,43,85,54,82,34,19,73,58,30,41,37,98,49,99,28,17,71,158,130,41,37,98,49,199,128,117,171
1021,556,3291,4,4,6,6,73,76,42,42,31,35,28,28,28,30,27,29,55,60,31,37,3,5,84,45,43,31,31,34,67,49,2,4,92,44,36,29,27,28,64,35,2,104,192,44,136,29,27,28,64,135
1022,1220,3077,51,51,78,77,19,19,2,2,2,2,26,36,88,86,27,24,74,69,34,34,51,77,19,2,3,49,82,21,65,34,46,87,17,1,2,35,99,19,66,31,46,87,17,101,2,135,199,19,166,131
1023,482,3331,67,69,48,50,32,30,35,35,19,18,16,16,13,12,9,10,8,9,67,67,71,51,22,35,17,16,12,10,10,68,68,47,21,35,15,16,12,10,9,69,68,47,21,35,15,116,12,110,109,69
1024,481,3314,64,63,30,29,88,88,82,81,82,81,49,49,71,72,75,75,49,50,19,15,57,27,87,77,79,43,77,73,51,16,53,21,93,85,84,37,66,75,47,16,53,121,93,85,184,37,66,175,147,16
1025,588,3495,57,58,37,40,42,39,70,70,74,78,36,36,28,28,50,56,83,83,90,88,60,43,34,61,87,35,28,68,81,82,60,37,30,57,96,35,26,61,78,99,60,137,130,57,96,35,26,161,78,199
1026,481,3440,87,87,32,25,8,9,38,38,63,60,14,14,35,27,81,75,84,85,66,64,87,16,9,38,57,15,22,73,86,62,95,24,7,32,53,14,21,71,100,61,95,124,107,32,53,114,21,171,200,61
1027,884,3008,47,49,81,83,60,58,12,12,7,7,19,19,85,85,43,45,9,9,6,5,53,87,54,10,7,18,87,48,9,4,48,96,51,8,5,18,99,33,7,3,148,196,151,8,105,18,99,133,7,103
1028,320,3159,7,7,65,65,74,75,13,14,9,9,6,7,89,88,82,78,85,83,26,28,7,66,78,14,9,10,87,74,78,31,5,56,88,12,6,8,99,80,89,27,105,56,188,112,106,8,99,180,89,27
1029,543,3223,35,40,40,40,85,85,60,70,28,28,50,70,70,70,50,50,50,50,40,40,53,59,78,74,33,81,81,56,51,51,48,54,89,70,27,91,91,62,46,49,148,154,89,70,127,191,91,62,46,149
1030,369,3256,77,74,60,55,50,50,55,58,62,62,75,73,34,34,58,56,75,74,77,75,69,45,50,61,60,72,34,54,72,73,67,43,41,64,52,71,28,52,74,77,167,43,141,164,152,71,28,52,174,77
1031,327,3241,72,72,25,22,44,44,43,41,54,54,57,60,22,24,1,2,35,36,85,82,71,16,45,36,52,62,27,3,38,77,74,24,44,38,50,56,25,3,32,84,74,124,44,38,50,156,125,3,32,84
1032,356,3076,74,74,24,23,79,76,68,70,86,88,35,34,7,8,72,72,22,23,73,74,73,22,73,73,88,32,10,72,25,76,77,20,75,71,100,30,8,72,19,85,77,20,75,171,100,30,8,172,119,185
1033,402,3172,38,38,21,22,68,68,52,52,48,46,32,34,76,76,30,32,74,74,55,58,44,22,65,51,44,36,72,34,73,60,39,20,67,47,39,38,74,28,73,60,139,20,67,147,39,38,174,28,73,160
1034,372,3494,62,63,36,35,18,16,19,20,86,86,55,55,60,60,68,65,74,74,53,53,63,16,12,25,86,53,61,60,74,52,55,24,11,23,89,48,57,60,70,54,55,124,111,23,189,148,57,60,70,54
1035,817,3310,77,78,83,79,63,60,48,49,41,38,60,60,67,67,63,69,62,61,8,8,79,76,61,50,34,59,68,73,59,8,82,80,57,41,28,54,62,83,55,6,82,80,57,141,28,154,162,183,155,6
1036,421,3203,9,9,40,40,38,39,85,83,82,82,51,51,82,82,35,32,65,66,70,70,9,44,43,79,76,51,87,26,72,73,6,39,36,81,85,46,94,23,70,73,106,139,136,181,185,46,94,123,170,73
1037,615,3019,71,76,83,91,47,51,37,39,66,72,21,22,32,32,24,20,41,48,77,77,79,95,54,43,79,25,32,19,51,79,81,95,51,37,82,23,31,17,47,84,181,195,151,37,82,23,31,17,147,184
1038,1487,3065,47,50,88,88,42,42,78,74,75,75,48,43,90,88,3,3,77,71,65,74,52,87,44,74,76,43,88,3,71,74,54,94,39,80,79,37,98,2,73,70,54,194,139,180,79,37,198,102,173,70
1039,819,3432,10,10,68,75,80,75,35,43,40,35,80,80,68,65,85,85,90,89,80,76,10,79,73,44,32,79,62,88,85,74,9,82,71,41,31,82,61,100,98,70,109,82,171,41,31,182,61,100,98,70
1040,723,3458,47,47,58,64,80,83,51,56,91,90,26,26,50,51,77,77,8,8,10,11,51,68,86,63,88,26,55,79,9,12,49,61,90,68,98,22,53,83,7,12,149,161,190,168,198,122,153,83,107,12
1041,606,3197,91,90,23,24,84,83,9,10,91,90,44,48,77,77,89,88,25,32,78,77,87,27,77,11,86,56,79,86,49,73,96,25,79,8,90,62,82,100,35,71,196,125,179,108,190,62,182,200,135,171
1042,863,3153,82,84,42,42,2,2,81,80,40,46,55,70,6,7,75,75,10,10,29,34,87,44,3,78,50,74,8,77,10,49,97,41,2,78,44,70,6,87,10,35,197,41,102,178,144,70,6,87,10,135
1043,876,3118,89,89,27,25,45,48,21,21,28,32,91,87,2,2,75,75,69,70,69,69,87,22,51,22,49,77,3,74,73,71,93,21,46,20,43,79,2,80,83,74,93,21,46,20,143,179,2,180,183,74
1044,844,3286,1,2,70,72,48,50,69,62,65,67,80,80,14,14,44,48,40,44,35,37,3,77,53,61,71,77,14,54,48,43,2,66,48,57,69,84,12,50,33,34,2,66,148,57,169,84,112,150,133,134
1045,1133,3246,65,70,65,65,55,58,80,82,75,77,28,25,45,48,3,3,35,35,45,50,86,65,65,84,81,25,54,3,34,52,100,67,65,93,91,18,49,2,30,45,200,67,165,193,91,118,49,2,130,145
1046,1023,3102,18,13,71,72,43,44,86,87,57,59,38,36,83,82,67,69,13,14,47,47,11,74,50,88,64,34,77,77,14,48,8,77,42,100,59,30,79,66,12,40,108,177,42,100,59,130,179,66,112,140
1047,505,3472,6,6,13,13,62,68,7,10,50,50,40,42,46,50,57,57,78,83,47,47,5,14,73,11,51,43,56,59,86,50,4,13,76,8,46,36,62,57,90,41,4,113,76,108,46,136,62,157,190,141
1048,1745,3269,75,70,66,58,75,71,35,32,10,7,5,8,4,4,6,7,65,66,74,75,61,53,71,34,9,10,5,9,68,77,57,48,73,31,6,8,4,7,69,87,57,148,173,131,106,8,4,7,69,87
