Respondent,duration,code,priorQ1,updatedQ1,priorQ2,updatedQ2,priorQ3,updatedQ3,priorQ4,updatedQ4,priorQ5,updatedQ5,priorQ6,updatedQ6,priorQ7,updatedQ7,priorQ8,updatedQ8 ,priorQ9,updatedQ9,priorQ10,updatedQ10 ,Advice1,Advice2,Advice3,Advice4,Advice5,Advice6,Advice7,Advice8,Advice9,Advice10,True1,True2,True3,True4,True5,True6,True7,True8,True9,True10,SlNoQ1,SlNoQ2,SlNoQ3,SlNoQ4,SlNoQ5,SlNoQ6,SlNoQ7,SlNoQ8,SlNoQ9,SlNoQ10
1,212,3287,28,25,8,10,83,88,11,11,47,51,36,36,61,61,72,71,76,72,23,24,23,12,98,12,70,38,62,69,66,29,19,8,99,6,62,28,52,74,65,22,119,8,199,106,62,128,152,74,65,122
2,251,3084,65,60,3,3,90,95,3,3,18,18,65,80,55,50,8,11,85,90,45,50,55,3,109,3,18,90,45,12,96,55,76,3,95,2,15,77,49,9,96,39,76,3,195,2,15,177,49,9,196,39
3,304,3497,11,11,19,18,38,35,45,45,35,32,85,92,85,85,16,16,80,80,25,28,12,15,23,46,31,97,88,14,51,32,9,24,31,45,24,89,80,16,74,32,9,124,31,45,24,189,180,116,174,132
4,232,3144,55,55,52,54,7,9,7,10,25,25,28,32,22,22,75,82,51,50,80,80,62,56,11,14,23,41,25,88,45,75,52,51,10,11,19,27,19,87,49,78,152,151,110,111,119,27,19,187,49,78
5,384,3020,28,24,45,47,80,72,52,55,13,12,74,85,8,8,13,14,58,65,31,40,23,49,68,56,11,97,7,15,83,53,19,42,90,51,10,94,7,14,63,36,119,42,90,151,110,194,7,14,163,136
6,356,3243,28,27,33,36,35,36,79,84,15,16,74,70,51,61,65,60,63,68,29,35,26,39,38,87,17,67,70,56,74,56,26,35,28,93,13,81,62,54,56,34,126,35,128,93,113,181,62,154,56,34
7,317,3079,33,37,76,79,81,74,28,34,67,70,50,50,52,56,58,53,23,26,49,54,41,88,71,37,72,52,66,57,29,69,40,87,71,29,60,47,65,70,22,51,40,187,171,29,60,147,65,70,122,51
8,355,3291,19,19,58,58,74,74,16,13,22,27,58,64,42,17,68,68,76,78,54,48,17,56,72,12,30,69,15,83,90,33,13,51,97,11,26,68,24,63,77,44,113,151,197,11,26,168,124,163,177,44
9,420,3474,6,11,35,40,78,96,63,70,31,50,58,45,85,93,36,39,2,2,71,82,11,43,96,72,56,38,97,39,3,82,7,33,95,60,34,42,89,37,2,73,107,33,95,60,34,142,189,37,2,73
10,442,3040,45,50,62,62,5,5,85,85,35,35,81,81,28,30,65,65,80,80,4,4,62,66,5,72,39,65,41,84,100,4,52,65,4,97,35,88,27,76,83,4,152,65,104,197,35,88,27,176,83,4
11,400,3357,67,69,81,95,62,68,8,8,69,59,30,30,64,65,40,48,48,36,78,85,70,109,79,7,51,29,69,55,33,88,69,100,56,6,74,31,74,39,44,80,169,100,156,6,174,131,74,39,44,180
12,461,3359,8,8,57,64,21,23,34,39,85,85,86,75,18,19,35,38,53,57,70,81,7,74,29,41,84,61,26,45,63,88,6,58,22,36,76,100,23,28,67,87,6,158,122,36,176,200,23,28,167,187
13,476,3327,57,61,2,2,44,44,32,35,30,24,6,6,45,45,62,74,26,28,90,87,70,1,42,41,21,7,43,80,29,82,53,1,40,27,22,6,38,65,22,99,53,1,140,27,22,6,38,165,122,99
14,347,3359,9,9,76,76,26,28,35,35,90,90,90,90,19,19,35,40,60,60,82,82,7,74,29,41,84,61,26,45,63,88,6,58,22,36,76,100,23,28,67,87,6,158,122,36,176,200,23,28,167,187
15,407,3318,27,25,8,9,67,70,12,10,30,30,66,68,37,34,78,80,78,82,47,40,23,12,74,7,30,70,28,109,88,25,17,8,56,9,26,53,21,100,80,30,17,8,56,109,26,53,21,100,180,130
16,457,3189,65,60,52,59,49,53,40,39,32,31,30,38,5,5,45,45,86,79,75,82,56,61,55,25,30,37,5,46,72,88,70,46,39,30,26,29,3,50,97,84,170,46,39,130,26,29,103,150,197,184
17,343,3155,86,70,78,86,59,48,4,4,57,80,14,14,66,60,63,67,66,66,89,85,65,100,39,4,89,14,56,70,64,82,78,83,53,4,61,16,54,68,45,86,178,83,153,4,161,16,154,68,145,186
18,404,3385,42,52,60,68,35,35,38,42,25,24,78,85,38,35,56,56,62,65,36,28,56,72,38,43,26,88,33,57,69,25,51,63,28,33,23,84,41,60,68,30,151,63,128,33,23,184,41,160,168,130
19,484,3038,66,77,78,67,54,58,88,90,88,84,57,58,36,39,46,44,77,80,92,95,82,63,61,109,61,61,41,44,90,96,64,67,49,100,100,46,36,33,77,97,64,167,149,100,200,46,36,133,177,97
20,488,3169,80,68,67,64,15,17,17,17,22,24,56,50,50,48,12,12,8,9,48,52,68,62,20,14,47,48,76,12,10,55,82,66,18,16,34,55,58,11,13,76,182,66,18,116,134,155,58,11,13,76
21,391,3457,69,73,30,30,30,38,36,39,79,83,82,86,6,6,40,45,85,85,42,46,77,31,47,43,88,93,7,70,87,62,71,24,34,38,84,84,6,62,93,48,71,24,134,38,184,84,6,62,93,148
22,446,3231,58,76,70,65,59,60,60,70,65,70,66,70,60,75,65,80,45,40,6,6,83,70,69,89,77,79,88,93,41,9,91,79,87,61,77,85,80,84,36,5,91,79,87,161,77,85,180,84,36,5
23,398,3381,45,48,80,83,49,50,11,11,7,10,47,47,82,76,84,82,35,33,84,85,53,93,53,12,12,46,54,80,24,87,37,84,36,9,6,48,79,98,23,93,137,84,136,9,106,48,179,98,123,93
24,499,3131,79,80,75,75,9,8,30,37,26,25,35,37,50,45,28,30,70,68,85,80,94,77,7,43,24,38,38,32,66,72,86,66,7,38,25,28,42,32,65,97,86,166,7,38,125,128,142,132,65,197
25,227,3499,82,90,38,40,85,85,45,45,67,68,85,85,78,82,65,65,60,62,57,58,109,41,61,47,57,79,88,62,76,64,95,40,91,54,70,85,80,52,58,45,195,40,191,54,70,85,180,152,58,145
26,253,3366,28,28,21,21,75,75,82,82,8,8,67,67,70,60,80,75,60,65,85,83,29,14,57,82,8,70,45,72,70,77,22,14,70,73,10,69,49,63,53,77,122,114,70,73,10,169,49,63,53,77
27,477,3059,9,10,25,24,24,24,23,23,84,95,44,45,39,35,74,70,36,37,36,34,11,23,25,24,97,46,32,68,38,33,7,19,19,23,89,45,30,82,42,41,107,119,19,123,189,45,30,182,142,41
28,506,3023,65,60,66,68,63,64,44,43,36,35,72,77,73,79,76,69,4,3,15,15,57,94,66,41,15,93,88,56,3,15,70,86,65,36,24,84,80,70,3,14,70,86,65,36,124,84,180,170,3,14
29,523,3061,65,67,40,40,82,79,85,87,62,65,9,10,56,58,20,22,50,55,82,80,70,41,72,97,72,11,70,25,79,54,69,40,96,94,60,7,53,19,56,79,169,40,96,194,60,107,53,19,156,179
30,566,3315,10,9,85,80,25,27,38,30,8,8,70,70,65,55,75,75,19,25,30,31,11,65,30,23,8,70,53,61,26,32,10,78,26,31,5,69,37,91,17,32,110,178,26,31,105,169,137,191,117,132
31,575,3113,80,85,80,75,70,70,45,45,35,35,55,55,10,10,60,62,55,55,80,80,96,54,54,65,15,57,11,63,69,88,95,79,81,47,24,60,7,67,68,84,95,179,81,47,124,160,107,167,168,184
32,578,3262,11,10,86,89,36,36,56,59,72,71,32,32,84,85,46,47,92,90,93,93,7,98,34,70,63,32,91,53,82,97,9,99,18,62,72,30,88,37,99,89,109,199,118,62,72,30,188,137,99,189
33,613,3362,69,71,65,65,50,52,79,79,34,38,15,15,68,68,22,22,77,79,83,83,69,63,76,109,43,16,62,23,82,64,74,72,58,95,38,12,66,17,82,89,74,72,58,195,38,112,66,17,82,89
34,539,3248,7,7,11,11,22,22,71,73,18,22,61,60,75,71,29,27,13,15,77,77,12,12,23,74,21,58,51,27,17,75,8,9,19,58,22,57,74,29,13,78,8,9,119,158,22,157,174,129,113,78
35,564,3026,79,75,76,78,80,85,29,26,56,62,12,11,40,42,13,14,88,82,41,40,67,82,96,21,82,10,45,16,65,39,81,82,96,21,64,13,49,12,88,37,181,82,196,121,64,13,49,112,88,37
36,246,3042,80,80,75,70,5,5,44,40,32,30,50,50,38,35,67,70,70,65,50,40,80,51,5,42,27,47,28,74,54,29,98,74,4,43,29,54,21,56,69,31,98,174,104,43,129,54,21,56,69,131
37,676,3316,26,19,55,58,54,45,73,73,48,48,13,15,70,60,48,59,31,35,85,80,14,80,39,70,48,17,52,62,38,79,16,65,35,75,44,13,67,48,28,85,116,165,35,175,144,113,67,148,128,85
38,605,3101,42,44,57,57,8,10,58,58,90,95,16,16,84,88,45,34,10,10,42,51,46,56,12,57,98,17,93,25,11,53,48,52,8,60,99,13,84,30,10,37,48,52,8,160,199,113,84,130,110,137
39,377,3284,82,84,78,78,69,69,42,42,36,38,30,30,68,70,62,62,58,58,84,84,87,54,83,33,49,27,77,56,51,80,93,79,63,44,32,29,77,52,46,98,93,179,163,44,32,129,77,52,146,98
40,393,3427,88,93,7,9,10,9,60,65,5,6,34,35,15,16,44,40,22,24,50,45,98,12,8,80,8,41,18,33,26,39,99,8,10,65,5,27,15,41,26,41,199,8,10,165,105,27,15,41,126,141
41,610,3433,88,99,3,3,28,28,35,45,82,80,50,70,75,80,4,6,75,65,16,16,100,3,26,53,77,79,83,9,51,16,83,2,27,37,77,55,91,5,74,12,83,2,127,137,77,55,91,5,174,112
42,720,3438,70,60,50,50,80,85,25,20,80,90,90,80,10,10,40,50,35,40,15,15,54,53,93,15,96,66,7,62,43,15,79,61,84,24,96,92,6,48,33,14,179,61,84,124,196,192,6,148,33,14
43,667,3086,55,55,28,28,65,65,80,73,40,40,85,88,70,70,64,68,58,58,45,52,62,32,70,68,42,92,53,75,59,56,52,30,68,82,43,94,85,83,62,54,152,30,68,182,43,94,185,183,162,154
44,476,3017,40,40,80,75,53,53,57,57,82,82,32,30,48,48,36,36,50,50,63,63,41,65,53,70,91,23,43,41,23,89,40,88,61,53,88,17,33,36,31,61,40,88,61,53,188,17,33,36,31,161
45,422,3015,48,47,55,55,31,32,31,38,38,42,75,80,75,82,85,85,25,25,71,75,55,60,34,43,47,88,94,98,26,91,39,64,18,38,34,80,93,99,27,88,39,164,118,38,134,180,193,199,127,188
46,500,3007,86,82,35,40,77,77,88,88,77,77,62,62,38,34,52,63,9,9,75,73,79,49,74,87,56,61,23,83,12,57,85,32,75,93,70,49,31,63,6,70,85,32,75,93,170,149,31,163,106,70
47,500,3150,70,70,75,75,13,15,65,67,79,80,83,85,50,52,60,60,55,58,40,42,77,77,16,74,88,96,57,89,79,46,71,77,12,56,80,95,60,61,56,50,71,77,112,56,180,95,160,161,156,150
48,581,3451,82,80,65,65,38,32,7,6,13,12,45,45,7,8,40,38,38,40,26,28,72,70,26,5,11,46,8,33,44,30,96,68,27,4,8,48,10,41,33,26,96,68,127,104,108,48,10,41,133,26
49,502,3263,53,53,67,67,58,65,52,50,60,65,79,82,82,82,43,45,45,40,35,28,42,93,83,46,77,87,88,57,33,24,43,92,91,48,71,93,87,60,41,20,43,92,91,48,71,93,187,160,41,120
50,699,3383,62,66,85,83,45,50,28,25,88,75,32,32,27,29,14,13,67,67,78,72,72,80,62,26,65,29,32,11,66,54,63,98,48,23,78,31,32,8,65,79,63,98,148,23,178,131,132,108,65,179
51,502,3073,69,69,82,82,47,47,22,22,65,65,55,55,90,90,48,48,50,50,72,72,60,109,80,17,70,48,64,46,70,54,80,95,65,15,68,44,89,48,53,81,80,195,165,115,68,144,89,48,53,81
52,498,3001,68,64,11,10,32,29,53,49,40,39,2,1,52,53,80,80,85,82,63,62,56,7,24,42,38,1,55,83,75,60,70,9,25,43,28,1,39,91,78,64,170,109,125,43,128,1,39,91,78,164
53,512,3226,55,67,80,95,70,85,70,60,60,50,13,16,55,78,70,55,80,82,80,65,70,96,93,58,48,16,78,53,82,56,53,95,92,57,55,12,59,61,73,70,53,95,92,157,155,112,159,61,173,170
54,353,3444,65,69,41,41,42,42,35,30,25,23,20,19,55,55,51,51,50,50,8,8,72,41,47,28,20,17,39,29,38,7,60,40,54,25,18,15,53,31,42,7,60,40,54,25,18,115,153,131,142,7
55,408,3427,87,93,8,10,12,8,52,55,6,6,30,32,18,18,41,37,36,32,47,42,98,12,8,80,8,41,18,33,26,39,99,8,10,65,5,27,15,41,26,41,199,8,10,165,105,27,15,41,126,141
56,376,3192,31,20,28,42,92,88,76,72,86,82,75,83,78,72,68,72,22,24,76,75,15,56,80,70,54,88,61,74,25,79,24,34,98,68,81,80,91,56,19,55,124,34,98,68,81,180,191,56,19,55
57,567,3384,68,72,28,32,79,85,73,72,55,59,28,38,21,21,35,42,88,89,3,3,74,38,96,69,62,45,21,44,92,2,75,28,95,87,48,28,22,35,94,2,75,128,95,87,148,28,22,135,94,102
58,621,3496,82,78,57,61,36,35,71,63,59,57,85,93,3,3,78,80,40,40,90,83,64,62,34,51,54,98,2,82,39,79,89,48,18,74,69,99,1,86,35,85,89,148,118,174,69,199,101,186,35,85
59,585,3297,42,42,83,83,85,85,35,33,87,87,72,90,57,65,55,42,25,23,60,62,41,68,88,32,61,93,69,38,21,64,36,82,80,32,100,92,51,42,21,45,36,182,180,132,200,92,51,142,121,145
60,367,3292,71,71,6,6,18,19,35,32,43,41,70,70,55,45,67,68,24,22,74,68,53,7,23,23,38,70,33,74,21,60,85,6,17,19,38,75,44,56,22,80,185,6,17,119,138,175,44,56,22,80
61,639,3082,47,65,48,46,57,65,85,84,35,39,62,40,75,65,68,68,22,16,95,70,70,45,80,82,41,33,63,69,14,64,62,49,65,99,36,44,72,51,14,89,62,49,165,99,36,44,72,51,114,89
62,895,3300,34,35,60,65,70,66,40,40,88,88,78,75,90,90,11,11,25,25,6,7,44,69,56,37,88,70,88,12,26,11,35,68,52,29,84,69,87,9,27,7,135,168,52,29,184,169,187,9,127,107
63,440,3200,41,41,81,86,35,34,49,54,51,51,79,85,81,79,58,60,31,30,90,90,41,88,32,69,80,96,68,62,25,90,36,84,32,51,65,95,90,52,30,98,36,184,132,51,165,95,90,152,130,198
64,669,3243,23,23,51,51,28,28,65,65,19,19,78,78,56,56,63,63,54,64,34,34,26,39,38,87,17,67,70,56,74,56,26,35,28,93,13,81,62,54,56,34,126,35,128,93,113,181,62,154,56,34
65,721,3457,70,71,40,37,34,37,45,45,77,79,77,80,6,7,63,64,80,81,53,53,77,31,47,43,88,93,7,70,87,62,71,24,34,38,84,84,6,62,93,48,71,24,134,38,184,84,6,62,93,148
66,920,3473,62,59,82,82,76,85,45,59,43,59,4,3,7,11,14,17,76,74,74,62,56,84,87,65,64,2,12,18,62,61,54,76,72,47,45,2,6,15,66,50,154,176,172,47,145,102,106,15,66,50
67,722,3454,7,7,17,18,14,12,55,61,45,49,42,39,77,75,66,68,82,78,85,86,7,21,11,69,64,27,74,74,69,93,7,22,8,51,45,29,58,56,87,92,7,22,108,51,145,129,158,56,87,92
68,794,3236,67,67,60,60,89,93,40,35,10,8,91,90,5,5,39,41,76,74,1,1,62,62,98,28,7,87,5,45,72,1,52,48,99,21,9,93,3,28,63,1,152,148,199,21,109,93,103,28,63,1
69,548,3036,85,90,13,10,27,25,34,38,35,40,31,37,52,60,23,23,90,90,90,90,109,7,15,53,56,45,72,24,82,68,100,9,24,36,34,28,63,25,99,82,100,109,124,136,34,28,63,125,99,182
70,338,3239,75,90,37,26,22,23,54,48,70,90,33,29,63,56,74,72,69,77,35,26,90,26,23,48,109,29,56,72,77,26,77,23,17,55,100,31,54,96,71,26,177,23,17,155,100,131,154,96,71,126
71,506,3041,18,19,57,57,21,15,75,83,79,75,38,35,68,66,90,85,3,2,26,36,18,56,13,88,70,33,62,65,1,44,15,54,12,80,79,41,66,88,1,35,15,154,12,180,79,41,66,88,1,135
72,931,3387,78,77,85,82,28,28,33,33,78,85,72,80,35,34,50,60,29,30,6,5,71,72,30,32,94,87,29,70,56,4,71,97,26,30,93,72,31,62,34,4,171,197,26,30,193,172,131,62,34,4
73,611,3015,37,44,63,63,25,29,41,42,37,43,78,82,88,90,97,97,31,31,89,90,55,60,34,43,47,88,94,98,26,91,39,64,18,38,34,80,93,99,27,88,39,164,118,38,134,180,193,199,127,188
74,366,3110,35,28,30,35,45,50,85,87,31,31,87,75,32,38,87,85,43,42,42,38,15,44,76,97,31,72,42,80,38,33,24,35,58,89,24,96,40,98,42,41,124,135,58,189,24,96,140,98,142,41
75,422,3478,37,45,4,4,55,57,78,75,15,16,25,26,90,90,59,60,24,24,65,65,53,5,61,67,18,30,109,79,24,83,37,4,49,81,15,26,95,56,23,63,137,104,149,181,15,26,195,156,123,163
76,454,3267,31,32,4,4,37,38,33,35,6,5,75,70,31,35,84,82,29,33,70,71,40,3,42,43,4,59,56,68,45,71,39,2,40,38,4,62,34,90,28,71,139,2,140,38,4,162,34,90,28,171
77,649,3248,6,9,14,13,19,21,63,68,19,19,54,55,73,57,28,26,14,15,72,73,12,12,23,74,21,58,51,27,17,75,8,9,19,58,22,57,74,29,13,78,8,9,119,158,22,157,174,129,113,78
78,988,3145,63,61,7,7,8,9,68,67,3,3,27,29,86,94,82,86,64,67,92,88,52,7,12,66,2,30,99,88,73,80,47,7,6,65,2,26,90,84,57,98,147,7,106,65,102,26,190,184,57,98
79,400,3294,83,83,77,77,52,52,60,60,47,47,59,59,31,31,32,32,6,6,57,57,68,96,69,68,51,77,45,37,5,80,82,96,68,59,46,66,28,29,4,65,182,196,168,59,146,166,28,29,104,165
80,395,3388,64,63,41,43,51,52,31,35,71,73,81,82,42,43,76,77,80,79,17,16,62,47,56,44,82,88,48,100,77,14,66,54,54,33,64,84,44,83,77,16,66,54,154,133,64,184,144,83,77,116
81,381,3058,27,27,34,34,78,75,8,8,79,72,56,58,58,58,29,19,75,75,25,25,28,38,54,8,60,73,58,28,72,29,21,42,81,5,80,57,57,25,63,22,21,142,81,105,80,57,157,25,63,122
82,487,3417,7,7,4,4,89,89,70,80,72,77,74,76,37,37,26,26,83,88,78,81,7,5,87,87,83,82,39,27,96,84,6,4,93,72,91,82,35,29,95,76,6,104,93,172,91,82,35,129,95,176
83,336,3054,74,72,5,6,81,74,80,81,85,83,78,80,8,12,92,92,70,65,63,70,70,7,63,84,82,82,13,94,66,83,69,6,67,76,64,86,12,93,65,91,169,6,167,176,64,186,12,193,65,91
84,420,3216,7,5,54,50,56,64,25,22,19,19,29,27,75,74,76,82,4,5,32,37,8,39,74,21,18,24,77,93,5,43,5,53,58,21,15,20,77,92,3,38,105,153,158,121,15,120,77,92,103,38
85,247,3439,55,45,45,45,30,31,50,47,87,90,95,95,87,80,13,13,85,80,21,17,39,44,34,45,99,98,74,12,74,14,41,35,18,49,90,99,58,6,75,14,141,135,118,49,190,199,158,106,75,114
86,620,3399,39,40,75,89,85,80,49,55,49,40,82,72,32,24,78,80,79,60,65,69,43,99,82,80,41,65,25,88,54,77,33,90,99,65,40,78,19,80,79,71,33,190,99,165,40,178,19,180,179,71
87,535,3226,60,65,95,95,80,85,60,59,40,45,12,15,65,70,60,55,72,78,70,60,70,96,93,58,48,16,78,53,82,56,53,95,92,57,55,12,59,61,73,70,53,95,92,157,155,112,159,61,173,170
88,515,3179,60,80,80,65,35,37,30,34,25,27,85,90,45,55,35,31,90,67,8,8,89,62,41,32,30,98,64,28,65,8,61,52,40,30,26,99,45,25,88,10,161,152,40,30,26,199,145,25,88,10
89,238,3386,44,44,42,42,6,7,73,68,34,32,55,55,78,78,13,13,8,8,89,82,39,45,9,51,29,68,94,12,8,80,37,49,5,74,31,59,86,11,10,98,37,49,5,174,131,59,86,11,10,98
90,444,3403,53,60,26,27,80,85,30,20,20,22,6,5,41,46,90,80,30,40,32,31,70,29,98,14,26,4,49,61,49,30,69,22,99,16,17,4,42,100,43,26,169,122,199,116,117,4,42,200,143,26
91,230,3261,55,55,76,82,8,8,96,100,60,50,49,48,82,85,40,45,13,13,100,90,61,94,8,109,48,47,87,53,12,82,49,86,10,100,55,54,72,37,11,99,149,86,10,100,155,54,172,137,11,99
92,375,3280,33,31,2,2,80,81,53,54,43,43,39,39,81,81,88,90,57,44,64,61,26,1,88,57,42,41,82,96,39,56,23,1,87,60,43,40,82,97,53,52,23,1,187,160,43,40,82,97,153,52
93,383,3034,82,82,82,82,72,72,71,71,81,81,57,57,81,81,27,27,30,30,4,4,87,72,51,82,64,63,92,16,39,9,93,97,74,82,89,72,94,20,35,5,93,197,174,82,89,72,94,20,35,5
94,532,3076,82,84,43,42,36,34,12,12,7,7,37,38,40,35,77,78,5,5,36,35,88,39,30,12,7,40,32,82,5,32,84,41,26,9,6,39,32,73,3,30,184,141,26,9,6,139,132,73,103,30
95,429,3216,5,6,50,50,65,65,27,25,20,18,30,28,70,75,75,75,4,4,35,35,8,39,74,21,18,24,77,93,5,43,5,53,58,21,15,20,77,92,3,38,105,153,158,121,15,120,77,92,103,38
96,407,3007,81,84,34,36,71,71,84,84,75,75,54,54,35,35,56,56,8,9,70,68,79,49,74,87,56,61,23,83,12,57,85,32,75,93,70,49,31,63,6,70,85,32,75,93,170,149,31,163,106,70
97,643,3172,61,74,41,41,10,10,64,64,73,65,53,58,78,86,49,68,70,70,79,85,79,41,11,66,62,61,91,70,68,88,56,40,7,65,66,50,88,62,59,80,156,40,107,65,66,50,188,62,59,180
98,349,3136,65,60,58,60,68,72,82,80,21,24,48,49,64,62,72,74,39,41,26,27,57,63,87,64,24,39,54,82,42,28,70,72,72,89,25,37,81,86,43,21,70,72,172,89,125,37,81,186,43,21
99,1349,3243,26,25,50,45,27,32,87,87,17,16,86,85,55,55,66,48,68,67,35,40,26,39,38,87,17,67,70,56,74,56,26,35,28,93,13,81,62,54,56,34,126,35,128,93,113,181,62,154,56,34
100,526,3417,8,8,6,5,83,85,76,83,67,76,72,78,51,44,38,32,85,92,78,78,7,5,87,87,83,82,39,27,96,84,6,4,93,72,91,82,35,29,95,76,6,104,93,172,91,82,35,129,95,176
101,241,3191,40,40,70,75,3,3,7,7,78,70,55,63,40,36,80,78,16,15,85,100,49,82,3,8,68,80,38,65,12,109,32,86,2,10,82,65,38,78,11,95,32,186,2,10,182,165,138,178,11,195
102,762,3011,93,82,6,7,32,32,30,45,84,66,68,62,89,92,14,14,20,30,76,74,82,7,32,45,66,62,92,14,30,74,99,7,32,28,92,66,94,16,26,75,99,7,132,28,192,66,94,16,26,75
103,1020,3094,28,19,80,80,59,50,83,76,75,75,25,22,80,85,85,88,70,75,60,60,14,88,46,66,77,21,93,97,82,58,14,80,48,92,77,22,84,89,82,57,114,180,48,192,77,22,84,189,82,157
104,1244,3195,72,72,58,70,75,60,69,72,26,26,92,92,59,68,87,80,55,58,38,35,73,76,60,74,26,92,80,54,61,31,57,58,80,58,27,94,65,79,46,24,57,58,80,158,127,94,165,179,46,24
105,613,3342,81,75,51,51,1,1,76,70,45,45,48,49,8,8,18,17,22,23,44,37,61,51,1,54,70,70,8,14,24,31,91,46,1,79,62,53,10,16,23,24,191,146,1,179,62,53,10,116,123,24
106,683,3407,48,50,79,73,72,70,24,22,69,75,75,56,85,88,50,41,35,48,86,99,52,71,70,21,77,55,87,42,49,100,47,71,68,21,66,76,72,40,32,83,147,171,68,121,166,76,172,140,32,83
107,519,3128,48,43,36,37,80,82,38,38,4,6,52,53,74,75,30,32,85,85,63,63,33,39,90,42,9,65,89,38,87,70,44,37,98,43,5,47,61,38,72,53,44,37,198,43,5,47,161,138,172,53
108,550,3436,55,65,32,40,18,17,32,38,4,3,4,7,65,66,22,21,42,40,7,12,78,44,17,40,3,8,68,21,39,12,59,33,15,39,2,5,59,22,41,9,159,133,115,139,2,105,59,22,141,9
109,1267,3165,92,95,10,8,74,72,68,68,53,50,16,14,91,88,43,67,87,82,43,43,97,8,70,66,47,12,82,70,75,41,94,10,75,65,54,11,99,53,78,40,194,10,175,65,54,11,99,53,78,40
110,305,3113,85,89,87,70,65,60,46,60,35,30,45,50,8,10,70,65,60,65,80,86,96,54,54,65,15,57,11,63,69,88,95,79,81,47,24,60,7,67,68,84,95,179,81,47,124,160,107,167,168,184
111,480,3188,6,7,34,31,33,38,51,50,85,88,85,80,40,42,100,103,3,3,37,40,7,27,45,48,96,71,42,109,9,56,7,29,28,44,96,71,43,95,5,34,7,129,28,144,196,171,43,195,5,34
112,191,3071,65,66,23,24,83,81,70,65,57,64,85,90,85,80,90,80,83,80,21,21,72,25,75,59,78,97,53,72,67,14,63,19,78,62,59,89,85,97,81,16,63,19,78,162,159,189,185,197,181,116
113,623,3030,22,23,62,55,62,62,2,2,14,14,78,72,88,88,88,88,42,42,88,88,25,48,80,2,14,52,96,99,29,88,19,55,65,2,11,67,96,90,31,84,19,155,165,102,111,67,196,190,131,184
114,575,3216,5,5,43,43,60,60,14,19,16,16,25,23,75,75,80,85,3,3,35,38,8,39,74,21,18,24,77,93,5,43,5,53,58,21,15,20,77,92,3,38,105,153,158,121,15,120,77,92,103,38
115,829,3149,42,58,7,11,48,42,63,76,86,85,18,18,34,46,15,15,46,42,11,13,65,12,39,83,82,20,49,14,41,13,47,8,37,63,86,18,43,16,36,12,47,8,37,163,186,18,143,16,36,12
116,374,3387,75,74,80,80,28,28,33,33,77,77,65,65,32,30,42,42,27,27,7,5,71,72,30,32,94,87,29,70,56,4,71,97,26,30,93,72,31,62,34,4,171,197,26,30,193,172,131,62,34,4
117,1484,3165,90,94,10,10,87,76,62,63,50,48,12,12,89,89,60,60,80,77,45,42,97,8,70,66,47,12,82,70,75,41,94,10,75,65,54,11,99,53,78,40,194,10,175,65,54,11,99,53,78,40
118,449,3414,76,80,67,67,18,15,12,12,90,75,17,21,21,21,55,61,54,57,65,65,88,77,14,11,68,21,25,61,57,74,87,66,11,7,82,22,19,46,60,58,187,166,111,107,182,22,19,46,160,158
119,439,3264,79,77,82,90,28,45,72,65,67,70,85,83,70,65,84,87,60,80,50,47,74,99,49,54,72,79,54,87,84,43,75,90,43,79,63,85,81,93,76,38,75,190,143,179,63,85,81,93,176,38
120,686,3302,45,47,43,44,7,7,8,8,48,50,66,60,88,86,75,70,28,26,62,70,53,46,7,7,69,54,82,62,23,83,61,45,7,9,51,69,99,66,19,63,61,45,7,109,51,69,99,66,119,163
121,891,3305,55,56,62,65,34,36,87,85,78,77,75,75,81,83,76,76,28,34,33,35,60,79,49,77,74,62,87,75,44,45,64,55,32,77,56,66,72,83,35,28,164,55,32,77,56,66,172,183,135,28
122,496,3427,80,89,7,10,9,9,56,69,6,7,40,40,16,17,45,40,30,29,45,40,98,12,8,80,8,41,18,33,26,39,99,8,10,65,5,27,15,41,26,41,199,8,10,165,105,27,15,41,126,141
123,469,3289,39,39,83,95,79,68,27,42,15,15,73,73,82,82,48,65,17,15,64,75,41,109,51,44,16,72,80,79,14,91,40,95,74,35,12,96,98,56,16,88,40,195,174,135,112,96,98,156,16,188
124,871,3080,72,74,84,89,46,50,5,4,94,90,8,9,71,77,64,65,71,71,79,69,72,99,51,3,79,12,82,80,75,54,96,90,46,2,85,8,82,65,83,81,96,190,146,2,85,8,82,165,183,81
125,474,3394,75,75,77,80,34,35,51,55,82,82,75,75,75,77,80,80,55,57,80,80,54,88,38,61,68,70,87,94,62,93,79,80,38,49,82,79,72,86,48,92,179,180,138,149,182,79,172,86,148,92
126,1385,3162,12,14,78,80,61,63,81,77,24,22,42,48,38,31,74,72,38,40,68,65,16,88,68,70,15,48,23,51,42,62,12,87,59,79,24,44,31,74,40,66,112,187,59,79,124,144,31,174,140,66
127,235,3202,42,45,76,80,60,54,32,34,45,43,54,54,32,35,30,28,4,5,26,26,39,93,57,39,46,60,40,24,9,28,41,92,60,35,50,64,39,25,5,25,141,92,160,35,150,164,139,125,5,25
128,640,3048,55,59,3,3,18,16,18,20,35,30,40,38,75,85,85,82,85,88,37,45,60,4,14,25,28,33,93,70,88,49,64,4,16,19,21,41,92,79,87,43,164,4,116,19,21,41,92,79,187,143
129,324,3087,54,54,43,43,64,64,11,11,14,14,12,12,68,68,76,76,39,39,29,29,60,64,83,12,16,11,78,94,38,23,64,45,63,9,12,10,59,93,42,19,164,145,163,9,112,110,159,193,142,119
130,701,3065,32,28,62,62,73,73,45,45,54,50,61,61,78,75,73,78,70,70,68,61,29,48,75,41,33,61,55,90,73,53,22,55,78,36,44,49,76,77,57,61,122,155,78,36,44,149,76,177,57,61
131,313,3018,60,60,25,25,60,60,20,20,65,65,35,35,55,55,3,2,30,30,25,25,56,21,63,26,70,38,60,2,47,23,70,21,72,26,69,38,64,1,34,17,170,121,72,126,169,138,164,101,134,17
132,1177,3337,85,85,9,9,52,52,75,75,30,30,20,20,34,34,90,90,20,20,6,6,87,11,33,71,30,21,47,93,14,9,72,7,44,71,26,22,34,84,16,5,172,107,44,171,26,22,134,84,116,5
133,369,3266,72,80,30,35,45,40,65,60,35,40,75,65,12,14,65,60,35,50,55,55,87,40,38,57,41,62,16,58,57,56,72,39,42,70,40,52,12,57,60,52,172,139,142,70,40,152,112,157,160,52
134,403,3118,73,69,57,56,7,9,76,80,31,27,28,26,7,7,66,66,72,72,26,24,59,51,12,96,14,17,7,63,69,16,62,46,6,95,11,15,6,72,87,20,162,146,106,95,111,115,6,72,87,20
135,1082,3419,81,81,79,70,60,62,48,44,32,27,22,22,2,1,50,50,79,78,11,11,61,51,63,43,26,23,1,49,77,12,91,74,72,33,23,17,1,43,77,6,191,174,72,33,23,17,1,143,77,106
136,353,3361,17,16,81,81,51,54,74,72,10,10,84,80,78,82,4,4,44,42,55,42,14,79,61,69,10,75,84,5,39,38,14,85,50,87,13,78,76,4,41,38,114,85,50,87,13,78,176,104,141,138
137,434,3122,70,70,15,15,7,7,74,79,17,17,57,57,75,75,52,49,14,16,52,45,73,14,8,82,18,60,77,46,17,38,57,16,10,73,15,64,77,50,13,42,57,16,10,73,15,164,77,150,113,142
138,375,3026,81,75,75,77,75,79,25,24,60,63,12,11,48,47,12,13,88,80,44,42,67,82,96,21,82,10,45,16,65,39,81,82,96,21,64,13,49,12,88,37,181,82,196,121,64,13,49,112,88,37
139,499,3174,45,35,70,70,90,105,32,40,14,10,72,75,25,28,88,65,88,65,72,55,33,72,109,44,11,79,30,69,70,51,44,63,95,33,8,55,26,74,75,74,44,63,195,133,108,55,26,74,175,174
140,581,3396,61,63,27,37,26,28,58,50,43,43,33,33,61,70,47,54,48,48,72,72,69,41,30,48,43,29,72,69,47,72,68,27,26,44,38,31,60,51,54,63,168,27,26,144,38,131,60,51,54,63
141,231,3132,16,16,73,73,52,48,82,80,74,74,41,40,17,17,80,85,45,45,12,12,17,72,48,75,78,38,18,96,53,11,13,96,44,83,59,28,15,96,36,8,113,96,144,183,159,128,15,196,136,108
142,510,3482,24,25,43,40,35,40,38,25,42,44,10,12,65,81,80,64,7,9,17,19,27,38,41,23,46,12,89,57,11,23,29,42,36,31,50,9,61,70,7,17,129,142,36,31,150,9,161,70,107,17
143,422,3216,6,6,46,43,67,71,16,19,17,17,23,23,80,80,72,80,4,4,43,43,8,39,74,21,18,24,77,93,5,43,5,53,58,21,15,20,77,92,3,38,105,153,158,121,15,120,77,92,103,38
144,744,3215,82,82,35,40,38,34,70,55,38,35,50,44,35,38,30,34,12,9,60,59,100,42,32,51,33,46,44,40,7,62,83,40,30,74,41,50,35,39,9,66,83,140,30,174,41,150,135,139,109,66
145,892,3384,58,62,42,40,71,78,56,63,38,45,30,35,26,22,49,45,84,86,4,3,74,38,96,69,62,45,21,44,92,2,75,28,95,87,48,28,22,35,94,2,75,128,95,87,148,28,22,135,94,102
146,452,3248,10,10,13,13,32,27,72,72,24,22,70,65,78,78,35,30,16,16,84,82,12,12,23,74,21,58,51,27,17,75,8,9,19,58,22,57,74,29,13,78,8,9,119,158,22,157,174,129,113,78
147,349,3415,27,35,38,38,21,22,34,42,23,25,20,19,36,30,11,11,64,50,54,62,49,38,23,49,26,17,23,10,54,80,43,42,17,32,23,13,31,13,69,65,143,142,17,32,23,113,31,13,69,165
148,370,3286,85,90,32,33,55,55,3,2,65,75,65,55,45,50,5,5,80,75,60,70,96,38,60,2,82,56,64,9,71,79,96,38,64,2,82,54,45,5,71,56,196,138,164,102,82,154,145,5,171,156
149,545,3159,32,34,41,42,67,75,12,11,27,27,8,8,12,12,84,77,7,7,77,70,41,43,83,7,28,7,12,54,7,66,27,38,63,9,25,6,9,81,7,65,27,38,163,109,25,6,9,81,7,65
150,769,3030,31,29,56,54,53,53,2,2,26,26,67,65,83,84,87,87,29,29,82,84,25,48,80,2,14,52,96,99,29,88,19,55,65,2,11,67,96,90,31,84,19,155,165,102,111,67,196,190,131,184
151,434,3116,73,73,76,78,71,68,66,66,66,66,67,67,71,71,34,32,43,45,59,76,90,88,56,99,83,73,70,26,56,82,77,87,70,90,91,57,68,26,51,73,177,187,170,190,91,57,68,126,151,173
152,558,3292,78,78,6,7,15,16,23,23,39,29,72,71,52,50,65,68,18,19,80,78,53,7,23,23,38,70,33,74,21,60,85,6,17,19,38,75,44,56,22,80,185,6,17,119,138,175,44,56,22,80
153,484,3298,78,82,80,80,43,38,85,83,8,8,55,59,37,40,53,60,22,16,68,70,109,64,25,82,9,68,53,74,14,82,100,89,30,99,5,59,36,58,14,64,100,89,130,99,5,59,136,158,114,64
154,423,3050,2,2,52,52,5,5,2,2,68,68,71,71,59,59,41,41,50,50,1,1,3,79,8,2,77,82,64,38,61,1,2,55,5,2,66,82,45,38,49,1,2,55,105,102,166,82,145,138,149,1
155,777,3462,37,39,76,76,43,43,74,78,77,72,66,66,39,44,26,26,55,55,13,13,37,79,38,90,56,69,64,41,48,11,29,85,42,77,70,74,45,27,55,10,29,85,142,177,170,74,145,27,155,110
156,412,3494,56,58,51,54,31,26,44,50,17,16,70,70,37,38,13,13,33,38,38,40,89,79,23,56,16,71,46,12,49,43,61,55,19,52,12,71,45,9,43,38,161,55,119,52,112,171,45,9,143,38
157,606,3110,35,25,32,42,60,73,80,95,20,30,80,75,48,43,90,80,40,39,35,34,15,44,76,97,31,72,42,80,38,33,24,35,58,89,24,96,40,98,42,41,124,135,58,189,24,96,140,98,142,41
158,634,3187,4,5,48,45,24,23,67,68,42,44,30,28,34,30,3,2,78,80,84,86,5,25,21,72,46,24,23,2,84,88,4,30,21,63,45,23,31,2,76,84,104,130,121,63,45,123,31,102,176,184
159,638,3004,58,60,28,28,55,55,72,72,68,68,80,80,82,82,75,75,30,30,5,5,80,21,62,56,60,71,87,77,49,5,65,21,48,70,64,71,72,71,32,4,165,121,148,170,164,171,172,71,32,104
160,1167,3422,32,32,74,74,4,8,56,58,43,42,12,12,42,45,78,78,69,70,86,88,32,70,12,70,32,12,49,74,82,94,30,79,8,53,32,6,42,75,64,93,30,79,8,53,132,106,42,75,64,193
161,364,3325,88,86,82,82,40,39,33,36,78,82,79,79,32,27,65,63,34,34,38,36,79,74,29,53,94,72,16,48,44,27,85,75,31,36,93,97,20,55,35,29,85,75,131,136,193,197,20,155,135,129
162,527,3263,50,46,80,88,80,80,50,48,78,78,92,90,90,90,67,62,38,36,30,28,42,93,83,46,77,87,88,57,33,24,43,92,91,48,71,93,87,60,41,20,43,92,91,48,71,93,187,160,41,120
163,359,3196,81,85,87,80,82,87,51,50,38,35,78,75,60,72,78,88,37,46,13,14,93,68,92,47,32,74,89,94,53,16,92,90,94,54,32,75,61,86,37,12,92,90,94,54,132,75,161,86,137,112
164,500,3200,41,41,72,81,29,30,43,49,50,60,81,86,85,79,59,60,34,30,89,89,41,88,32,69,80,96,68,62,25,90,36,84,32,51,65,95,90,52,30,98,36,184,132,51,165,95,90,152,130,198
165,488,3113,75,80,70,60,50,50,35,40,30,25,35,40,6,8,50,50,45,45,70,75,96,54,54,65,15,57,11,63,69,88,95,79,81,47,24,60,7,67,68,84,95,179,81,47,124,160,107,167,168,184
166,458,3450,81,76,45,47,36,42,67,71,49,47,49,48,87,88,40,42,47,51,58,58,61,43,56,94,46,48,96,45,65,61,91,33,34,86,48,55,97,28,47,46,191,33,34,86,48,155,97,28,47,46
167,404,3364,50,50,34,34,40,40,38,38,28,28,65,65,70,70,11,11,14,14,85,85,62,38,39,42,49,54,77,10,14,87,48,38,53,43,32,69,71,13,14,72,148,138,153,43,32,69,71,13,114,172
168,1075,3076,85,86,53,38,30,30,6,8,7,7,34,39,29,31,77,80,5,5,28,31,88,39,30,12,7,40,32,82,5,32,84,41,26,9,6,39,32,73,3,30,184,141,26,9,6,139,132,73,103,30
169,354,3279,22,15,16,10,44,43,76,64,32,49,46,34,63,78,9,9,87,78,8,6,17,12,47,68,53,38,83,12,82,7,15,11,54,90,37,42,91,6,73,6,115,11,54,90,137,142,91,106,173,6
170,433,3285,8,8,54,63,42,43,52,73,44,47,3,3,89,90,75,73,2,2,36,35,11,74,44,80,53,4,92,69,3,38,8,56,33,65,37,4,94,74,3,38,108,56,133,165,137,4,94,74,3,138
171,1011,3119,2,1,86,88,61,68,91,81,69,74,47,44,66,66,85,83,8,8,45,46,1,88,89,65,94,39,66,82,7,49,1,87,61,78,86,41,65,82,7,42,1,187,161,178,86,141,65,82,7,42
172,486,3340,60,60,55,57,25,25,67,67,16,13,70,72,30,35,68,70,72,75,83,83,63,61,25,69,11,77,40,93,82,93,72,46,19,87,8,77,39,92,82,84,72,46,19,87,108,77,139,92,82,84
173,401,3324,70,72,60,61,95,89,27,25,85,90,59,55,32,42,90,62,51,54,65,68,73,62,87,25,94,54,45,54,55,70,57,48,93,19,93,69,28,79,39,68,57,148,93,19,193,69,28,179,39,68
174,499,3322,63,62,75,78,78,80,85,80,22,21,80,82,30,27,35,38,35,32,30,28,61,93,87,65,17,93,21,45,24,24,50,84,72,78,13,92,21,28,25,20,50,84,172,178,113,92,121,28,125,120
175,539,3157,91,90,22,20,58,58,77,80,2,2,4,4,58,58,44,60,54,52,46,61,87,17,54,88,3,5,56,64,51,70,93,13,69,87,2,3,54,45,46,53,93,113,69,187,2,103,154,145,146,53
176,803,3267,35,39,2,2,41,41,47,45,5,4,66,61,39,46,78,72,30,38,61,68,40,3,42,43,4,59,56,68,45,71,39,2,40,38,4,62,34,90,28,71,139,2,140,38,4,162,34,90,28,171
177,731,3344,44,47,77,77,77,70,35,37,63,53,61,62,83,83,26,27,63,64,78,78,52,77,54,45,48,70,69,31,79,59,47,71,69,28,55,62,87,24,55,62,147,71,69,28,155,62,87,24,55,162
178,248,3025,24,25,70,70,68,70,66,68,59,62,67,70,88,88,23,26,44,45,9,9,28,69,73,78,80,79,87,45,52,8,21,87,57,59,65,56,93,28,47,10,21,87,57,159,165,156,93,28,147,10
179,936,3303,82,83,77,75,48,48,33,30,51,60,7,7,80,82,9,11,58,58,14,15,93,69,47,21,64,8,88,12,57,14,92,87,54,21,45,5,87,6,60,16,92,87,54,121,145,105,187,106,160,16
180,477,3097,85,94,20,20,40,48,27,27,24,24,63,64,52,48,30,23,10,9,65,68,98,21,52,26,23,66,46,17,8,69,99,22,47,17,17,65,50,15,5,74,199,22,147,117,17,65,150,115,105,74
181,696,3479,61,61,58,58,37,34,27,28,56,62,19,15,77,77,34,35,61,58,66,66,46,72,26,30,63,15,51,47,53,83,48,60,26,26,67,14,74,34,61,63,48,60,126,26,167,14,174,134,61,163
182,723,3196,72,89,90,90,91,91,53,50,38,37,82,78,68,68,75,85,40,45,18,17,93,68,92,47,32,74,89,94,53,16,92,90,94,54,32,75,61,86,37,12,92,90,94,54,132,75,161,86,137,112
183,825,3012,55,46,45,42,64,63,81,95,72,70,35,42,48,44,66,63,67,73,101,95,46,41,63,96,71,45,42,59,75,90,50,40,67,96,71,28,40,62,83,98,150,40,167,196,171,28,140,162,183,198
184,616,3386,38,39,48,48,5,7,65,55,30,30,48,65,75,89,12,12,10,9,95,82,39,45,9,51,29,68,94,12,8,80,37,49,5,74,31,59,86,11,10,98,37,49,5,174,131,59,86,11,10,98
185,471,3344,54,54,82,80,69,65,42,42,62,62,45,45,82,78,30,31,57,60,78,74,52,77,54,45,48,70,69,31,79,59,47,71,69,28,55,62,87,24,55,62,147,71,69,28,155,62,87,24,55,162
186,674,3049,84,77,60,59,75,77,68,70,80,77,56,51,47,40,13,12,49,52,53,55,60,53,83,77,54,45,33,11,70,69,80,61,63,71,79,49,44,8,53,68,80,61,163,71,179,49,44,108,53,168
187,296,3447,18,23,67,67,70,70,32,29,9,9,79,79,9,9,70,70,12,12,7,7,28,90,73,25,11,82,8,74,12,9,25,77,57,30,7,82,10,58,11,5,25,177,57,130,107,82,10,158,11,5
188,417,3198,68,66,66,74,48,46,3,2,58,59,40,40,19,19,28,38,38,36,67,68,66,76,46,1,59,42,20,43,33,70,65,58,48,1,62,40,18,33,41,69,65,58,48,1,162,140,18,33,41,169
189,718,3403,63,65,29,27,78,88,23,15,24,27,3,4,47,50,75,70,36,43,29,31,70,29,98,14,26,4,49,61,49,30,69,22,99,16,17,4,42,100,43,26,169,122,199,116,117,4,42,200,143,26
190,355,3177,6,7,5,6,90,96,72,74,14,14,71,69,38,55,2,2,78,77,4,4,8,9,109,79,13,66,69,1,72,5,5,5,95,85,12,92,51,1,96,3,105,5,195,85,12,192,51,1,96,103
191,1197,3118,63,61,55,53,10,11,82,88,14,14,25,21,6,6,75,70,80,75,28,22,59,51,12,96,14,17,7,63,69,16,62,46,6,95,11,15,6,72,87,20,162,146,106,95,111,115,6,72,87,20
192,277,3177,7,8,6,8,91,101,85,80,11,12,80,75,50,60,2,1,80,75,4,5,8,9,109,79,13,66,69,1,72,5,5,5,95,85,12,92,51,1,96,3,105,5,195,85,12,192,51,1,96,103
193,435,3378,66,65,72,66,12,12,76,68,53,60,48,44,39,61,80,87,88,107,33,21,54,62,12,67,61,42,64,87,109,20,81,52,6,81,50,43,45,93,95,18,81,152,106,181,50,43,145,93,195,18
194,343,3095,33,36,62,69,45,42,28,25,41,41,80,80,87,87,45,55,74,76,77,73,38,78,46,23,46,96,82,69,88,70,38,59,48,19,50,97,99,68,84,79,138,159,48,119,150,97,99,168,184,79
195,1030,3262,13,10,72,88,18,24,40,45,61,59,22,25,55,55,39,39,81,79,78,78,7,98,34,70,63,32,91,53,82,97,9,99,18,62,72,30,88,37,99,89,109,199,118,62,72,30,188,137,99,189
196,457,3014,2,2,1,1,72,73,5,6,28,29,10,10,81,79,38,38,1,1,34,33,3,2,74,8,32,10,54,41,1,32,2,1,56,5,30,13,79,40,1,32,2,101,56,105,30,13,179,40,1,132
197,457,3052,42,42,68,73,21,27,68,57,20,22,73,72,35,40,76,96,42,48,56,53,43,77,29,55,24,70,42,97,49,53,33,66,22,76,23,79,43,89,32,61,33,166,122,76,123,79,43,189,32,61
198,204,3468,26,26,60,76,44,35,8,8,49,53,18,20,28,26,36,54,82,88,79,69,27,84,32,10,61,23,24,65,109,61,29,76,32,13,46,17,23,47,100,91,129,176,132,13,46,17,123,47,100,191
199,2938,3086,59,59,30,31,62,66,75,71,49,48,82,88,70,65,59,66,52,54,49,51,62,32,70,68,42,92,53,75,59,56,52,30,68,82,43,94,85,83,62,54,152,30,68,182,43,94,185,183,162,154
200,1454,3336,74,78,28,32,38,43,53,52,76,82,86,91,72,74,28,26,32,36,65,58,82,45,53,46,96,97,91,21,47,54,86,28,36,50,95,94,88,21,34,69,186,28,136,150,95,194,188,121,134,69
201,536,3336,76,79,42,42,29,45,64,60,89,92,92,95,92,92,25,25,32,40,72,69,82,45,53,46,96,97,91,21,47,54,86,28,36,50,95,94,88,21,34,69,186,28,136,150,95,194,188,121,134,69
202,493,3184,22,19,66,66,68,71,51,50,64,58,83,82,78,75,56,58,61,61,41,41,18,66,82,48,52,68,65,70,61,26,15,65,64,44,67,90,78,53,46,27,15,65,64,144,67,90,178,53,46,127
203,390,3115,34,36,54,61,92,95,8,7,49,49,22,27,84,72,75,75,58,62,50,50,38,69,97,5,46,34,61,93,89,42,28,68,89,4,50,18,91,92,61,40,128,168,189,104,150,118,191,92,161,140
204,512,3375,77,75,78,70,86,100,75,76,81,76,43,43,48,50,59,69,29,29,52,48,69,60,109,77,66,42,56,78,28,46,87,80,95,77,92,40,51,59,21,48,87,80,195,77,192,140,151,159,21,48
205,446,3158,1,1,9,9,15,15,75,75,50,50,70,70,45,45,12,12,80,80,75,75,3,8,20,70,42,83,25,12,88,77,3,10,18,79,43,91,30,11,80,77,3,10,18,79,43,91,130,11,180,77
206,531,3079,38,38,68,72,68,68,27,27,74,74,43,45,67,67,58,58,24,26,52,58,41,88,71,37,72,52,66,57,29,69,40,87,71,29,60,47,65,70,22,51,40,187,171,29,60,147,65,70,122,51
207,480,3418,24,20,47,50,83,89,2,2,83,80,48,51,2,3,70,60,80,85,23,25,14,69,96,2,70,61,3,56,97,29,11,68,96,1,79,49,2,70,89,22,111,168,196,101,79,149,2,170,189,122
208,559,3363,32,32,63,60,27,27,7,7,52,52,10,10,8,11,49,49,28,30,26,27,31,52,26,8,80,11,12,33,32,37,24,67,26,5,65,10,6,44,30,29,24,67,126,105,165,110,106,44,30,29
209,774,3006,63,67,49,45,66,65,58,55,68,67,6,8,17,18,72,75,58,60,68,55,70,41,59,45,61,11,49,80,70,39,69,36,62,49,49,7,43,65,62,53,169,36,162,49,149,107,143,165,62,153
210,627,3114,90,91,13,12,45,49,30,27,72,70,39,45,32,35,68,72,70,70,36,34,92,11,56,24,61,65,41,82,70,32,94,10,52,20,91,47,27,86,79,30,94,110,52,120,191,47,27,186,79,30
211,441,3067,28,37,47,42,82,86,38,25,31,28,39,40,87,95,30,27,87,69,40,42,41,40,87,23,27,41,99,26,66,43,27,39,72,19,29,36,90,26,92,38,27,139,172,119,129,36,190,126,192,38
212,754,3248,8,9,11,11,37,35,74,74,19,20,66,64,75,75,35,33,17,17,85,85,12,12,23,74,21,58,51,27,17,75,8,9,19,58,22,57,74,29,13,78,8,9,119,158,22,157,174,129,113,78
213,544,3290,25,25,40,40,55,65,80,90,25,24,60,58,75,75,35,38,88,80,40,40,24,39,89,91,24,56,74,41,72,43,20,35,61,88,25,54,75,36,96,33,120,35,161,188,125,154,75,36,96,33
214,842,3213,11,11,78,78,38,57,55,56,88,90,29,33,48,48,29,29,35,35,69,69,11,82,61,57,96,56,47,26,37,68,10,99,46,60,97,34,54,23,29,59,110,99,46,160,97,34,54,23,29,59
215,680,3183,57,57,54,74,68,52,74,76,29,26,82,67,59,59,2,2,45,43,60,61,60,82,55,82,29,70,63,2,46,66,64,64,76,73,31,79,72,2,50,65,164,64,76,73,131,79,72,102,150,65
216,902,3087,63,62,46,55,70,76,11,11,13,15,11,11,61,68,87,90,47,46,33,28,60,64,83,12,16,11,78,94,38,23,64,45,63,9,12,10,59,93,42,19,164,145,163,9,112,110,159,193,142,119
217,478,3207,4,4,48,52,85,85,60,63,45,48,75,75,80,75,78,78,68,65,38,40,5,65,65,69,53,60,69,82,57,44,4,47,88,68,36,80,74,64,60,35,104,47,88,168,136,80,74,64,160,135
218,349,3081,36,27,38,47,20,19,70,75,8,10,3,3,42,44,45,43,80,74,67,60,25,53,20,82,12,2,49,44,68,56,30,37,18,82,8,2,42,33,82,54,130,137,18,82,8,102,42,133,182,154
219,565,3254,76,77,55,53,68,66,68,65,11,10,47,48,71,71,9,9,5,6,10,11,82,52,62,63,7,49,70,7,7,12,73,47,48,67,9,43,69,7,6,8,73,147,148,167,109,143,169,7,6,8
220,525,3015,42,48,55,58,21,28,35,38,29,35,75,78,82,85,90,95,20,22,73,80,55,60,34,43,47,88,94,98,26,91,39,64,18,38,34,80,93,99,27,88,39,164,118,38,134,180,193,199,127,188
221,446,3071,65,68,30,27,82,79,58,58,58,62,79,92,75,75,78,78,72,71,20,20,72,25,75,59,78,97,53,72,67,14,63,19,78,62,59,89,85,97,81,16,63,19,78,162,159,189,185,197,181,116
222,488,3276,74,85,49,41,53,55,2,2,72,76,84,67,73,85,46,65,88,70,27,42,88,39,56,3,78,65,90,70,67,45,87,41,52,2,59,78,77,53,81,28,187,141,52,2,159,178,177,53,181,28
223,474,3058,24,26,42,40,65,62,5,7,77,74,70,68,52,56,27,27,63,67,24,27,28,38,54,8,60,73,58,28,72,29,21,42,81,5,80,57,57,25,63,22,21,142,81,105,80,57,157,25,63,122
224,913,3377,85,90,70,65,22,18,70,52,16,16,39,42,68,68,40,44,68,62,28,28,96,58,14,52,14,47,69,49,59,26,97,57,14,67,16,54,74,42,62,27,97,157,114,67,16,54,74,42,162,127
225,267,3302,52,53,47,47,8,7,11,9,48,52,65,64,85,83,72,70,50,50,60,63,53,46,7,7,69,54,82,62,23,83,61,45,7,9,51,69,99,66,19,63,61,45,7,109,51,69,99,66,119,163
226,427,3329,26,22,4,4,78,78,62,62,35,35,57,57,81,81,27,24,60,60,62,62,26,3,53,79,33,76,69,14,57,56,17,2,85,55,41,58,87,14,60,54,117,2,185,55,41,58,87,114,160,154
227,252,3109,35,34,60,66,86,78,34,28,76,74,82,73,91,92,12,12,82,90,58,61,38,70,72,21,70,61,97,12,96,63,28,53,96,21,75,91,89,9,95,72,128,53,96,121,175,191,189,9,95,72
228,393,3449,67,67,15,15,51,51,3,3,12,14,44,48,47,46,12,14,41,41,68,68,56,14,42,3,15,61,41,16,44,69,70,11,43,3,14,50,40,12,33,74,170,111,43,3,14,50,40,112,133,74
229,571,3098,54,54,34,32,49,45,28,28,4,4,82,85,80,80,35,35,28,25,65,65,80,29,33,26,5,94,82,32,23,60,65,31,44,27,3,86,73,32,19,64,165,131,44,127,103,86,173,132,119,164
230,653,3028,25,25,35,25,35,45,50,60,50,43,35,25,70,72,65,65,40,38,65,75,26,28,56,79,42,16,74,67,33,83,27,25,34,56,43,20,58,81,41,63,127,25,34,156,43,20,158,181,41,163
231,478,3374,34,34,44,44,56,56,59,59,29,29,72,72,25,25,84,84,51,51,38,38,56,41,61,64,23,82,30,96,79,65,34,40,46,45,31,86,26,97,55,47,34,40,46,145,31,186,26,97,55,47
232,1195,3381,52,55,85,87,58,58,17,15,12,12,60,55,92,90,88,85,21,26,83,85,53,93,53,12,12,46,54,80,24,87,37,84,36,9,6,48,79,98,23,93,137,84,136,9,106,48,179,98,123,93
233,495,3090,71,83,40,31,8,10,78,68,13,13,3,3,50,60,76,62,27,27,39,44,89,29,12,63,12,3,62,57,27,48,61,31,8,67,6,3,52,70,29,55,161,131,8,167,106,3,152,70,129,155
234,333,3467,78,76,31,28,42,48,84,82,29,35,12,14,34,34,62,60,15,16,9,9,67,26,55,79,56,16,32,58,17,8,81,27,39,85,34,12,30,57,13,10,181,127,39,85,34,112,30,157,113,10
235,532,3481,25,25,7,7,55,65,40,40,80,80,23,23,65,65,100,103,45,45,39,40,16,8,76,32,57,21,61,109,41,43,20,5,58,32,70,21,46,95,40,38,20,105,58,132,70,121,46,195,40,38
236,505,3289,46,44,90,97,80,75,40,41,16,16,83,77,83,83,75,76,14,14,80,84,41,109,51,44,16,72,80,79,14,91,40,95,74,35,12,96,98,56,16,88,40,195,174,135,112,96,98,156,16,188
237,242,3257,85,78,35,41,25,20,56,55,75,72,69,58,85,95,10,12,95,98,26,25,75,43,17,53,70,56,97,12,109,24,83,38,15,61,79,70,94,9,100,20,183,38,115,61,79,170,194,9,100,120
238,531,3284,84,84,77,70,65,65,45,38,29,33,40,40,75,77,50,50,45,46,85,82,87,54,83,33,49,27,77,56,51,80,93,79,63,44,32,29,77,52,46,98,93,179,163,44,32,129,77,52,146,98
239,565,3014,6,3,2,2,69,73,6,7,31,31,7,9,79,68,37,40,2,1,38,35,3,2,74,8,32,10,54,41,1,32,2,1,56,5,30,13,79,40,1,32,2,101,56,105,30,13,179,40,1,132
240,794,3116,63,69,78,79,67,66,84,88,72,74,70,69,64,64,28,28,46,49,71,73,90,88,56,99,83,73,70,26,56,82,77,87,70,90,91,57,68,26,51,73,177,187,170,190,91,57,68,126,151,173
241,337,3360,75,80,9,9,80,85,30,28,52,60,55,60,90,90,70,70,60,55,15,15,87,10,91,26,69,70,90,72,46,14,72,13,88,17,51,53,98,60,50,14,172,13,188,117,51,53,198,60,150,114
242,319,3203,72,72,62,60,52,58,3,3,81,76,82,85,65,68,77,80,75,71,5,10,70,58,65,3,74,87,72,82,69,12,68,57,47,2,75,93,60,86,87,6,68,157,47,2,75,93,60,186,87,106
243,593,3201,48,55,5,5,63,58,33,37,41,41,50,53,60,55,35,43,68,98,53,58,61,5,51,40,39,56,54,55,109,79,46,3,74,39,53,51,81,39,100,55,46,103,174,139,153,151,81,39,100,55
244,281,3347,18,20,55,60,90,100,16,16,70,70,65,74,40,42,77,62,85,80,27,26,23,69,109,14,72,77,53,53,72,21,17,68,95,16,60,71,37,85,97,21,17,168,195,16,60,71,137,185,197,121
245,662,3040,67,67,68,63,4,4,87,83,34,36,94,94,28,28,83,83,87,87,3,3,62,66,5,72,39,65,41,84,100,4,52,65,4,97,35,88,27,76,83,4,152,65,104,197,35,88,27,176,83,4
246,640,3052,33,38,63,72,24,24,81,65,33,27,82,82,47,45,85,92,33,33,56,56,43,77,29,55,24,70,42,97,49,53,33,66,22,76,23,79,43,89,32,61,33,166,122,76,123,79,43,189,32,61
247,307,3214,28,19,61,53,87,93,83,80,97,104,82,63,3,2,71,72,53,69,58,56,15,48,97,77,109,55,2,74,74,56,24,55,94,77,95,76,1,75,58,54,124,155,194,77,195,76,101,75,158,154
248,403,3471,53,56,73,71,68,65,47,47,56,55,75,74,6,6,39,37,12,13,62,66,70,70,54,55,80,82,5,40,16,61,62,69,69,39,65,64,4,39,12,49,62,169,69,39,165,64,104,139,112,149
249,2001,3279,17,17,12,12,40,45,86,84,40,46,50,48,66,70,10,11,68,74,6,6,17,12,47,68,53,38,83,12,82,7,15,11,54,90,37,42,91,6,73,6,115,11,54,90,137,142,91,106,173,6
250,535,3044,36,40,33,33,70,80,37,41,88,90,12,11,73,90,78,71,42,42,42,45,56,32,87,43,97,11,93,69,43,47,34,32,72,38,94,10,92,87,33,54,34,132,172,38,194,110,92,87,33,54
251,341,3419,80,70,75,65,65,65,45,45,35,32,30,26,2,2,40,43,70,73,5,7,61,51,63,43,26,23,1,49,77,12,91,74,72,33,23,17,1,43,77,6,191,174,72,33,23,17,1,143,77,106
252,1051,3220,90,96,14,13,7,8,15,15,49,50,6,7,45,41,82,85,12,12,48,46,97,15,9,16,51,8,39,97,12,43,89,14,5,12,46,5,41,94,6,33,189,14,5,112,146,105,141,194,106,33
253,904,3499,85,87,40,40,77,70,41,44,65,60,85,83,70,70,66,65,50,55,40,40,109,41,61,47,57,79,88,62,76,64,95,40,91,54,70,85,80,52,58,45,195,40,191,54,70,85,180,152,58,145
254,230,3097,80,83,22,22,36,38,18,18,18,18,55,55,55,52,18,18,6,6,50,60,98,21,52,26,23,66,46,17,8,69,99,22,47,17,17,65,50,15,5,74,199,22,147,117,17,65,150,115,105,74
255,748,3350,45,52,73,70,78,78,68,69,38,38,43,43,5,4,85,85,24,24,69,65,69,65,88,72,39,42,3,99,25,55,68,78,87,60,35,43,2,90,19,76,168,178,187,60,35,43,2,190,19,76
256,431,3401,54,46,58,58,5,6,3,3,8,10,83,83,17,17,78,88,44,44,13,12,33,56,7,4,11,68,20,90,41,11,44,52,7,4,7,82,18,77,40,10,44,52,7,4,107,182,18,177,40,110
257,778,3186,31,30,32,25,85,90,27,26,13,9,34,26,50,60,48,47,24,24,28,55,31,24,96,24,7,23,61,46,24,56,24,23,95,25,9,19,49,45,20,34,24,123,95,125,109,119,149,45,120,34
258,739,3202,45,43,68,70,56,55,40,40,47,47,50,53,40,39,26,25,4,5,41,32,39,93,57,39,46,60,40,24,9,28,41,92,60,35,50,64,39,25,5,25,141,92,160,35,150,164,139,125,5,25
259,398,3250,49,55,60,75,55,70,65,63,60,70,27,35,55,55,51,55,30,40,8,6,63,88,78,60,70,56,52,57,41,4,72,80,59,80,79,34,67,60,36,4,72,180,159,80,79,34,67,160,36,4
260,992,3121,60,60,40,38,4,6,3,4,80,80,14,14,15,15,35,33,30,25,68,57,58,37,7,5,79,15,16,33,23,56,57,29,6,3,85,14,12,41,19,70,157,29,6,103,85,14,112,41,119,170
261,675,3061,70,65,42,42,80,75,85,90,60,65,8,9,49,56,27,27,65,70,86,72,70,41,72,97,72,11,70,25,79,54,69,40,96,94,60,7,53,19,56,79,169,40,96,194,60,107,53,19,156,179
262,484,3476,80,80,75,75,17,16,30,35,47,45,80,85,55,65,57,57,74,75,8,8,65,70,14,47,39,87,69,61,90,8,78,69,16,34,37,93,68,46,77,5,178,169,16,134,37,93,168,46,177,105
263,427,3094,22,16,84,86,50,48,88,88,74,75,25,23,84,90,92,96,80,81,56,57,14,88,46,66,77,21,93,97,82,58,14,80,48,92,77,22,84,89,82,57,114,180,48,192,77,22,84,189,82,157
264,420,3390,90,85,53,49,46,46,59,70,12,14,88,85,55,58,1,1,78,80,26,35,64,46,46,72,15,72,61,1,82,43,89,50,48,63,14,97,50,1,99,33,89,150,48,63,14,197,50,1,99,33
265,417,3230,73,76,57,53,79,65,14,14,45,50,45,44,76,75,40,35,70,65,76,80,82,45,61,15,69,44,72,31,62,90,86,49,100,14,68,33,97,24,66,77,186,49,200,14,168,133,197,24,66,177
266,297,3336,77,80,35,40,40,45,50,50,78,87,90,90,82,82,26,22,40,40,62,60,82,45,53,46,96,97,91,21,47,54,86,28,36,50,95,94,88,21,34,69,186,28,136,150,95,194,188,121,134,69
267,1405,3264,77,74,82,82,45,48,86,86,52,52,95,95,60,55,85,83,80,84,25,29,74,99,49,54,72,79,54,87,84,43,75,90,43,79,63,85,81,93,76,38,75,190,143,179,63,85,81,93,176,38
268,585,3268,42,53,15,15,9,10,87,87,42,42,52,54,65,60,20,27,12,9,48,42,57,15,11,88,44,56,54,29,7,39,60,14,7,87,35,52,81,22,9,37,160,14,107,187,135,52,81,122,109,37
269,846,3069,25,45,38,25,2,2,36,32,70,60,45,40,56,55,58,60,62,60,45,52,52,27,1,28,52,33,53,69,56,76,47,29,1,25,67,44,61,51,54,58,147,129,1,25,67,44,61,51,154,58
270,534,3454,8,8,25,25,12,12,62,65,55,60,40,30,75,75,78,75,70,70,75,85,7,21,11,69,64,27,74,74,69,93,7,22,8,51,45,29,58,56,87,92,7,22,108,51,145,129,158,56,87,92
271,399,3336,70,80,32,40,28,40,45,45,75,85,89,90,80,86,35,29,30,35,63,59,82,45,53,46,96,97,91,21,47,54,86,28,36,50,95,94,88,21,34,69,186,28,136,150,95,194,188,121,134,69
272,1152,3338,72,75,82,95,14,14,95,96,68,88,80,65,12,13,82,75,42,51,95,90,77,109,16,96,94,57,13,70,51,82,66,100,12,97,86,70,12,75,46,99,166,100,112,97,86,70,12,175,146,99
273,1607,3300,30,41,60,67,58,57,44,39,80,85,70,70,80,86,7,10,28,28,8,10,44,69,56,37,88,70,88,12,26,11,35,68,52,29,84,69,87,9,27,7,135,168,52,29,184,169,187,9,127,107
274,337,3438,68,68,53,53,71,79,22,18,69,78,82,80,6,6,42,52,44,44,13,13,54,53,93,15,96,66,7,62,43,15,79,61,84,24,96,92,6,48,33,14,179,61,84,124,196,192,6,148,33,14
275,630,3085,62,74,72,62,82,85,21,21,52,48,82,75,3,3,24,26,8,12,37,52,74,53,88,21,39,72,3,26,12,52,58,61,87,22,53,96,2,26,6,47,158,61,187,22,153,96,2,126,106,147
276,1050,3065,22,25,43,44,73,77,35,37,48,45,52,56,64,60,65,75,65,68,55,56,29,48,75,41,33,61,55,90,73,53,22,55,78,36,44,49,76,77,57,61,122,155,78,36,44,149,76,177,57,61
277,630,3473,74,60,79,84,80,85,52,60,60,64,7,5,8,12,20,18,70,69,60,60,56,84,87,65,64,2,12,18,62,61,54,76,72,47,45,2,6,15,66,50,154,176,172,47,145,102,106,15,66,50
278,1774,3297,29,35,70,70,71,80,40,37,75,66,75,86,58,62,61,42,33,25,33,62,41,68,88,32,61,93,69,38,21,64,36,82,80,32,100,92,51,42,21,45,36,182,180,132,200,92,51,142,121,145
279,664,3023,73,68,66,74,65,68,38,43,35,39,83,87,78,83,70,65,3,4,8,12,57,94,66,41,15,93,88,56,3,15,70,86,65,36,24,84,80,70,3,14,70,86,65,36,124,84,180,170,3,14
280,457,3131,81,84,64,69,10,9,28,35,29,26,38,38,51,46,28,30,74,70,88,84,94,77,7,43,24,38,38,32,66,72,86,66,7,38,25,28,42,32,65,97,86,166,7,38,125,128,142,132,65,197
281,477,3464,78,75,52,45,13,14,82,82,19,17,64,72,95,90,50,50,87,87,76,76,71,42,17,82,14,77,87,52,82,77,71,43,13,73,16,66,93,47,99,71,171,43,113,173,16,166,93,147,99,71
282,432,3093,26,25,63,50,32,32,65,69,20,22,90,88,56,45,67,85,40,40,50,75,24,48,29,70,24,61,46,88,39,79,25,55,22,75,23,100,50,80,35,56,125,155,122,175,123,200,150,180,35,156
283,402,3276,74,82,46,41,58,58,3,3,64,73,86,81,75,85,66,68,92,70,34,38,88,39,56,3,78,65,90,70,67,45,87,41,52,2,59,78,77,53,81,28,187,141,52,2,159,178,177,53,181,28
284,464,3091,23,29,71,73,36,34,74,62,78,78,38,39,20,20,84,76,65,65,86,86,41,78,32,57,82,41,14,53,68,100,27,59,32,70,86,36,16,85,59,83,27,159,132,70,186,36,16,185,59,83
285,529,3366,25,25,20,17,85,80,72,72,10,10,77,74,55,48,65,68,58,60,75,75,29,14,57,82,8,70,45,72,70,77,22,14,70,73,10,69,49,63,53,77,122,114,70,73,10,169,49,63,53,77
286,480,3081,35,25,36,45,23,19,75,75,10,10,2,2,45,45,43,42,83,75,55,53,25,53,20,82,12,2,49,44,68,56,30,37,18,82,8,2,42,33,82,54,130,137,18,82,8,102,42,133,182,154
287,477,3097,77,85,22,22,44,46,21,22,21,22,65,65,47,47,28,27,6,6,79,75,98,21,52,26,23,66,46,17,8,69,99,22,47,17,17,65,50,15,5,74,199,22,147,117,17,65,150,115,105,74
288,914,3439,34,38,28,46,28,34,48,47,84,97,82,95,62,74,11,11,75,74,19,17,39,44,34,45,99,98,74,12,74,14,41,35,18,49,90,99,58,6,75,14,141,135,118,49,190,199,158,106,75,114
289,642,3109,42,38,45,65,83,73,28,22,75,70,75,67,83,95,12,12,85,96,58,62,38,70,72,21,70,61,97,12,96,63,28,53,96,21,75,91,89,9,95,72,128,53,96,121,175,191,189,9,95,72
290,612,3050,3,3,58,58,6,7,3,3,54,64,70,77,45,45,49,44,56,58,1,1,3,79,8,2,77,82,64,38,61,1,2,55,5,2,66,82,45,38,49,1,2,55,105,102,166,82,145,138,149,1
291,459,3400,40,40,42,45,55,55,22,22,5,6,58,57,70,70,50,58,62,64,23,23,40,49,56,23,7,56,53,60,68,30,39,42,51,19,6,52,85,64,59,26,139,42,151,119,6,52,185,164,59,26
292,454,3011,91,88,5,5,27,27,29,30,82,79,70,70,91,90,15,15,27,27,77,75,82,7,32,45,66,62,92,14,30,74,99,7,32,28,92,66,94,16,26,75,99,7,132,28,192,66,94,16,26,75
293,944,3344,51,54,69,74,63,62,29,31,51,51,53,56,76,76,42,40,56,56,66,64,52,77,54,45,48,70,69,31,79,59,47,71,69,28,55,62,87,24,55,62,147,71,69,28,155,62,87,24,55,162
294,429,3070,50,60,84,68,2,2,55,55,34,24,65,72,61,49,10,10,87,85,6,7,64,61,2,55,21,79,47,11,82,8,45,100,1,39,21,56,54,8,99,5,145,200,101,39,121,156,54,108,99,105
295,719,3473,60,60,80,84,70,77,55,55,46,57,3,2,8,10,17,18,79,65,60,60,56,84,87,65,64,2,12,18,62,61,54,76,72,47,45,2,6,15,66,50,154,176,172,47,145,102,106,15,66,50
296,603,3107,62,59,95,96,31,27,71,70,68,70,66,65,9,10,56,56,102,100,48,48,56,97,14,68,74,63,12,57,64,39,52,89,16,59,56,72,6,60,89,37,52,189,16,59,56,72,106,160,89,37
297,481,3211,42,45,27,28,73,70,32,35,51,48,26,26,47,52,24,26,17,16,62,66,65,30,60,41,33,24,64,29,14,79,47,26,80,36,44,25,45,22,14,55,47,26,80,36,44,125,145,122,114,55
298,696,3024,33,38,11,11,21,20,17,17,43,45,12,12,28,25,81,84,49,54,85,85,44,12,18,16,48,10,14,87,61,80,33,9,15,12,55,13,11,93,46,98,133,9,15,112,155,13,111,93,46,98
299,573,3124,72,74,34,32,68,69,24,19,57,59,28,28,65,61,76,75,36,30,29,29,75,31,73,14,70,23,54,72,16,28,78,24,57,11,53,19,69,97,20,25,78,24,57,111,53,119,69,197,20,25
300,590,3394,80,80,70,65,30,33,55,58,75,75,75,75,80,83,70,75,60,60,77,80,54,88,38,61,68,70,87,94,62,93,79,80,38,49,82,79,72,86,48,92,179,180,138,149,182,79,172,86,148,92
301,1030,3235,60,75,30,30,90,90,40,50,98,90,80,82,10,8,50,47,70,80,8,7,79,26,82,49,65,82,5,47,82,7,56,26,86,43,88,73,4,54,64,7,156,126,186,143,88,73,104,54,64,7
302,824,3126,85,93,56,48,64,71,2,2,21,18,44,38,8,7,96,84,36,45,73,60,98,42,78,3,17,33,7,68,55,57,99,43,59,2,15,41,7,90,39,70,199,43,159,2,115,41,7,90,39,70
303,1455,3425,12,12,89,92,63,63,48,42,33,37,55,44,56,36,26,25,39,47,48,65,13,90,62,43,41,42,33,24,49,69,12,98,48,33,36,43,41,23,43,51,12,198,148,33,36,43,41,123,143,51
304,558,3145,29,47,10,9,12,12,59,63,3,3,27,28,89,95,80,85,85,75,99,83,52,7,12,66,2,30,99,88,73,80,47,7,6,65,2,26,90,84,57,98,147,7,106,65,102,26,190,184,57,98
305,402,3389,79,79,12,12,65,65,87,85,2,3,44,44,92,94,27,27,20,22,7,7,77,11,60,79,3,25,96,26,25,7,66,8,64,85,2,30,97,27,19,7,166,108,164,85,2,130,97,127,19,7
306,1961,3085,64,73,68,58,83,85,22,22,52,48,93,78,2,2,27,27,8,10,46,49,74,53,88,21,39,72,3,26,12,52,58,61,87,22,53,96,2,26,6,47,158,61,187,22,153,96,2,126,106,147
307,336,3132,18,17,70,70,42,46,70,74,69,69,36,36,21,21,88,94,38,47,18,14,17,72,48,75,78,38,18,96,53,11,13,96,44,83,59,28,15,96,36,8,113,96,144,183,159,128,15,196,136,108
308,370,3096,11,10,45,40,6,6,80,85,30,27,50,60,33,50,14,14,65,60,47,52,11,42,7,88,28,70,56,15,61,55,10,40,6,80,25,62,34,14,46,39,110,140,6,180,25,62,34,14,46,39
309,227,3375,85,75,86,78,90,95,80,87,90,93,45,45,46,48,65,67,30,32,50,50,69,60,109,77,66,42,56,78,28,46,87,80,95,77,92,40,51,59,21,48,87,80,195,77,192,140,151,159,21,48
310,438,3156,61,65,38,35,57,59,75,72,12,12,45,43,38,39,64,60,9,9,6,7,69,33,61,57,12,42,41,52,11,8,68,41,49,70,9,40,36,67,7,5,168,41,149,70,9,140,36,67,107,105
311,364,3187,4,4,45,45,22,22,60,70,45,45,25,25,33,33,2,2,55,70,70,80,5,25,21,72,46,24,23,2,84,88,4,30,21,63,45,23,31,2,76,84,104,130,121,63,45,123,31,102,176,184
312,816,3019,46,47,53,55,48,47,41,41,10,10,11,11,37,38,40,47,91,91,55,55,53,56,65,55,7,8,43,49,94,57,36,52,47,39,9,10,38,42,93,60,136,52,47,39,109,10,38,42,193,160
313,693,3374,29,29,48,43,56,60,51,56,36,25,79,79,22,22,88,90,52,67,56,56,56,41,61,64,23,82,30,96,79,65,34,40,46,45,31,86,26,97,55,47,34,40,46,145,31,186,26,97,55,47
314,534,3010,8,9,55,65,72,72,88,75,9,11,85,80,40,42,90,90,14,14,92,90,11,48,70,70,12,63,44,84,14,80,7,44,69,79,9,67,35,76,16,98,107,144,169,79,9,167,135,176,16,98
315,420,3390,86,77,36,41,54,40,44,66,17,17,81,76,35,55,2,2,78,78,57,45,64,46,46,72,15,72,61,1,82,43,89,50,48,63,14,97,50,1,99,33,89,150,48,63,14,197,50,1,99,33
316,308,3317,89,89,75,75,25,25,73,73,8,8,19,19,65,65,30,30,47,47,65,65,90,68,16,91,7,25,51,47,39,48,98,82,20,88,9,19,74,34,35,55,198,182,20,188,109,19,174,134,35,155
317,582,3092,78,75,10,10,87,84,24,25,82,82,68,73,52,52,35,32,41,42,73,73,53,12,82,25,65,83,64,31,49,72,85,9,99,19,88,91,45,24,32,63,185,9,99,19,88,91,145,24,32,63
318,518,3308,71,73,68,68,59,56,41,54,1,1,19,16,82,82,84,84,70,70,85,86,79,68,53,65,1,14,82,51,58,93,56,59,61,47,1,16,86,74,57,92,156,59,61,47,1,116,186,174,157,92
319,527,3043,4,4,39,40,71,81,84,93,74,60,48,51,54,49,76,97,82,86,38,35,3,41,87,96,56,53,46,97,88,31,3,40,93,97,70,37,50,89,80,24,3,40,93,97,170,137,150,189,180,24
320,703,3326,28,27,43,44,92,92,66,64,62,62,28,28,74,74,35,33,47,47,49,49,26,49,92,54,69,21,88,29,46,56,26,42,94,81,74,21,80,31,48,52,126,42,94,81,74,121,180,131,48,52
321,505,3241,95,96,92,88,38,42,45,40,65,70,56,57,78,78,75,65,28,28,66,60,97,82,53,33,73,63,82,55,28,59,94,99,36,44,57,67,73,76,25,62,194,99,136,44,57,167,173,76,25,162
322,696,3089,39,35,78,82,45,47,52,50,2,2,31,31,83,85,36,40,4,4,3,3,25,84,65,48,2,30,88,69,5,3,30,76,47,55,1,26,87,68,4,3,130,176,47,155,101,26,187,168,104,3
323,716,3377,77,87,67,65,24,16,60,60,13,13,42,47,70,70,52,52,55,59,17,26,96,58,14,52,14,47,69,49,59,26,97,57,14,67,16,54,74,42,62,27,97,157,114,67,16,54,74,42,162,127
324,721,3040,52,60,58,63,5,5,79,75,37,38,84,84,28,36,71,79,82,82,4,4,62,66,5,72,39,65,41,84,100,4,52,65,4,97,35,88,27,76,83,4,152,65,104,197,35,88,27,176,83,4
325,437,3334,75,75,59,59,78,79,67,67,74,75,50,49,80,80,45,45,41,41,60,60,71,58,82,70,90,39,60,53,38,73,71,57,73,75,77,53,80,37,38,57,171,157,173,175,177,153,80,137,138,57
326,446,3011,80,84,10,8,38,30,31,42,71,65,68,64,84,91,15,13,30,31,72,76,82,7,32,45,66,62,92,14,30,74,99,7,32,28,92,66,94,16,26,75,99,7,132,28,192,66,94,16,26,75
327,351,3281,38,42,35,35,28,28,44,49,41,41,74,74,3,3,81,81,8,10,32,32,49,40,32,55,39,70,3,74,14,41,42,39,32,39,41,68,3,75,11,40,42,139,132,39,141,68,3,75,111,40
328,399,3393,8,10,8,5,83,91,47,34,96,83,39,42,40,54,60,70,62,72,81,93,12,5,96,29,79,42,64,77,78,97,6,4,97,31,85,43,45,71,59,89,106,104,97,131,85,43,145,71,159,189
329,481,3071,60,63,22,22,82,80,76,70,70,74,85,87,72,73,85,85,85,85,25,20,72,25,75,59,78,97,53,72,67,14,63,19,78,62,59,89,85,97,81,16,63,19,78,162,159,189,185,197,181,116
330,322,3377,85,88,54,54,18,15,52,52,17,15,40,43,62,67,41,45,59,59,35,30,96,58,14,52,14,47,69,49,59,26,97,57,14,67,16,54,74,42,62,27,97,157,114,67,16,54,74,42,162,127
331,1548,3205,35,28,75,60,90,109,48,40,26,24,80,91,90,80,63,53,84,93,45,43,28,55,109,39,24,91,80,53,93,42,21,76,100,41,20,88,98,61,92,40,21,76,100,141,120,188,98,61,92,140
332,563,3280,26,24,1,1,83,85,52,60,35,38,31,39,75,79,87,89,57,47,50,50,26,1,88,57,42,41,82,96,39,56,23,1,87,60,43,40,82,97,53,52,23,1,187,160,43,40,82,97,153,52
333,361,3484,64,64,37,38,72,70,82,85,4,6,38,38,48,50,85,85,85,81,74,78,63,43,66,97,9,44,70,87,65,88,67,33,65,89,5,33,53,93,88,80,167,33,65,189,5,133,53,93,88,180
334,1078,3474,9,9,32,35,81,89,61,67,32,32,47,47,85,85,50,50,2,2,67,69,11,43,96,72,56,38,97,39,3,82,7,33,95,60,34,42,89,37,2,73,107,33,95,60,34,142,189,37,2,73
335,462,3467,82,82,29,29,40,45,86,86,32,43,15,15,31,31,67,67,17,17,10,9,67,26,55,79,56,16,32,58,17,8,81,27,39,85,34,12,30,57,13,10,181,127,39,85,34,112,30,157,113,10
336,491,3487,74,75,26,26,84,80,16,16,77,77,32,26,86,84,70,80,7,7,33,33,83,25,79,15,53,15,82,87,7,32,91,19,85,14,85,24,99,72,6,30,91,19,85,14,185,124,99,172,6,30
337,495,3303,80,85,88,80,47,47,27,27,53,55,8,8,91,91,10,10,58,58,14,14,93,69,47,21,64,8,88,12,57,14,92,87,54,21,45,5,87,6,60,16,92,87,54,121,145,105,187,106,160,16
338,390,3392,79,79,45,47,35,33,30,25,18,17,75,75,41,41,28,38,41,44,25,25,79,49,31,28,15,74,41,47,46,28,85,42,24,25,14,58,40,34,45,21,85,42,24,25,14,158,40,134,45,21
339,483,3048,51,60,5,4,27,21,21,25,30,28,37,33,65,78,82,74,88,88,38,45,60,4,14,25,28,33,93,70,88,49,64,4,16,19,21,41,92,79,87,43,164,4,116,19,21,41,92,79,187,143
340,420,3314,5,5,79,81,24,24,85,80,80,83,83,83,7,7,19,19,3,3,39,39,5,93,23,72,54,99,8,26,3,53,3,92,19,97,79,90,5,17,3,36,103,92,119,197,179,190,105,117,3,136
341,465,3394,70,58,78,80,45,33,65,62,88,72,78,74,78,84,68,90,62,62,82,88,54,88,38,61,68,70,87,94,62,93,79,80,38,49,82,79,72,86,48,92,179,180,138,149,182,79,172,86,148,92
342,633,3042,92,88,83,75,6,6,42,41,33,30,54,50,36,33,75,75,71,61,42,35,80,51,5,42,27,47,28,74,54,29,98,74,4,43,29,54,21,56,69,31,98,174,104,43,129,54,21,56,69,131
343,565,3154,55,55,69,87,35,40,89,89,90,89,85,77,8,9,35,45,45,50,95,90,56,91,47,88,84,74,12,56,55,61,51,88,34,87,76,75,8,34,39,100,151,188,134,187,176,75,8,34,39,200
344,709,3445,73,73,26,22,28,38,87,88,83,82,86,84,80,80,88,93,9,10,91,90,72,15,56,88,70,68,72,96,11,88,63,24,34,84,75,90,96,97,7,87,63,124,34,184,175,90,96,97,107,187
345,787,3479,50,50,45,68,27,27,26,30,65,65,18,15,75,55,26,40,55,55,63,70,46,72,26,30,63,15,51,47,53,83,48,60,26,26,67,14,74,34,61,63,48,60,126,26,167,14,174,134,61,163
346,186,3253,42,42,40,41,62,61,78,78,21,21,75,75,65,65,40,40,65,63,8,8,52,46,75,75,14,82,70,65,57,7,47,45,83,78,16,73,69,47,70,6,147,45,183,78,16,73,169,47,70,6
347,1093,3462,42,42,87,87,49,44,72,77,70,70,73,73,46,53,24,24,58,55,27,14,37,79,38,90,56,69,64,41,48,11,29,85,42,77,70,74,45,27,55,10,29,85,142,177,170,74,145,27,155,110
348,492,3020,31,25,41,45,80,73,60,59,11,11,85,95,6,6,12,14,57,65,39,45,23,49,68,56,11,97,7,15,83,53,19,42,90,51,10,94,7,14,63,36,119,42,90,151,110,194,7,14,163,136
349,433,3176,76,78,8,7,12,11,47,45,92,92,42,52,58,61,75,78,94,88,26,25,74,7,7,42,87,65,70,77,68,24,75,6,9,43,93,47,62,71,90,25,75,6,109,43,93,47,62,71,90,125
350,367,3306,25,26,45,45,54,54,68,68,42,42,64,64,70,70,22,22,34,34,76,76,43,46,70,93,55,77,82,31,38,94,38,50,53,92,39,71,64,24,38,93,38,150,53,92,39,71,64,24,138,193
351,502,3291,17,17,54,54,79,75,11,11,25,26,52,60,22,19,66,70,70,70,52,40,17,56,72,12,30,69,15,83,90,33,13,51,97,11,26,68,24,63,77,44,113,151,197,11,26,168,124,163,177,44
352,544,3488,32,35,14,11,75,80,80,75,65,70,70,85,65,65,18,22,65,73,14,12,39,11,80,75,70,96,66,24,73,12,41,10,98,78,75,97,65,23,57,11,141,110,98,78,175,97,65,123,57,11
353,490,3089,37,33,64,70,48,54,51,50,2,2,28,29,75,78,47,53,6,5,3,3,25,84,65,48,2,30,88,69,5,3,30,76,47,55,1,26,87,68,4,3,130,176,47,155,101,26,187,168,104,3
354,726,3433,78,80,2,2,33,30,41,41,82,82,65,65,86,86,5,6,79,79,13,14,100,3,26,53,77,79,83,9,51,16,83,2,27,37,77,55,91,5,74,12,83,2,127,137,77,55,91,5,174,112
355,323,3424,28,28,58,68,82,82,32,25,9,10,63,65,18,16,52,50,7,10,73,68,26,79,82,24,11,69,14,46,12,63,23,55,86,20,7,87,14,48,8,67,23,55,186,120,107,87,114,48,8,167
356,1441,3153,72,78,49,55,88,91,27,25,63,65,4,3,13,13,88,89,30,34,45,45,82,70,97,15,69,2,12,92,38,47,82,62,94,24,87,2,11,94,38,54,82,62,194,124,87,102,11,94,138,54
357,323,3204,10,10,5,4,70,72,65,75,58,65,90,90,18,18,63,60,85,83,78,78,10,3,73,83,80,90,17,52,82,77,13,3,57,91,65,98,15,67,86,77,13,3,57,91,165,198,115,67,186,77
358,468,3202,45,46,77,88,57,57,35,36,61,50,62,62,37,41,30,28,7,8,32,30,39,93,57,39,46,60,40,24,9,28,41,92,60,35,50,64,39,25,5,25,141,92,160,35,150,164,139,125,5,25
359,552,3330,45,42,19,21,75,77,62,70,18,16,4,4,6,7,80,90,60,70,55,60,39,23,79,74,14,4,8,96,79,76,41,17,85,58,11,4,5,95,56,58,141,17,85,158,111,4,105,95,156,58
360,514,3190,82,82,73,68,79,79,61,69,47,47,32,30,65,68,9,9,6,8,91,95,82,60,80,72,40,24,73,10,11,109,99,80,98,63,39,25,57,13,7,95,99,80,98,63,139,125,57,13,107,195
361,387,3375,76,76,67,65,84,89,63,68,80,80,45,45,54,56,64,72,27,28,48,48,69,60,109,77,66,42,56,78,28,46,87,80,95,77,92,40,51,59,21,48,87,80,195,77,192,140,151,159,21,48
362,406,3218,72,80,19,19,34,39,74,72,84,84,58,59,41,43,70,70,57,68,83,83,83,20,42,51,65,60,62,89,72,74,91,18,40,74,78,64,52,61,63,75,91,18,140,174,178,164,152,161,63,75
363,388,3498,2,2,7,9,37,40,69,72,75,75,82,82,20,21,6,7,19,15,60,61,3,12,41,82,93,98,26,11,14,63,3,11,40,73,92,99,27,7,16,72,3,11,40,73,92,199,127,107,116,72
364,645,3334,70,70,68,60,65,70,72,72,75,75,45,45,80,80,40,42,35,35,73,73,71,58,82,70,90,39,60,53,38,73,71,57,73,75,77,53,80,37,38,57,171,157,173,175,177,153,80,137,138,57
365,271,3184,17,18,54,62,67,83,61,48,74,52,85,70,87,80,30,56,45,45,32,27,18,66,82,48,52,68,65,70,61,26,15,65,64,44,67,90,78,53,46,27,15,65,64,144,67,90,178,53,46,127
366,313,3142,80,83,26,18,88,88,27,30,33,34,70,70,75,75,18,17,18,18,7,7,88,17,97,37,38,73,88,14,14,7,87,13,89,29,38,57,80,16,16,7,187,113,189,29,138,57,180,16,116,7
367,561,3397,55,60,75,78,30,36,60,60,9,10,73,78,33,28,45,49,3,3,86,75,77,88,41,61,12,82,16,53,2,60,66,80,27,46,8,86,20,36,2,80,166,180,27,46,8,186,20,136,102,80
368,418,3096,12,12,43,40,6,6,83,85,32,32,67,67,44,47,13,13,58,58,50,50,11,42,7,88,28,70,56,15,61,55,10,40,6,80,25,62,34,14,46,39,110,140,6,180,25,62,34,14,46,39
369,621,3111,54,50,65,68,76,76,2,2,19,22,14,13,79,85,22,18,66,65,53,55,39,77,64,2,26,12,96,17,63,64,53,71,89,1,17,11,95,13,67,45,153,71,89,101,117,11,95,113,167,145
370,273,3207,3,4,45,50,80,75,65,65,42,45,80,75,70,70,75,75,56,60,35,37,5,65,65,69,53,60,69,82,57,44,4,47,88,68,36,80,74,64,60,35,104,47,88,168,136,80,74,64,160,135
371,737,3460,30,29,17,17,53,53,64,65,1,1,65,64,1,1,47,47,55,60,75,74,26,17,51,72,2,56,1,64,68,54,27,15,46,60,1,54,1,45,59,79,127,115,146,60,101,154,1,145,59,179
372,524,3193,3,3,28,27,9,10,38,39,33,32,65,66,79,74,6,8,86,88,42,56,3,21,13,49,15,78,68,12,96,70,3,21,12,32,24,59,82,9,95,62,3,121,12,32,124,159,182,9,95,62
373,509,3403,70,70,29,29,80,88,19,19,20,22,4,4,49,49,83,76,44,46,33,32,70,29,98,14,26,4,49,61,49,30,69,22,99,16,17,4,42,100,43,26,169,122,199,116,117,4,42,200,143,26
374,1376,3372,2,3,18,22,33,42,23,18,65,63,9,11,45,42,38,38,9,8,46,49,3,23,49,17,62,13,39,39,7,51,2,19,42,15,66,12,35,41,6,46,2,119,42,115,66,12,35,141,6,146
375,800,3464,75,73,48,45,16,15,70,76,13,13,58,64,89,88,50,51,88,84,75,75,71,42,17,82,14,77,87,52,82,77,71,43,13,73,16,66,93,47,99,71,171,43,113,173,16,166,93,147,99,71
376,822,3336,75,80,35,42,40,53,45,48,85,90,90,98,70,87,30,23,33,45,59,54,82,45,53,46,96,97,91,21,47,54,86,28,36,50,95,94,88,21,34,69,186,28,136,150,95,194,188,121,134,69
377,392,3232,37,44,74,78,38,37,56,55,39,40,52,53,78,71,35,38,12,11,58,54,48,61,80,56,39,83,67,41,10,52,55,100,65,52,53,63,81,40,13,67,155,200,165,52,153,163,181,40,13,67
378,369,3319,52,50,30,24,7,5,52,70,60,67,80,72,27,30,37,42,12,13,8,9,48,23,4,80,69,69,34,49,15,12,55,19,4,65,74,87,18,43,14,8,155,119,4,165,74,87,118,143,14,8
379,471,3437,73,73,47,48,4,4,22,24,64,68,80,77,78,83,64,66,2,2,58,68,69,51,3,28,78,69,93,72,2,83,74,46,3,25,59,87,92,60,1,91,74,146,3,25,159,87,92,60,101,91
380,222,3205,31,30,68,68,76,79,50,51,29,29,80,80,89,89,59,60,79,79,40,41,28,55,109,39,24,91,80,53,93,42,21,76,100,41,20,88,98,61,92,40,21,76,100,141,120,188,98,61,92,140
381,657,3235,66,68,39,36,91,89,47,48,91,82,78,79,6,5,51,50,84,83,7,7,79,26,82,49,65,82,5,47,82,7,56,26,86,43,88,73,4,54,64,7,156,126,186,143,88,73,104,54,64,7
382,556,3426,62,62,8,7,65,75,48,52,45,42,32,32,89,91,65,66,43,48,75,74,58,7,89,65,39,32,99,68,53,70,57,6,61,47,35,30,90,59,36,75,157,6,161,47,35,30,190,59,136,175
383,608,3144,70,70,52,52,8,8,11,11,39,39,37,37,23,23,89,89,53,53,91,91,62,56,11,14,23,41,25,88,45,75,52,51,10,11,19,27,19,87,49,78,152,151,110,111,119,27,19,187,49,78
384,201,3494,62,67,60,65,26,25,59,57,16,16,75,74,44,44,11,11,38,40,48,47,89,79,23,56,16,71,46,12,49,43,61,55,19,52,12,71,45,9,43,38,161,55,119,52,112,171,45,9,143,38
385,832,3328,66,81,6,5,25,16,79,74,4,5,91,94,45,75,45,46,52,58,70,85,83,4,14,72,7,97,80,47,61,89,91,4,16,63,7,94,65,34,49,61,91,4,16,63,7,194,165,134,149,161
386,577,3098,60,65,32,35,50,45,28,28,5,5,72,80,89,85,26,27,40,38,54,57,80,29,33,26,5,94,82,32,23,60,65,31,44,27,3,86,73,32,19,64,165,131,44,127,103,86,173,132,119,164
387,313,3425,12,12,92,92,58,60,40,40,32,36,52,52,48,45,30,28,41,45,58,60,13,90,62,43,41,42,33,24,49,69,12,98,48,33,36,43,41,23,43,51,12,198,148,33,36,43,41,123,143,51
388,680,3220,80,95,14,15,4,7,14,14,57,53,7,7,41,41,88,90,10,11,37,40,97,15,9,16,51,8,39,97,12,43,89,14,5,12,46,5,41,94,6,33,189,14,5,112,146,105,141,194,106,33
389,513,3017,38,41,84,84,58,58,61,70,78,86,21,22,39,43,42,41,41,38,59,62,41,65,53,70,91,23,43,41,23,89,40,88,61,53,88,17,33,36,31,61,40,88,61,53,188,17,33,36,31,161
390,312,3003,68,75,82,85,62,65,38,38,60,58,10,11,15,18,32,32,95,90,26,26,88,93,83,49,48,12,23,42,61,27,80,92,63,42,44,9,17,43,100,29,180,92,163,42,144,9,17,43,200,129
391,480,3423,70,75,30,39,85,90,20,15,12,13,38,35,30,35,60,58,75,70,65,70,78,40,96,14,13,23,47,54,51,89,59,39,97,11,12,31,34,69,74,61,159,139,97,111,12,31,134,69,174,161
392,404,3019,39,46,63,60,48,52,44,49,13,10,7,8,51,48,54,55,74,80,53,55,53,56,65,55,7,8,43,49,94,57,36,52,47,39,9,10,38,42,93,60,136,52,47,39,109,10,38,42,193,160
393,800,3190,88,85,71,68,71,78,55,65,30,35,27,25,65,65,10,10,8,9,85,95,82,60,80,72,40,24,73,10,11,109,99,80,98,63,39,25,57,13,7,95,99,80,98,63,139,125,57,13,107,195
394,425,3260,55,57,38,40,60,58,27,27,72,68,40,42,70,75,22,27,38,35,70,65,61,41,56,21,51,44,82,34,27,56,46,36,51,21,74,35,73,18,29,70,46,36,151,121,174,135,173,118,129,170
395,680,3189,65,60,55,57,45,47,45,44,30,30,35,35,6,5,49,49,80,79,77,78,56,61,55,25,30,37,5,46,72,88,70,46,39,30,26,29,3,50,97,84,170,46,39,130,26,29,103,150,197,184
396,462,3038,73,76,63,61,53,55,86,90,82,82,53,55,34,36,43,42,69,70,87,88,82,63,61,109,61,61,41,44,90,96,64,67,49,100,100,46,36,33,77,97,64,167,149,100,200,46,36,133,177,97
397,1347,3002,67,64,11,12,48,48,74,83,77,79,53,62,85,90,55,49,52,55,38,38,58,12,49,94,82,79,91,47,57,23,57,6,42,93,82,55,88,54,60,31,157,106,42,193,82,55,188,54,160,31
398,292,3419,78,69,68,59,64,64,27,30,22,24,19,22,1,1,22,34,70,74,5,8,61,51,63,43,26,23,1,49,77,12,91,74,72,33,23,17,1,43,77,6,191,174,72,33,23,17,1,143,77,106
399,466,3176,86,86,5,6,8,8,54,55,92,94,44,48,52,54,68,69,93,93,22,21,74,7,7,42,87,65,70,77,68,24,75,6,9,43,93,47,62,71,90,25,75,6,109,43,93,47,62,71,90,125
400,341,3365,9,8,82,85,34,43,80,79,60,64,88,93,17,18,31,34,66,66,28,22,7,88,47,66,78,97,21,34,100,14,9,84,34,92,59,89,21,18,83,16,109,184,134,192,159,189,121,118,83,116
401,403,3087,59,59,44,50,70,72,10,10,16,16,13,12,69,70,88,88,47,45,19,20,60,64,83,12,16,11,78,94,38,23,64,45,63,9,12,10,59,93,42,19,164,145,163,9,112,110,159,193,142,119
402,552,3372,2,2,34,30,55,52,21,20,80,79,7,9,41,41,47,45,5,5,62,59,3,23,49,17,62,13,39,39,7,51,2,19,42,15,66,12,35,41,6,46,2,119,42,115,66,12,35,141,6,146
403,387,3077,82,66,40,45,50,57,8,8,78,77,12,13,31,30,27,26,73,81,88,87,61,53,69,7,72,14,26,23,88,79,91,36,68,7,97,11,27,31,80,85,191,136,168,7,197,111,127,31,180,85
404,509,3192,37,37,43,51,88,88,70,70,78,78,75,80,82,82,72,72,22,22,73,75,15,56,80,70,54,88,61,74,25,79,24,34,98,68,81,80,91,56,19,55,124,34,98,68,81,180,191,56,19,55
405,420,3479,45,44,68,69,36,33,28,29,70,69,12,14,75,65,37,42,60,58,64,75,46,72,26,30,63,15,51,47,53,83,48,60,26,26,67,14,74,34,61,63,48,60,126,26,167,14,174,134,61,163
406,536,3229,81,80,21,21,23,22,57,59,65,68,86,86,16,17,33,33,47,47,38,36,74,20,17,62,72,100,18,43,65,32,75,18,15,48,63,83,15,38,47,30,75,18,115,148,63,83,15,38,47,30
407,425,3375,67,67,67,65,76,85,68,71,85,81,40,42,47,49,60,64,27,27,45,45,69,60,109,77,66,42,56,78,28,46,87,80,95,77,92,40,51,59,21,48,87,80,195,77,192,140,151,159,21,48
408,794,3005,30,27,67,69,35,35,29,29,12,12,75,75,65,70,9,9,79,79,29,26,26,69,56,23,11,72,100,11,82,24,26,87,34,19,10,97,83,7,82,25,126,87,34,119,110,197,83,107,82,125
409,520,3481,24,22,5,6,67,68,33,33,76,64,32,27,56,57,92,96,38,39,37,38,16,8,76,32,57,21,61,109,41,43,20,5,58,32,70,21,46,95,40,38,20,105,58,132,70,121,46,195,40,38
410,1183,3193,3,3,25,23,12,12,35,37,31,27,76,76,85,85,9,10,90,95,54,55,3,21,13,49,15,78,68,12,96,70,3,21,12,32,24,59,82,9,95,62,3,121,12,32,124,159,182,9,95,62
411,401,3023,80,70,70,90,60,63,35,37,31,25,91,91,99,89,66,66,2,2,13,14,57,94,66,41,15,93,88,56,3,15,70,86,65,36,24,84,80,70,3,14,70,86,65,36,124,84,180,170,3,14
412,460,3272,42,40,68,69,6,5,53,59,60,55,81,85,78,81,48,54,52,51,6,9,38,70,5,64,39,96,84,69,51,11,42,75,4,45,53,97,76,51,46,7,142,175,104,145,153,97,176,51,146,107
413,524,3441,80,70,80,88,8,10,45,43,2,3,45,46,25,28,60,67,16,17,28,35,61,97,12,42,3,46,32,74,18,53,100,94,8,43,2,45,32,58,15,36,200,194,8,43,2,45,132,158,15,136
414,460,3297,28,32,68,68,73,75,32,32,82,82,79,83,32,35,40,39,25,24,34,36,41,68,88,32,61,93,69,38,21,64,36,82,80,32,100,92,51,42,21,45,36,182,180,132,200,92,51,142,121,145
415,309,3415,43,46,54,49,17,20,37,42,20,23,15,15,32,29,10,10,63,59,61,68,49,38,23,49,26,17,23,10,54,80,43,42,17,32,23,13,31,13,69,65,143,142,17,32,23,113,31,13,69,165
416,296,3103,70,80,65,70,8,7,74,85,5,6,53,56,38,48,80,85,34,30,68,64,94,76,7,96,9,59,53,88,15,62,86,58,6,96,5,62,37,87,24,52,86,58,6,196,5,162,137,187,124,152
417,700,3486,19,19,86,94,74,61,27,31,73,67,28,35,51,51,49,49,34,38,48,48,18,99,56,37,59,41,69,47,49,56,15,90,70,29,62,27,68,54,32,51,15,190,170,29,162,27,168,54,32,151
418,892,3496,75,72,52,57,28,31,64,64,53,55,76,85,3,2,77,80,38,38,84,81,64,62,34,51,54,98,2,82,39,79,89,48,18,74,69,99,1,86,35,85,89,148,118,174,69,199,101,186,35,85
419,643,3202,42,40,78,82,52,54,44,45,42,44,56,58,32,36,27,25,5,6,32,34,39,93,57,39,46,60,40,24,9,28,41,92,60,35,50,64,39,25,5,25,141,92,160,35,150,164,139,125,5,25
420,315,3371,80,80,60,60,58,58,25,30,90,90,12,13,75,75,70,70,55,55,60,65,109,62,72,37,97,16,83,82,53,68,100,52,60,29,94,12,91,73,61,59,100,152,60,29,194,112,91,173,61,59
421,722,3289,40,41,85,92,77,73,37,40,15,16,85,80,85,82,62,66,16,15,77,85,41,109,51,44,16,72,80,79,14,91,40,95,74,35,12,96,98,56,16,88,40,195,174,135,112,96,98,156,16,188
422,286,3043,3,3,37,38,83,84,89,94,61,62,35,45,55,50,88,90,78,80,30,30,3,41,87,96,56,53,46,97,88,31,3,40,93,97,70,37,50,89,80,24,3,40,93,97,170,137,150,189,180,24
423,605,3473,62,60,85,85,83,83,50,52,56,56,2,2,7,9,15,15,72,68,56,56,56,84,87,65,64,2,12,18,62,61,54,76,72,47,45,2,6,15,66,50,154,176,172,47,145,102,106,15,66,50
424,435,3033,53,52,61,55,11,11,38,39,50,49,83,77,48,54,77,77,61,61,45,45,51,48,10,41,47,71,62,75,60,39,46,44,13,40,54,71,52,83,64,53,146,144,13,40,54,171,152,183,164,153
425,702,3033,50,50,62,62,9,9,30,35,40,45,80,75,57,62,60,70,55,60,55,49,51,48,10,41,47,71,62,75,60,39,46,44,13,40,54,71,52,83,64,53,146,144,13,40,54,171,152,183,164,153
426,606,3361,19,16,80,80,48,55,75,72,8,9,85,78,75,80,5,5,35,36,40,40,14,79,61,69,10,75,84,5,39,38,14,85,50,87,13,78,76,4,41,38,114,85,50,87,13,78,176,104,141,138
427,446,3248,8,10,12,12,17,20,71,71,22,22,60,60,73,70,25,25,14,15,81,78,12,12,23,74,21,58,51,27,17,75,8,9,19,58,22,57,74,29,13,78,8,9,119,158,22,157,174,129,113,78
428,1344,3205,25,25,65,60,72,72,48,45,45,32,82,82,85,78,55,55,78,78,35,38,28,55,109,39,24,91,80,53,93,42,21,76,100,41,20,88,98,61,92,40,21,76,100,141,120,188,98,61,92,140
429,353,3289,34,36,82,83,79,79,31,29,13,12,85,86,85,79,66,66,15,15,77,75,41,109,51,44,16,72,80,79,14,91,40,95,74,35,12,96,98,56,16,88,40,195,174,135,112,96,98,156,16,188
430,515,3498,2,2,19,16,38,42,75,79,79,85,90,97,39,33,9,10,22,18,61,61,3,12,41,82,93,98,26,11,14,63,3,11,40,73,92,99,27,7,16,72,3,11,40,73,92,199,127,107,116,72
431,439,3228,80,80,29,29,92,92,85,85,78,78,81,81,99,99,54,54,14,14,48,45,75,23,74,82,79,71,92,70,15,39,83,17,75,73,56,71,94,62,14,37,183,17,75,173,156,171,94,62,14,37
432,541,3393,10,11,4,4,78,94,40,34,80,80,35,42,47,62,78,78,72,72,90,95,12,5,96,29,79,42,64,77,78,97,6,4,97,31,85,43,45,71,59,89,106,104,97,131,85,43,145,71,159,189
433,1127,3418,20,16,63,64,74,85,1,1,85,85,70,70,1,3,79,79,82,85,24,24,14,69,96,2,70,61,3,56,97,29,11,68,96,1,79,49,2,70,89,22,111,168,196,101,79,149,2,170,189,122
434,727,3172,60,65,41,41,10,10,73,70,80,77,55,57,83,88,52,55,66,66,80,83,79,41,11,66,62,61,91,70,68,88,56,40,7,65,66,50,88,62,59,80,156,40,107,65,66,50,188,62,59,180
435,642,3055,22,20,60,60,55,50,68,70,65,65,26,26,80,80,35,33,90,95,48,48,17,64,46,73,74,24,82,30,109,49,13,45,48,57,56,23,73,26,95,42,113,145,48,57,56,123,173,26,195,42
436,362,3114,92,92,16,13,45,49,36,28,75,71,42,47,28,32,62,66,73,73,34,34,92,11,56,24,61,65,41,82,70,32,94,10,52,20,91,47,27,86,79,30,94,110,52,120,191,47,27,186,79,30
437,461,3221,38,38,15,15,55,52,65,65,80,85,2,2,55,55,40,43,22,25,60,60,44,14,46,73,96,3,57,42,30,39,35,11,45,57,96,3,60,43,26,53,135,111,45,57,196,3,160,43,26,153
438,297,3247,31,31,78,80,86,86,29,29,84,88,67,69,82,81,3,3,41,43,47,42,29,87,79,56,100,89,74,3,51,39,31,72,85,34,83,61,75,3,46,37,131,172,85,34,83,161,75,3,146,37
439,456,3409,39,42,21,17,78,79,79,74,7,7,87,90,64,69,83,71,37,41,85,89,46,14,82,69,7,97,69,65,43,96,48,14,64,87,7,94,74,78,38,95,48,114,64,87,7,194,74,178,38,95
440,637,3221,25,30,14,16,34,38,57,63,77,84,3,2,50,53,51,47,27,28,52,44,44,14,46,73,96,3,57,42,30,39,35,11,45,57,96,3,60,43,26,53,135,111,45,57,196,3,160,43,26,153
441,1254,3468,30,30,65,75,40,30,13,12,55,60,35,25,35,24,55,60,80,80,85,70,27,84,32,10,61,23,24,65,109,61,29,76,32,13,46,17,23,47,100,91,129,176,132,13,46,17,123,47,100,191
442,655,3175,83,80,33,38,56,52,46,46,29,28,72,72,29,29,46,45,11,10,80,85,67,45,54,53,26,70,30,45,8,88,81,28,69,37,26,79,26,49,10,87,181,28,69,137,126,79,26,49,10,187
443,784,3220,85,88,12,13,4,5,12,13,43,44,5,6,43,43,80,81,9,9,38,40,97,15,9,16,51,8,39,97,12,43,89,14,5,12,46,5,41,94,6,33,189,14,5,112,146,105,141,194,106,33
444,507,3283,27,26,54,54,4,4,37,37,68,68,85,85,89,89,26,26,85,85,26,26,24,51,3,33,53,68,99,30,100,23,25,46,3,41,85,82,90,26,83,19,125,146,3,41,185,182,190,26,83,119
445,723,3167,29,25,75,70,45,47,22,25,60,62,10,10,7,8,65,65,32,32,30,30,14,68,51,29,66,11,11,74,32,34,16,82,46,22,65,8,7,56,32,18,116,182,146,122,65,108,107,56,132,118
446,546,3218,89,84,24,22,49,44,90,81,90,84,55,58,58,58,60,60,72,72,80,77,83,20,42,51,65,60,62,89,72,74,91,18,40,74,78,64,52,61,63,75,91,18,140,174,178,164,152,161,63,75
447,995,3318,22,22,7,8,64,65,12,10,30,30,60,62,34,32,82,88,75,75,35,30,23,12,74,7,30,70,28,109,88,25,17,8,56,9,26,53,21,100,80,30,17,8,56,109,26,53,21,100,180,130
448,368,3205,33,29,67,65,75,78,45,42,28,27,72,75,80,80,64,58,77,79,38,42,28,55,109,39,24,91,80,53,93,42,21,76,100,41,20,88,98,61,92,40,21,76,100,141,120,188,98,61,92,140
449,400,3163,85,77,58,59,32,27,73,78,14,14,90,95,18,19,87,94,49,50,73,66,72,61,23,83,14,98,20,99,51,63,96,49,19,63,11,99,18,90,46,67,96,149,119,163,111,199,18,190,146,167
450,434,3472,28,30,47,56,61,70,84,89,34,40,85,85,31,35,68,65,71,82,57,64,32,61,77,97,44,88,45,62,90,61,32,49,66,94,35,87,28,66,77,50,132,149,166,194,135,187,28,66,177,50
451,635,3444,58,58,44,44,49,49,33,33,26,26,24,24,60,60,43,43,45,45,7,7,72,41,47,28,20,17,39,29,38,7,60,40,54,25,18,15,53,31,42,7,60,40,54,25,18,115,153,131,142,7
452,386,3195,70,70,55,55,78,73,65,70,33,28,82,86,61,65,80,80,50,50,25,25,73,76,60,74,26,92,80,54,61,31,57,58,80,58,27,94,65,79,46,24,57,58,80,158,127,94,165,179,46,24
453,561,3299,84,84,78,78,80,80,84,84,15,15,31,34,76,80,39,39,57,57,81,80,88,87,88,54,12,38,93,42,33,68,87,72,84,79,11,38,84,40,44,82,187,172,184,179,11,138,84,140,44,182
454,635,3392,92,88,48,48,34,33,27,28,12,13,76,75,44,43,36,42,55,51,20,23,79,49,31,28,15,74,41,47,46,28,85,42,24,25,14,58,40,34,45,21,85,42,24,25,14,158,40,134,45,21
455,552,3018,73,63,36,29,56,57,25,25,58,60,40,39,52,55,2,2,36,38,24,24,56,21,63,26,70,38,60,2,47,23,70,21,72,26,69,38,64,1,34,17,170,121,72,126,169,138,164,101,134,17
456,489,3433,75,78,3,3,27,27,47,50,75,76,50,54,68,70,5,6,73,68,12,13,100,3,26,53,77,79,83,9,51,16,83,2,27,37,77,55,91,5,74,12,83,2,127,137,77,55,91,5,174,112
457,404,3341,60,63,59,60,74,80,23,22,55,58,55,55,85,85,35,32,34,30,69,70,62,62,96,20,66,56,109,25,24,77,52,48,97,18,65,52,95,30,23,77,152,148,97,18,65,52,195,130,123,77
458,761,3390,85,85,55,50,50,48,58,60,13,14,80,75,58,59,2,2,88,85,29,30,64,46,46,72,15,72,61,1,82,43,89,50,48,63,14,97,50,1,99,33,89,150,48,63,14,197,50,1,99,33
459,705,3039,59,60,32,30,35,33,40,36,44,48,49,49,38,42,53,57,80,78,88,88,79,30,31,49,51,46,56,62,60,109,55,26,24,32,46,45,34,52,80,95,55,26,24,32,146,45,34,152,80,195
460,372,3105,12,12,66,64,36,43,78,78,44,43,80,80,69,69,35,35,28,29,9,10,12,58,53,100,38,68,87,27,29,13,11,57,36,83,38,82,72,29,22,12,11,157,136,83,138,182,172,129,122,12
461,310,3255,61,56,78,88,9,12,11,11,101,92,55,48,66,78,29,32,65,62,33,22,56,93,11,11,82,33,78,32,57,21,52,84,7,8,99,44,59,30,70,22,52,84,107,108,99,44,159,30,70,22
462,1040,3388,71,76,55,51,51,50,33,41,78,77,82,81,47,47,86,91,78,78,18,17,62,47,56,44,82,88,48,100,77,14,66,54,54,33,64,84,44,83,77,16,66,54,154,133,64,184,144,83,77,116
463,366,3391,84,87,77,88,63,63,37,46,55,55,84,74,70,85,42,42,7,7,25,25,88,96,72,53,56,65,94,42,8,21,87,96,63,36,52,78,86,40,5,21,187,196,63,136,52,178,86,140,105,121
464,462,3389,58,75,14,12,70,62,85,82,2,2,40,35,85,90,20,22,25,25,9,8,77,11,60,79,3,25,96,26,25,7,66,8,64,85,2,30,97,27,19,7,166,108,164,85,2,130,97,127,19,7
465,946,3285,12,12,70,70,42,42,55,63,32,35,5,5,80,85,75,75,3,3,45,45,11,74,44,80,53,4,92,69,3,38,8,56,33,65,37,4,94,74,3,38,108,56,133,165,137,4,94,74,3,138
466,475,3161,82,82,51,44,54,54,80,78,84,66,61,60,80,82,61,64,89,82,38,38,80,38,61,60,54,55,93,89,68,64,98,42,46,80,79,76,84,61,90,45,98,142,46,80,179,76,84,161,90,145
467,596,3282,28,25,80,88,18,18,60,65,52,62,70,80,58,58,35,38,80,78,65,60,26,96,16,69,69,82,57,39,75,58,26,96,20,74,68,73,70,41,78,57,126,196,20,74,168,173,70,141,78,157
468,242,3390,82,77,63,63,56,53,62,68,13,13,84,84,64,65,2,1,92,92,47,47,64,46,46,72,15,72,61,1,82,43,89,50,48,63,14,97,50,1,99,33,89,150,48,63,14,197,50,1,99,33
469,505,3106,34,30,62,60,75,80,85,85,72,65,57,65,12,11,48,46,24,24,84,86,31,61,98,68,58,73,11,38,24,96,24,46,99,82,57,57,8,38,23,96,24,46,199,182,157,57,108,138,123,196
470,279,3351,34,30,76,75,14,10,70,77,82,82,65,71,88,84,4,5,8,7,51,51,28,61,7,82,83,78,79,3,7,51,25,100,9,73,91,59,85,2,7,46,25,200,109,73,91,159,85,2,7,146
471,527,3428,55,55,61,50,82,75,80,75,38,32,51,58,91,91,25,22,78,79,77,75,56,45,70,70,25,69,90,21,79,70,51,49,69,79,30,51,98,21,85,75,151,49,169,79,130,51,198,121,85,175
472,466,3167,25,21,80,75,65,55,31,29,75,69,14,11,6,7,65,72,45,35,35,35,14,68,51,29,66,11,11,74,32,34,16,82,46,22,65,8,7,56,32,18,116,182,146,122,65,108,107,56,132,118
473,656,3399,35,37,82,88,85,80,58,59,40,40,90,80,24,24,72,77,79,78,67,68,43,99,82,80,41,65,25,88,54,77,33,90,99,65,40,78,19,80,79,71,33,190,99,165,40,178,19,180,179,71
474,233,3459,47,50,14,10,82,69,42,46,17,17,52,45,85,85,45,47,57,57,52,52,55,7,53,53,18,38,82,49,61,69,39,9,85,36,15,38,99,43,46,68,39,109,185,136,15,138,99,143,46,168
475,477,3269,25,24,62,62,41,35,77,87,27,25,15,13,6,5,5,7,54,64,32,35,26,63,33,99,23,12,4,9,68,56,17,72,41,90,19,11,4,5,59,34,117,72,41,190,119,11,4,5,59,34
476,623,3040,68,69,71,71,3,3,81,81,33,34,95,95,28,28,83,84,85,85,5,5,62,66,5,72,39,65,41,84,100,4,52,65,4,97,35,88,27,76,83,4,152,65,104,197,35,88,27,176,83,4
477,596,3225,25,16,6,6,76,75,15,16,32,40,70,70,81,85,58,58,52,54,85,84,15,12,53,23,56,69,109,56,56,61,24,6,85,19,34,74,100,54,51,100,124,106,185,119,34,74,100,154,151,200
478,450,3144,54,58,52,53,11,11,25,19,32,28,26,35,23,24,80,83,48,47,85,80,62,56,11,14,23,41,25,88,45,75,52,51,10,11,19,27,19,87,49,78,152,151,110,111,119,27,19,187,49,78
479,295,3455,2,2,29,34,42,43,8,10,75,79,76,70,42,47,63,72,80,82,83,83,2,49,47,13,80,56,52,82,93,88,1,32,54,12,98,70,47,64,84,87,101,32,54,12,98,170,147,64,84,187
480,361,3136,76,56,65,63,68,82,89,75,34,26,32,35,70,55,60,78,40,41,38,30,57,63,87,64,24,39,54,82,42,28,70,72,72,89,25,37,81,86,43,21,70,72,172,89,125,37,81,186,43,21
481,498,3182,50,50,70,75,20,23,35,35,70,65,80,85,30,30,25,25,65,70,60,60,53,93,26,38,59,96,15,26,72,61,37,92,17,38,62,97,24,27,60,46,137,92,117,138,162,97,124,127,60,46
482,886,3274,65,56,74,77,17,15,67,69,72,70,10,12,84,74,42,45,47,50,51,52,56,79,12,72,70,12,65,70,64,79,70,85,11,60,75,9,88,53,45,55,170,85,11,60,175,9,88,53,145,55
483,1146,3105,13,13,54,55,41,42,82,84,32,35,86,82,66,70,27,27,22,25,11,12,12,58,53,100,38,68,87,27,29,13,11,57,36,83,38,82,72,29,22,12,11,157,136,83,138,182,172,129,122,12
484,168,3036,88,88,9,9,18,15,35,41,31,31,33,33,65,65,23,23,79,79,77,77,109,7,15,53,56,45,72,24,82,68,100,9,24,36,34,28,63,25,99,82,100,109,124,136,34,28,63,125,99,182
485,523,3321,57,67,64,68,82,78,66,67,34,28,6,7,72,74,54,46,78,79,53,47,79,76,75,70,21,7,87,39,93,45,56,58,78,68,21,7,72,53,92,49,156,58,78,68,121,7,172,153,92,49
486,564,3033,65,60,65,60,12,12,50,45,55,45,80,70,70,65,80,75,70,65,60,45,51,48,10,41,47,71,62,75,60,39,46,44,13,40,54,71,52,83,64,53,146,144,13,40,54,171,152,183,164,153
487,632,3233,12,12,15,18,59,75,24,27,80,78,59,55,64,54,84,84,63,65,90,95,12,21,79,28,75,42,49,83,68,97,6,21,55,25,83,40,42,91,59,89,106,121,55,25,183,140,42,91,59,189
488,1029,3024,37,45,11,12,16,19,13,15,55,50,11,11,13,14,80,90,55,55,88,83,44,12,18,16,48,10,14,87,61,80,33,9,15,12,55,13,11,93,46,98,133,9,15,112,155,13,111,93,46,98
489,612,3476,72,70,65,65,19,18,32,38,45,44,80,85,40,55,58,58,72,78,7,7,65,70,14,47,39,87,69,61,90,8,78,69,16,34,37,93,68,46,77,5,178,169,16,134,37,93,168,46,177,105
490,719,3101,50,48,52,53,9,10,53,54,80,86,16,16,76,80,38,36,13,13,40,43,46,56,12,57,98,17,93,25,11,53,48,52,8,60,99,13,84,30,10,37,48,52,8,160,199,113,84,130,110,137
491,673,3379,52,48,2,2,43,32,53,65,61,61,77,88,30,41,44,44,2,2,95,98,46,3,25,80,61,88,41,43,2,109,48,2,30,65,46,80,36,38,2,100,48,2,130,165,46,180,36,38,102,100
492,505,3443,36,36,24,24,76,76,87,87,70,70,13,13,18,19,52,52,87,85,62,62,32,23,90,71,69,7,18,29,77,56,30,17,77,71,74,9,15,31,77,54,30,17,177,171,74,109,15,131,77,154
493,436,3073,88,75,91,93,53,55,13,18,67,67,49,49,82,78,45,45,43,52,68,64,60,109,80,17,70,48,64,46,70,54,80,95,65,15,68,44,89,48,53,81,80,195,165,115,68,144,89,48,53,81
494,901,3312,72,72,70,72,80,80,73,73,67,65,17,17,82,75,38,38,16,17,12,12,70,84,82,75,74,21,69,38,26,12,75,76,99,83,58,22,74,28,17,6,175,176,99,183,158,22,74,128,117,106
495,586,3233,6,8,23,23,56,65,25,25,72,68,28,38,55,50,68,78,65,68,84,95,12,21,79,28,75,42,49,83,68,97,6,21,55,25,83,40,42,91,59,89,106,121,55,25,183,140,42,91,59,189
496,472,3073,80,75,85,90,70,75,40,25,65,70,60,55,85,85,55,50,60,62,75,70,60,109,80,17,70,48,64,46,70,54,80,95,65,15,68,44,89,48,53,81,80,195,165,115,68,144,89,48,53,81
497,685,3161,87,85,55,50,50,55,80,70,75,68,67,65,85,90,57,60,95,93,40,45,80,38,61,60,54,55,93,89,68,64,98,42,46,80,79,76,84,61,90,45,98,142,46,80,179,76,84,161,90,145
498,567,3159,34,36,32,35,64,66,10,8,27,27,5,5,12,12,80,70,7,7,70,70,41,43,83,7,28,7,12,54,7,66,27,38,63,9,25,6,9,81,7,65,27,38,163,109,25,6,9,81,7,65
499,575,3443,28,30,20,20,75,85,75,75,65,67,12,10,15,16,40,35,80,80,70,60,32,23,90,71,69,7,18,29,77,56,30,17,77,71,74,9,15,31,77,54,30,17,177,171,74,109,15,131,77,154
500,933,3399,32,35,78,85,91,90,51,60,27,30,80,75,25,25,73,78,82,82,67,69,43,99,82,80,41,65,25,88,54,77,33,90,99,65,40,78,19,80,79,71,33,190,99,165,40,178,19,180,179,71
501,636,3205,26,27,60,55,78,82,38,39,29,26,77,90,82,80,57,54,72,77,40,42,28,55,109,39,24,91,80,53,93,42,21,76,100,41,20,88,98,61,92,40,21,76,100,141,120,188,98,61,92,140
502,585,3310,80,72,56,62,45,50,22,20,96,96,80,82,78,75,18,18,75,75,2,2,70,60,69,16,109,88,73,14,87,3,75,64,51,20,95,87,57,16,72,3,175,164,51,20,195,187,57,116,172,3
503,317,3303,78,86,77,72,48,48,32,25,38,57,8,8,92,90,10,11,45,52,17,15,93,69,47,21,64,8,88,12,57,14,92,87,54,21,45,5,87,6,60,16,92,87,54,121,145,105,187,106,160,16
504,450,3358,35,30,65,75,75,75,23,30,65,70,60,65,75,80,14,12,30,40,45,45,27,78,53,47,74,68,93,11,45,49,29,59,85,34,56,59,84,10,28,32,129,159,185,134,56,59,84,110,28,32
505,374,3199,8,8,7,9,70,77,80,80,85,75,19,21,77,80,50,55,40,40,65,80,7,11,80,77,66,25,87,66,38,84,7,10,98,77,92,19,93,65,42,76,7,110,98,77,192,19,93,65,142,176
506,394,3228,86,85,25,24,82,80,75,77,55,67,77,75,93,92,50,53,15,15,47,45,75,23,74,82,79,71,92,70,15,39,83,17,75,73,56,71,94,62,14,37,183,17,75,173,156,171,94,62,14,37
507,561,3052,33,38,64,68,28,28,69,65,23,23,71,70,38,40,85,90,33,38,55,55,43,77,29,55,24,70,42,97,49,53,33,66,22,76,23,79,43,89,32,61,33,166,122,76,123,79,43,189,32,61
508,517,3379,54,54,5,5,48,48,64,72,50,50,88,88,42,42,38,38,4,4,92,92,46,3,25,80,61,88,41,43,2,109,48,2,30,65,46,80,36,38,2,100,48,2,130,165,46,180,36,38,102,100
509,720,3322,49,49,81,81,78,78,88,88,16,16,78,78,28,25,31,32,27,27,33,33,61,93,87,65,17,93,21,45,24,24,50,84,72,78,13,92,21,28,25,20,50,84,172,178,113,92,121,28,125,120
510,352,3029,83,83,40,40,14,14,85,85,85,85,33,33,65,65,70,70,73,73,68,68,65,23,11,65,64,41,66,89,84,94,78,31,8,88,89,36,65,61,76,86,178,31,108,88,89,36,65,161,176,86
511,609,3249,70,79,65,65,50,50,85,90,16,16,3,3,18,18,26,26,25,25,80,80,83,62,80,87,23,5,17,32,30,75,63,52,65,93,19,3,15,30,26,78,163,152,165,93,119,103,115,30,26,78
512,216,3015,37,40,50,50,25,28,35,35,32,35,60,60,65,65,80,83,32,30,70,75,55,60,34,43,47,88,94,98,26,91,39,64,18,38,34,80,93,99,27,88,39,164,118,38,134,180,193,199,127,188
513,390,3408,52,65,58,60,9,12,7,8,28,35,22,21,57,62,68,68,8,9,74,72,70,79,14,8,49,21,69,52,15,69,62,55,11,10,43,21,51,67,14,87,62,55,111,10,143,121,51,67,14,87
514,553,3093,29,26,62,58,24,26,76,72,28,26,80,78,45,45,69,74,37,38,49,62,24,48,29,70,24,61,46,88,39,79,25,55,22,75,23,100,50,80,35,56,125,155,122,175,123,200,150,180,35,156
515,583,3069,52,52,33,30,2,2,27,27,62,60,40,40,52,52,54,58,58,58,64,70,52,27,1,28,52,33,53,69,56,76,47,29,1,25,67,44,61,51,54,58,147,129,1,25,67,44,61,51,154,58
516,666,3338,65,69,80,80,15,15,85,85,72,72,66,66,11,11,76,76,48,48,90,90,77,109,16,96,94,57,13,70,51,82,66,100,12,97,86,70,12,75,46,99,166,100,112,97,86,70,12,175,146,99
517,765,3282,32,28,78,95,35,17,55,70,45,68,80,81,80,60,40,40,65,75,70,60,26,96,16,69,69,82,57,39,75,58,26,96,20,74,68,73,70,41,78,57,126,196,20,74,168,173,70,141,78,157
518,719,3460,19,25,23,18,42,52,68,72,2,2,61,58,1,1,39,56,64,65,86,76,26,17,51,72,2,56,1,64,68,54,27,15,46,60,1,54,1,45,59,79,127,115,146,60,101,154,1,145,59,179
519,283,3159,28,33,35,35,58,65,7,7,25,26,5,6,8,10,75,70,7,7,65,65,41,43,83,7,28,7,12,54,7,66,27,38,63,9,25,6,9,81,7,65,27,38,163,109,25,6,9,81,7,65
520,300,3039,56,61,29,29,26,28,34,35,50,50,50,49,35,40,65,65,78,78,80,85,79,30,31,49,51,46,56,62,60,109,55,26,24,32,46,45,34,52,80,95,55,26,24,32,146,45,34,152,80,195
521,486,3308,66,73,72,70,66,55,48,55,2,1,17,16,81,81,79,59,58,58,81,87,79,68,53,65,1,14,82,51,58,93,56,59,61,47,1,16,86,74,57,92,156,59,61,47,1,116,186,174,157,92
522,904,3136,69,65,58,60,72,74,85,85,28,27,40,40,65,61,74,74,42,42,26,27,57,63,87,64,24,39,54,82,42,28,70,72,72,89,25,37,81,86,43,21,70,72,172,89,125,37,81,186,43,21
523,323,3354,72,89,91,92,35,34,61,76,82,77,73,73,5,5,7,7,10,9,67,67,93,94,31,87,70,69,5,8,8,70,92,93,24,72,79,87,4,5,10,75,92,193,24,172,79,87,104,105,10,175
524,512,3323,59,65,59,57,71,73,87,84,79,73,81,74,29,32,35,33,49,50,39,36,70,61,71,79,57,68,34,30,51,28,53,46,71,85,70,82,18,26,46,21,53,46,171,85,70,182,118,26,146,21
525,279,3024,42,42,11,11,19,18,13,15,61,55,9,10,15,14,90,89,55,58,85,81,44,12,18,16,48,10,14,87,61,80,33,9,15,12,55,13,11,93,46,98,133,9,15,112,155,13,111,93,46,98
526,1013,3067,31,38,47,43,81,85,28,25,21,25,39,40,89,93,32,27,87,77,29,37,41,40,87,23,27,41,99,26,66,43,27,39,72,19,29,36,90,26,92,38,27,139,172,119,129,36,190,126,192,38
527,455,3375,72,70,70,70,75,75,67,70,65,65,45,45,43,50,47,45,30,30,48,48,69,60,109,77,66,42,56,78,28,46,87,80,95,77,92,40,51,59,21,48,87,80,195,77,192,140,151,159,21,48
528,724,3370,28,28,35,35,24,24,7,7,67,67,45,47,55,53,43,43,57,57,17,17,53,57,26,8,88,53,51,61,70,24,36,60,26,5,80,37,46,50,69,25,136,160,126,105,180,137,146,50,169,125
529,462,3231,74,78,82,78,68,68,57,67,83,78,86,82,69,75,86,89,28,36,7,8,83,70,69,89,77,79,88,93,41,9,91,79,87,61,77,85,80,84,36,5,91,79,87,161,77,85,180,84,36,5
530,443,3311,85,85,75,75,28,28,85,85,78,78,55,55,14,14,13,13,93,93,33,33,84,55,26,67,53,53,12,13,97,53,76,76,26,81,85,61,11,12,89,36,176,76,126,181,185,61,11,12,189,136
531,833,3495,32,32,24,24,43,52,75,75,45,45,15,13,93,93,51,55,93,93,35,41,41,21,65,70,51,12,92,61,82,56,36,21,47,69,46,11,94,50,99,34,36,121,47,169,146,11,94,50,99,34
532,741,3169,86,74,69,69,21,21,24,24,31,31,56,56,53,53,13,13,9,9,71,71,68,62,20,14,47,48,76,12,10,55,82,66,18,16,34,55,58,11,13,76,182,66,18,116,134,155,58,11,13,76
533,538,3034,88,87,79,79,68,68,72,72,86,86,57,62,92,92,21,21,30,30,5,5,87,72,51,82,64,63,92,16,39,9,93,97,74,82,89,72,94,20,35,5,93,197,174,82,89,72,94,20,35,5
534,664,3427,85,93,8,10,10,9,64,73,4,6,35,40,24,20,54,37,28,28,42,41,98,12,8,80,8,41,18,33,26,39,99,8,10,65,5,27,15,41,26,41,199,8,10,165,105,27,15,41,126,141
535,337,3318,24,24,7,9,61,68,11,8,33,33,58,58,28,28,82,85,77,77,35,35,23,12,74,7,30,70,28,109,88,25,17,8,56,9,26,53,21,100,80,30,17,8,56,109,26,53,21,100,180,130
536,521,3003,75,78,70,75,60,67,40,40,42,42,10,10,15,17,35,38,83,83,37,35,88,93,83,49,48,12,23,42,61,27,80,92,63,42,44,9,17,43,100,29,180,92,163,42,144,9,17,43,200,129
537,473,3098,68,68,38,38,55,50,23,23,3,4,80,85,88,87,24,25,22,22,75,70,80,29,33,26,5,94,82,32,23,60,65,31,44,27,3,86,73,32,19,64,165,131,44,127,103,86,173,132,119,164
538,567,3154,55,55,71,85,26,35,79,82,79,79,85,78,10,10,31,40,54,54,86,86,56,91,47,88,84,74,12,56,55,61,51,88,34,87,76,75,8,34,39,100,151,188,134,187,176,75,8,34,39,200
539,393,3029,85,75,35,32,13,13,80,80,80,80,35,37,60,62,57,57,72,74,67,67,65,23,11,65,64,41,66,89,84,94,78,31,8,88,89,36,65,61,76,86,178,31,108,88,89,36,65,161,176,86
540,739,3057,67,69,42,42,68,68,17,16,31,31,40,40,9,9,16,16,55,57,65,70,78,52,52,14,39,56,7,20,62,70,59,47,67,14,35,34,9,18,52,68,159,147,67,114,35,34,109,18,152,68
541,781,3056,31,27,23,21,57,60,11,12,32,33,43,44,40,40,54,45,42,35,28,21,20,12,68,16,45,51,43,39,23,14,18,11,59,12,28,46,38,37,31,16,18,11,59,112,28,146,38,37,31,16
542,1040,3221,42,42,19,18,45,45,70,70,80,85,2,2,52,53,45,44,25,26,55,45,44,14,46,73,96,3,57,42,30,39,35,11,45,57,96,3,60,43,26,53,135,111,45,57,196,3,160,43,26,153
543,336,3302,55,55,42,44,11,8,10,8,49,57,74,65,85,83,62,62,33,27,79,85,53,46,7,7,69,54,82,62,23,83,61,45,7,9,51,69,99,66,19,63,61,45,7,109,51,69,99,66,119,163
544,615,3219,10,10,8,10,8,8,5,5,43,41,56,52,60,61,90,90,63,68,70,70,12,12,7,5,39,46,68,92,74,69,9,6,6,3,35,50,59,94,56,87,9,106,6,103,35,150,59,94,56,87
545,862,3038,61,67,64,64,55,55,72,72,74,76,59,59,34,34,42,42,71,71,80,82,82,63,61,109,61,61,41,44,90,96,64,67,49,100,100,46,36,33,77,97,64,167,149,100,200,46,36,133,177,97
546,261,3113,70,75,65,60,60,60,30,35,30,30,40,45,12,12,55,55,40,45,80,80,96,54,54,65,15,57,11,63,69,88,95,79,81,47,24,60,7,67,68,84,95,179,81,47,124,160,107,167,168,184
547,435,3164,11,11,85,82,92,86,75,78,73,55,35,30,40,45,29,30,40,35,6,5,10,82,82,79,54,25,52,32,31,5,13,64,99,85,79,30,47,30,24,3,13,64,99,85,179,130,147,30,24,103
548,879,3046,45,45,65,65,83,84,21,18,76,78,31,34,81,81,56,56,85,85,88,88,62,70,90,17,88,38,82,48,109,65,48,75,98,15,84,28,82,55,100,88,148,175,198,115,184,128,82,155,100,88
549,742,3402,72,72,58,56,48,48,50,50,50,52,50,60,50,49,45,30,78,85,35,30,72,56,48,51,55,65,49,28,97,21,97,52,55,46,39,47,42,21,94,22,197,52,155,146,39,47,42,21,194,22
550,348,3385,42,44,60,66,42,42,35,35,28,25,76,77,42,37,44,46,55,63,42,35,56,72,38,43,26,88,33,57,69,25,51,63,28,33,23,84,41,60,68,30,151,63,128,33,23,184,41,160,168,130
551,395,3312,63,69,72,78,84,84,67,70,62,64,19,19,76,70,29,32,22,24,10,12,70,84,82,75,74,21,69,38,26,12,75,76,99,83,58,22,74,28,17,6,175,176,99,183,158,22,74,128,117,106
552,429,3387,82,74,80,80,25,27,24,28,84,90,79,85,41,41,52,55,38,42,5,4,71,72,30,32,94,87,29,70,56,4,71,97,26,30,93,72,31,62,34,4,171,197,26,30,193,172,131,62,34,4
553,342,3379,47,47,3,3,36,32,57,57,46,49,79,81,28,29,26,32,2,2,84,84,46,3,25,80,61,88,41,43,2,109,48,2,30,65,46,80,36,38,2,100,48,2,130,165,46,180,36,38,102,100
554,716,3360,77,77,15,11,67,75,27,26,47,57,55,57,95,95,76,75,54,49,19,16,87,10,91,26,69,70,90,72,46,14,72,13,88,17,51,53,98,60,50,14,172,13,188,117,51,53,198,60,150,114
555,641,3259,68,72,75,75,72,72,86,86,40,40,48,48,4,4,40,40,42,42,3,3,75,60,62,97,70,69,5,39,64,3,83,80,66,94,62,51,3,37,45,3,183,80,66,194,62,51,103,37,145,3
556,809,3423,65,69,38,38,74,75,20,20,15,15,28,28,27,31,65,65,81,81,74,74,78,40,96,14,13,23,47,54,51,89,59,39,97,11,12,31,34,69,74,61,159,139,97,111,12,31,134,69,174,161
557,564,3091,22,28,65,66,20,25,72,68,78,78,35,37,17,17,82,82,56,58,80,82,41,78,32,57,82,41,14,53,68,100,27,59,32,70,86,36,16,85,59,83,27,159,132,70,186,36,16,185,59,83
558,349,3390,75,74,55,55,48,45,58,64,13,14,73,72,44,53,2,1,79,80,30,35,64,46,46,72,15,72,61,1,82,43,89,50,48,63,14,97,50,1,99,33,89,150,48,63,14,197,50,1,99,33
559,392,3118,63,61,47,48,13,11,83,88,14,14,16,16,6,6,72,65,67,67,18,17,59,51,12,96,14,17,7,63,69,16,62,46,6,95,11,15,6,72,87,20,162,146,106,95,111,115,6,72,87,20
560,287,3022,9,10,28,27,37,39,88,75,36,30,37,35,80,75,90,90,3,4,34,34,11,24,44,65,23,41,53,87,5,34,8,25,35,88,31,36,85,93,3,18,108,125,135,88,31,36,185,93,103,118
561,445,3074,37,37,64,63,56,57,48,48,59,62,28,32,32,34,75,75,45,45,58,58,38,57,76,51,74,41,44,79,48,63,38,70,58,46,58,27,35,85,44,72,138,70,58,146,158,27,135,85,144,72
562,468,3272,40,39,60,65,6,6,42,55,58,44,82,85,74,79,41,50,48,49,8,9,38,70,5,64,39,96,84,69,51,11,42,75,4,45,53,97,76,51,46,7,142,175,104,145,153,97,176,51,146,107
563,226,3272,39,39,73,71,5,5,44,48,48,40,83,92,86,86,52,50,35,39,6,11,38,70,5,64,39,96,84,69,51,11,42,75,4,45,53,97,76,51,46,7,142,175,104,145,153,97,176,51,146,107
564,664,3325,86,84,81,78,36,36,29,34,84,85,89,83,19,18,53,50,20,24,22,25,79,74,29,53,94,72,16,48,44,27,85,75,31,36,93,97,20,55,35,29,85,75,131,136,193,197,20,155,135,129
565,998,3151,10,10,55,55,90,89,18,23,33,30,68,70,90,85,50,50,35,30,45,43,11,79,87,26,25,69,64,62,37,42,10,55,93,23,30,74,89,48,29,43,110,55,93,23,130,74,89,148,29,43
566,618,3159,32,35,48,46,60,65,12,10,38,34,6,7,11,11,72,60,8,8,61,63,41,43,83,7,28,7,12,54,7,66,27,38,63,9,25,6,9,81,7,65,27,38,163,109,25,6,9,81,7,65
567,434,3385,48,50,67,67,39,39,30,30,20,20,78,80,35,35,48,52,50,58,45,44,56,72,38,43,26,88,33,57,69,25,51,63,28,33,23,84,41,60,68,30,151,63,128,33,23,184,41,160,168,130
568,321,3495,27,38,28,24,44,44,67,68,48,48,11,11,92,92,54,57,86,84,34,36,41,21,65,70,51,12,92,61,82,56,36,21,47,69,46,11,94,50,99,34,36,121,47,169,146,11,94,50,99,34
569,618,3107,50,52,80,87,15,16,50,58,57,63,60,63,9,9,42,48,90,87,35,37,56,97,14,68,74,63,12,57,64,39,52,89,16,59,56,72,6,60,89,37,52,189,16,59,56,72,106,160,89,37
570,538,3392,82,82,50,50,37,34,24,25,15,15,61,61,47,44,41,41,52,50,31,31,79,49,31,28,15,74,41,47,46,28,85,42,24,25,14,58,40,34,45,21,85,42,24,25,14,158,40,134,45,21
571,446,3427,80,92,11,12,9,8,53,60,8,8,25,35,19,18,44,40,30,30,39,39,98,12,8,80,8,41,18,33,26,39,99,8,10,65,5,27,15,41,26,41,199,8,10,165,105,27,15,41,126,141
572,378,3264,84,80,83,90,36,43,80,64,67,72,95,80,63,60,78,87,75,82,45,43,74,99,49,54,72,79,54,87,84,43,75,90,43,79,63,85,81,93,76,38,75,190,143,179,63,85,81,93,176,38
573,645,3060,5,8,10,8,86,82,85,75,3,3,40,39,34,30,65,70,80,84,48,55,8,7,80,65,2,38,23,74,88,70,5,7,98,88,2,38,31,75,80,62,105,7,98,88,102,138,31,75,180,62
574,589,3196,82,88,92,92,93,93,44,44,28,30,89,85,59,65,78,82,44,48,14,15,93,68,92,47,32,74,89,94,53,16,92,90,94,54,32,75,61,86,37,12,92,90,94,54,132,75,161,86,137,112
575,971,3478,34,45,4,4,50,55,80,75,17,17,40,35,80,100,65,70,30,28,68,75,53,5,61,67,18,30,109,79,24,83,37,4,49,81,15,26,95,56,23,63,137,104,149,181,15,26,195,156,123,163
576,1355,3395,31,31,78,75,79,79,56,65,45,56,3,3,78,76,14,14,78,74,25,26,32,68,96,94,79,1,94,26,77,27,30,82,97,86,55,1,93,17,77,29,30,182,97,86,55,1,193,117,77,129
577,563,3367,78,68,3,2,36,42,13,17,82,80,7,8,63,75,40,47,13,14,82,87,59,2,46,18,75,8,87,49,16,91,62,2,45,15,78,10,72,32,12,88,162,102,45,15,78,10,172,32,112,188
578,660,3175,78,75,31,34,56,55,43,46,27,27,73,73,32,31,44,44,8,8,79,84,67,45,54,53,26,70,30,45,8,88,81,28,69,37,26,79,26,49,10,87,181,28,69,137,126,79,26,49,10,187
579,411,3407,33,45,65,68,71,71,27,24,70,72,70,60,70,80,40,40,38,45,75,80,52,71,70,21,77,55,87,42,49,100,47,71,68,21,66,76,72,40,32,83,147,171,68,121,166,76,172,140,32,83
580,1857,3132,15,17,85,73,55,50,78,75,70,78,28,38,18,18,92,96,36,53,10,6,17,72,48,75,78,38,18,96,53,11,13,96,44,83,59,28,15,96,36,8,113,96,144,183,159,128,15,196,136,108
581,1242,3038,60,72,75,78,50,58,85,88,80,84,50,55,40,43,36,34,82,86,90,92,82,63,61,109,61,61,41,44,90,96,64,67,49,100,100,46,36,33,77,97,64,167,149,100,200,46,36,133,177,97
582,546,3117,72,65,7,7,53,60,77,77,72,85,38,40,12,12,36,40,35,27,75,73,54,5,69,74,91,47,12,49,24,70,81,3,68,75,88,34,6,43,20,75,81,103,168,75,188,134,106,143,120,175
583,302,3291,24,21,64,62,86,84,9,10,27,27,38,50,33,25,65,65,73,75,45,45,17,56,72,12,30,69,15,83,90,33,13,51,97,11,26,68,24,63,77,44,113,151,197,11,26,168,124,163,177,44
584,885,3015,44,52,69,67,20,26,32,39,34,36,82,84,88,91,94,98,22,24,89,90,55,60,34,43,47,88,94,98,26,91,39,64,18,38,34,80,93,99,27,88,39,164,118,38,134,180,193,199,127,188
585,583,3435,7,10,60,75,55,65,14,14,15,15,30,40,67,58,62,60,3,2,40,35,11,83,79,14,15,44,55,60,2,33,7,91,56,16,14,35,76,64,2,41,107,91,156,16,14,135,76,164,102,41
586,625,3286,88,94,35,36,40,54,2,2,60,72,62,59,44,57,4,4,72,72,59,65,96,38,60,2,82,56,64,9,71,79,96,38,64,2,82,54,45,5,71,56,196,138,164,102,82,154,145,5,171,156
587,488,3237,73,73,80,75,55,54,62,65,35,38,82,85,28,30,62,66,9,8,92,94,62,59,53,83,44,88,41,74,7,96,66,62,61,63,35,84,27,58,7,97,66,162,61,163,135,184,27,158,7,97
588,265,3307,33,34,3,2,68,84,74,60,60,61,58,64,70,75,34,38,64,74,38,39,38,2,93,54,62,74,88,41,84,42,28,1,92,79,52,56,84,40,76,40,128,101,92,179,152,56,184,40,176,140
589,360,3343,28,30,7,7,80,83,80,80,63,70,36,35,90,88,90,90,70,70,21,21,32,7,91,70,72,33,67,64,94,24,32,6,88,79,60,41,81,89,86,23,132,6,188,79,60,41,181,89,86,123
590,931,3184,19,18,59,63,80,83,45,47,60,58,81,78,78,70,53,60,58,60,18,23,18,66,82,48,52,68,65,70,61,26,15,65,64,44,67,90,78,53,46,27,15,65,64,144,67,90,178,53,46,127
591,571,3002,60,59,10,11,47,47,80,91,85,82,57,75,85,88,52,48,66,59,29,28,58,12,49,94,82,79,91,47,57,23,57,6,42,93,82,55,88,54,60,31,157,106,42,193,82,55,188,54,160,31
592,466,3368,83,89,74,70,71,73,88,88,91,88,63,62,78,80,27,32,68,68,22,19,98,51,74,100,68,48,54,40,75,14,99,74,58,83,90,55,79,39,83,14,199,174,158,83,90,155,179,139,183,114
593,279,3430,80,80,40,40,80,80,90,85,35,35,35,25,75,70,60,50,80,85,60,60,82,49,82,87,44,23,73,52,91,60,99,32,86,93,35,31,57,47,88,64,99,32,186,93,135,31,57,147,188,164
594,1274,3130,85,80,40,40,75,65,75,80,72,72,80,80,75,75,80,80,45,45,80,70,72,44,68,90,74,80,89,82,53,62,97,35,59,77,58,98,61,64,36,66,197,135,59,177,158,98,161,64,136,66
595,567,3475,43,43,39,37,46,52,10,10,82,84,38,34,46,46,68,62,9,9,27,27,42,29,62,13,87,23,80,56,11,27,40,31,52,12,93,31,65,70,8,29,140,131,152,12,93,31,165,170,108,129
596,454,3396,50,60,31,35,33,31,50,51,37,40,43,40,74,73,55,62,50,50,63,67,69,41,30,48,43,29,72,69,47,72,68,27,26,44,38,31,60,51,54,63,168,27,26,144,38,131,60,51,54,63
597,1211,3347,21,22,45,60,80,100,19,17,50,65,70,75,30,45,75,60,80,75,16,20,23,69,109,14,72,77,53,53,72,21,17,68,95,16,60,71,37,85,97,21,17,168,195,16,60,71,137,185,197,121
598,318,3312,60,62,73,77,82,78,55,65,55,65,25,20,60,60,30,30,20,20,10,10,70,84,82,75,74,21,69,38,26,12,75,76,99,83,58,22,74,28,17,6,175,176,99,183,158,22,74,128,117,106
599,322,3387,85,80,75,70,35,40,40,35,60,70,65,60,45,40,40,45,35,30,3,5,71,72,30,32,94,87,29,70,56,4,71,97,26,30,93,72,31,62,34,4,171,197,26,30,193,172,131,62,34,4
600,788,3005,22,23,75,74,37,42,31,28,13,12,86,80,71,85,7,9,90,85,20,21,26,69,56,23,11,72,100,11,82,24,26,87,34,19,10,97,83,7,82,25,126,87,34,119,110,197,83,107,82,125
601,572,3023,64,62,70,75,65,65,34,40,40,25,87,88,89,89,79,67,4,3,14,14,57,94,66,41,15,93,88,56,3,15,70,86,65,36,24,84,80,70,3,14,70,86,65,36,124,84,180,170,3,14
602,927,3372,3,3,25,25,45,49,20,17,65,65,13,13,35,35,40,39,5,8,50,52,3,23,49,17,62,13,39,39,7,51,2,19,42,15,66,12,35,41,6,46,2,119,42,115,66,12,35,141,6,146
603,694,3279,25,22,15,14,48,45,85,75,35,45,45,40,65,70,8,10,80,80,6,6,17,12,47,68,53,38,83,12,82,7,15,11,54,90,37,42,91,6,73,6,115,11,54,90,137,142,91,106,173,6
604,354,3379,48,47,2,3,38,35,51,61,62,61,77,83,34,39,43,43,4,3,89,94,46,3,25,80,61,88,41,43,2,109,48,2,30,65,46,80,36,38,2,100,48,2,130,165,46,180,36,38,102,100
605,519,3117,81,80,7,6,62,65,80,76,81,84,31,35,10,11,39,41,37,31,82,75,54,5,69,74,91,47,12,49,24,70,81,3,68,75,88,34,6,43,20,75,81,103,168,75,188,134,106,143,120,175
606,237,3242,11,9,82,84,84,82,53,51,31,31,26,26,78,76,59,61,17,19,68,66,7,88,67,48,32,26,54,66,20,56,6,87,81,55,32,17,79,65,18,70,6,187,181,155,132,117,179,65,18,170
607,704,3294,74,72,80,80,56,56,63,65,44,49,55,65,31,37,38,38,5,5,51,51,68,96,69,68,51,77,45,37,5,80,82,96,68,59,46,66,28,29,4,65,182,196,168,59,146,166,28,29,104,165
608,464,3443,36,36,24,24,78,84,80,78,70,71,12,10,18,18,40,36,80,79,78,67,32,23,90,71,69,7,18,29,77,56,30,17,77,71,74,9,15,31,77,54,30,17,177,171,74,109,15,131,77,154
609,748,3498,3,3,13,13,38,40,64,72,80,82,88,90,30,30,10,11,19,17,65,65,3,12,41,82,93,98,26,11,14,63,3,11,40,73,92,99,27,7,16,72,3,11,40,73,92,199,127,107,116,72
610,662,3120,12,12,55,50,39,40,48,53,76,73,24,27,38,39,33,38,79,82,16,15,12,48,42,61,65,27,39,41,87,15,6,55,40,50,88,29,35,36,93,14,106,155,140,50,88,129,35,36,93,14
611,313,3167,24,20,81,74,53,51,25,27,67,67,15,12,9,9,76,74,34,32,29,32,14,68,51,29,66,11,11,74,32,34,16,82,46,22,65,8,7,56,32,18,116,182,146,122,65,108,107,56,132,118
612,1285,3220,81,88,19,19,6,7,16,16,51,51,5,5,50,49,93,93,9,9,39,40,97,15,9,16,51,8,39,97,12,43,89,14,5,12,46,5,41,94,6,33,189,14,5,112,146,105,141,194,106,33
613,455,3460,31,28,26,25,50,50,60,65,2,2,65,58,1,1,53,60,59,62,80,75,26,17,51,72,2,56,1,64,68,54,27,15,46,60,1,54,1,45,59,79,127,115,146,60,101,154,1,145,59,179
614,663,3428,56,56,59,48,74,71,77,74,36,29,51,68,83,89,19,21,79,79,74,71,56,45,70,70,25,69,90,21,79,70,51,49,69,79,30,51,98,21,85,75,151,49,169,79,130,51,198,121,85,175
615,925,3021,24,21,63,65,12,10,23,25,40,40,26,19,57,55,31,34,29,33,72,72,21,70,11,28,38,15,53,43,45,77,21,69,7,25,42,24,61,38,28,77,121,169,107,25,142,124,61,38,28,77
616,502,3359,7,7,65,69,32,32,40,40,80,81,90,80,28,28,48,48,56,60,75,85,7,74,29,41,84,61,26,45,63,88,6,58,22,36,76,100,23,28,67,87,6,158,122,36,176,200,23,28,167,187
617,497,3123,29,21,23,22,8,9,75,70,69,60,38,41,82,80,5,6,79,85,80,76,14,21,10,53,51,40,72,8,109,61,16,22,13,85,74,39,97,10,100,100,116,22,13,185,174,139,197,10,100,200
618,1510,3191,32,36,80,81,2,2,8,8,85,78,66,66,43,39,85,85,14,14,91,93,49,82,3,8,68,80,38,65,12,109,32,86,2,10,82,65,38,78,11,95,32,186,2,10,182,165,138,178,11,195
619,684,3338,67,70,80,82,12,14,85,87,76,79,74,68,11,12,69,69,45,48,85,84,77,109,16,96,94,57,13,70,51,82,66,100,12,97,86,70,12,75,46,99,166,100,112,97,86,70,12,175,146,99
620,577,3262,14,12,86,90,30,30,50,50,68,68,37,35,78,78,40,45,90,90,95,95,7,98,34,70,63,32,91,53,82,97,9,99,18,62,72,30,88,37,99,89,109,199,118,62,72,30,188,137,99,189
621,591,3388,68,65,43,43,51,52,43,43,71,72,84,84,48,48,78,80,78,78,24,24,62,47,56,44,82,88,48,100,77,14,66,54,54,33,64,84,44,83,77,16,66,54,154,133,64,184,144,83,77,116
622,546,3419,80,80,75,75,68,66,35,38,25,26,21,21,1,1,36,38,75,75,6,8,61,51,63,43,26,23,1,49,77,12,91,74,72,33,23,17,1,43,77,6,191,174,72,33,23,17,1,143,77,106
623,389,3217,87,89,63,67,8,7,90,94,36,34,57,52,9,9,47,45,70,64,13,12,92,69,5,96,27,48,11,42,59,12,94,68,3,97,29,55,7,43,62,11,94,168,103,97,129,155,107,43,162,11
624,337,3393,7,11,6,6,82,88,34,31,85,79,43,43,50,55,60,75,60,68,85,87,12,5,96,29,79,42,64,77,78,97,6,4,97,31,85,43,45,71,59,89,106,104,97,131,85,43,145,71,159,189
625,554,3383,70,72,83,83,60,60,33,33,87,65,30,30,35,35,19,11,65,66,72,72,72,80,62,26,65,29,32,11,66,54,63,98,48,23,78,31,32,8,65,79,63,98,148,23,178,131,132,108,65,179
626,370,3226,40,50,80,80,75,85,60,58,50,48,10,15,70,75,60,55,75,80,75,62,70,96,93,58,48,16,78,53,82,56,53,95,92,57,55,12,59,61,73,70,53,95,92,157,155,112,159,61,173,170
627,611,3209,75,75,40,38,28,30,6,5,58,60,24,23,62,60,65,65,58,60,65,60,96,27,49,4,60,26,61,69,77,55,97,29,32,4,64,23,49,87,66,76,97,129,32,4,164,23,149,87,166,76
628,842,3486,19,19,60,80,60,60,28,30,65,65,32,35,44,55,57,50,35,38,45,48,18,99,56,37,59,41,69,47,49,56,15,90,70,29,62,27,68,54,32,51,15,190,170,29,162,27,168,54,32,151
629,539,3292,69,69,6,6,19,19,30,28,38,38,64,68,57,40,62,64,26,26,75,75,53,7,23,23,38,70,33,74,21,60,85,6,17,19,38,75,44,56,22,80,185,6,17,119,138,175,44,56,22,80
630,510,3160,56,45,56,65,76,56,65,46,45,34,34,54,43,34,9,5,44,46,34,33,70,88,84,14,18,46,24,3,52,38,79,80,76,11,15,48,20,2,67,42,79,180,176,111,15,48,120,2,67,142
631,530,3488,45,44,9,9,75,76,83,83,56,60,76,85,62,62,26,25,65,66,8,11,39,11,80,75,70,96,66,24,73,12,41,10,98,78,75,97,65,23,57,11,141,110,98,78,175,97,65,123,57,11
632,327,3287,31,28,7,11,67,72,8,10,45,46,32,36,50,55,65,67,62,66,26,29,23,12,98,12,70,38,62,69,66,29,19,8,99,6,62,28,52,74,65,22,119,8,199,106,62,128,152,74,65,122
633,579,3183,53,55,63,75,73,65,75,75,35,32,73,73,65,65,2,2,30,35,66,66,60,82,55,82,29,70,63,2,46,66,64,64,76,73,31,79,72,2,50,65,164,64,76,73,131,79,72,102,150,65
634,965,3112,78,60,13,13,47,50,18,20,80,85,48,50,24,27,35,32,45,45,63,60,61,15,69,25,96,70,29,27,46,54,91,14,68,19,95,53,22,29,45,69,191,14,168,19,95,53,122,129,45,69
635,618,3436,68,73,42,42,24,20,37,37,3,3,5,6,60,63,23,23,35,35,11,12,78,44,17,40,3,8,68,21,39,12,59,33,15,39,2,5,59,22,41,9,159,133,115,139,2,105,59,22,141,9
636,445,3396,46,60,36,39,27,28,42,45,38,41,40,31,72,72,51,66,54,51,79,74,69,41,30,48,43,29,72,69,47,72,68,27,26,44,38,31,60,51,54,63,168,27,26,144,38,131,60,51,54,63
637,777,3327,57,64,2,2,32,38,35,43,23,22,5,6,42,42,60,68,25,26,90,85,70,1,42,41,21,7,43,80,29,82,53,1,40,27,22,6,38,65,22,99,53,1,140,27,22,6,38,165,122,99
638,1664,3023,73,61,69,81,63,63,32,27,31,25,58,82,82,84,64,63,3,3,12,13,57,94,66,41,15,93,88,56,3,15,70,86,65,36,24,84,80,70,3,14,70,86,65,36,124,84,180,170,3,14
639,1625,3319,56,51,40,27,4,4,59,65,78,74,88,84,27,31,43,45,11,13,9,10,48,23,4,80,69,69,34,49,15,12,55,19,4,65,74,87,18,43,14,8,155,119,4,165,74,87,118,143,14,8
640,539,3021,27,24,67,66,7,9,25,26,53,39,15,15,68,56,34,41,35,42,82,79,21,70,11,28,38,15,53,43,45,77,21,69,7,25,42,24,61,38,28,77,121,169,107,25,142,124,61,38,28,77
641,1062,3127,3,4,53,60,81,84,12,14,33,31,69,68,64,68,89,75,70,65,26,34,4,70,90,16,24,68,72,68,62,37,4,62,77,12,20,59,63,90,52,29,4,62,177,112,120,59,63,90,152,29
642,480,3263,41,42,74,75,71,76,51,51,78,77,86,87,86,87,61,60,48,47,29,28,42,93,83,46,77,87,88,57,33,24,43,92,91,48,71,93,87,60,41,20,43,92,91,48,71,93,187,160,41,120
643,355,3136,68,63,62,62,71,77,80,80,30,28,44,42,68,66,75,78,44,44,42,38,57,63,87,64,24,39,54,82,42,28,70,72,72,89,25,37,81,86,43,21,70,72,172,89,125,37,81,186,43,21
644,825,3430,80,80,40,40,70,75,85,85,45,45,35,35,60,65,45,45,70,75,65,65,82,49,82,87,44,23,73,52,91,60,99,32,86,93,35,31,57,47,88,64,99,32,186,93,135,31,57,147,188,164
645,396,3178,12,12,80,77,72,73,88,86,82,82,31,27,45,47,69,59,3,2,90,89,13,74,70,87,82,23,46,52,2,82,12,75,68,93,82,19,48,67,1,99,12,75,68,93,82,119,48,67,101,99
646,483,3095,37,37,55,55,48,48,32,32,53,53,74,74,82,82,50,50,73,73,77,77,38,78,46,23,46,96,82,69,88,70,38,59,48,19,50,97,99,68,84,79,138,159,48,119,150,97,99,168,184,79
647,372,3406,81,81,35,40,6,10,91,91,10,10,52,52,8,8,37,38,90,85,27,28,77,42,12,88,11,80,7,41,75,45,71,43,8,87,8,65,7,40,78,28,71,43,8,187,108,165,7,40,78,28
648,617,3274,65,60,79,79,12,12,59,65,72,71,9,11,80,70,45,55,60,63,50,55,56,79,12,72,70,12,65,70,64,79,70,85,11,60,75,9,88,53,45,55,170,85,11,60,175,9,88,53,145,55
649,393,3292,76,76,8,8,21,21,29,29,42,41,81,81,45,45,58,64,24,24,77,77,53,7,23,23,38,70,33,74,21,60,85,6,17,19,38,75,44,56,22,80,185,6,17,119,138,175,44,56,22,80
650,634,3298,79,89,86,86,42,42,92,90,5,5,55,55,34,34,65,64,17,17,74,74,109,64,25,82,9,68,53,74,14,82,100,89,30,99,5,59,36,58,14,64,100,89,130,99,5,59,136,158,114,64
651,900,3161,75,77,35,36,48,55,69,62,65,62,60,60,67,65,52,53,75,72,47,59,80,38,61,60,54,55,93,89,68,64,98,42,46,80,79,76,84,61,90,45,98,142,46,80,179,76,84,161,90,145
652,632,3224,14,14,81,83,2,2,70,70,89,89,52,53,54,52,65,65,24,24,90,78,15,91,2,68,68,65,46,73,20,69,14,88,1,59,90,47,45,57,18,87,14,188,101,59,90,47,45,57,18,87
653,355,3445,70,73,24,18,32,50,82,86,78,72,85,75,70,70,80,88,6,10,82,85,72,15,56,88,70,68,72,96,11,88,63,24,34,84,75,90,96,97,7,87,63,124,34,184,175,90,96,97,107,187
654,481,3381,41,44,72,78,39,40,9,11,9,10,42,43,71,64,69,73,25,24,85,86,53,93,53,12,12,46,54,80,24,87,37,84,36,9,6,48,79,98,23,93,137,84,136,9,106,48,179,98,123,93
655,333,3164,8,8,72,80,90,90,88,88,84,84,38,38,43,47,33,33,27,30,6,6,10,82,82,79,54,25,52,32,31,5,13,64,99,85,79,30,47,30,24,3,13,64,99,85,179,130,147,30,24,103
656,653,3100,38,38,5,5,48,47,76,68,81,81,96,96,26,29,40,48,60,59,55,54,25,5,46,57,82,65,47,70,54,53,30,4,45,70,82,88,34,62,69,37,130,104,45,70,82,88,134,62,69,137
657,493,3428,52,55,48,45,75,70,84,75,42,45,40,48,90,90,22,22,87,87,82,82,56,45,70,70,25,69,90,21,79,70,51,49,69,79,30,51,98,21,85,75,151,49,169,79,130,51,198,121,85,175
658,442,3282,33,28,80,85,25,22,80,70,55,65,75,80,65,60,35,40,85,75,45,55,26,96,16,69,69,82,57,39,75,58,26,96,20,74,68,73,70,41,78,57,126,196,20,74,168,173,70,141,78,157
659,241,3443,31,30,23,23,66,67,70,70,75,72,12,8,16,16,38,34,75,75,60,58,32,23,90,71,69,7,18,29,77,56,30,17,77,71,74,9,15,31,77,54,30,17,177,171,74,109,15,131,77,154
660,348,3241,90,90,95,95,40,40,45,45,60,60,65,65,65,65,70,70,30,30,70,70,97,82,53,33,73,63,82,55,28,59,94,99,36,44,57,67,73,76,25,62,194,99,136,44,57,167,173,76,25,162
661,829,3164,12,10,74,77,93,89,91,89,77,74,49,33,33,44,34,33,24,27,4,4,10,82,82,79,54,25,52,32,31,5,13,64,99,85,79,30,47,30,24,3,13,64,99,85,179,130,147,30,24,103
662,342,3078,86,79,75,75,37,41,63,65,34,37,30,31,43,43,45,45,38,41,43,37,66,69,46,83,41,38,44,39,45,23,92,74,45,91,40,28,35,41,28,31,192,74,45,91,40,128,135,141,28,31
663,668,3097,70,75,25,25,35,40,15,15,18,18,70,70,55,55,22,22,6,7,75,75,98,21,52,26,23,66,46,17,8,69,99,22,47,17,17,65,50,15,5,74,199,22,147,117,17,65,150,115,105,74
664,804,3346,27,26,30,29,75,79,78,75,7,8,90,80,50,48,80,80,87,87,82,80,26,28,83,72,8,65,46,80,87,54,23,25,63,60,5,78,48,98,93,79,23,25,163,60,105,178,48,98,93,179
665,373,3061,70,70,35,40,88,80,93,95,55,65,10,10,50,60,15,20,60,75,85,70,70,41,72,97,72,11,70,25,79,54,69,40,96,94,60,7,53,19,56,79,169,40,96,194,60,107,53,19,156,179
666,993,3117,83,83,13,13,60,60,90,90,87,89,30,30,12,12,32,32,28,28,75,75,54,5,69,74,91,47,12,49,24,70,81,3,68,75,88,34,6,43,20,75,81,103,168,75,188,134,106,143,120,175
667,654,3386,48,46,53,50,7,8,75,70,49,38,57,67,76,78,13,13,11,9,89,86,39,45,9,51,29,68,94,12,8,80,37,49,5,74,31,59,86,11,10,98,37,49,5,174,131,59,86,11,10,98
668,701,3251,87,88,89,87,79,75,12,10,55,70,48,40,5,4,56,65,48,40,39,46,90,68,72,7,91,39,4,77,38,53,98,90,97,9,88,35,4,71,38,61,198,90,197,109,188,35,4,71,138,61
669,640,3067,20,23,46,46,70,73,32,32,35,35,42,42,76,79,28,28,90,88,48,47,41,40,87,23,27,41,99,26,66,43,27,39,72,19,29,36,90,26,92,38,27,139,172,119,129,36,190,126,192,38
670,354,3332,90,98,25,24,40,41,20,15,77,72,78,72,50,65,58,54,7,5,80,80,98,24,41,15,72,66,68,54,5,65,99,23,40,14,97,92,59,81,4,78,199,123,40,14,197,192,59,81,104,178
671,602,3391,80,80,85,85,45,45,35,35,50,50,70,70,60,60,19,19,5,5,15,15,88,96,72,53,56,65,94,42,8,21,87,96,63,36,52,78,86,40,5,21,187,196,63,136,52,178,86,140,105,121
672,670,3326,26,28,46,46,93,93,63,61,72,72,31,31,78,78,41,38,53,53,57,57,26,49,92,54,69,21,88,29,46,56,26,42,94,81,74,21,80,31,48,52,126,42,94,81,74,121,180,131,48,52
673,311,3185,17,12,44,60,55,50,32,31,82,90,94,70,55,55,7,3,5,5,68,68,10,65,45,30,99,64,53,2,5,69,13,47,49,26,90,89,61,2,4,87,13,47,49,26,190,89,61,102,104,87
674,1747,3004,61,60,16,21,56,62,73,66,59,60,75,75,66,80,65,77,33,49,4,5,80,21,62,56,60,71,87,77,49,5,65,21,48,70,64,71,72,71,32,4,165,121,148,170,164,171,172,71,32,104
675,426,3135,27,25,60,60,56,85,10,8,60,60,70,70,2,4,70,70,75,85,36,45,26,62,93,7,59,70,3,71,90,52,26,66,92,7,62,79,2,71,77,47,126,66,92,7,162,79,2,171,177,147
676,463,3492,37,39,16,16,16,17,22,22,24,24,80,77,48,38,67,68,84,83,30,31,47,17,20,23,28,68,25,72,71,32,54,13,18,19,25,90,30,63,71,32,54,113,18,119,25,90,130,63,171,132
677,1257,3278,82,75,62,58,65,80,28,33,46,59,34,30,67,71,61,66,54,65,72,75,65,51,109,37,83,25,93,82,74,82,78,74,95,29,63,30,84,73,56,82,178,174,195,29,163,130,84,173,56,82
678,384,3124,92,85,32,32,82,79,17,15,48,65,29,28,50,52,82,80,28,25,25,25,75,31,73,14,70,23,54,72,16,28,78,24,57,11,53,19,69,97,20,25,78,24,57,111,53,119,69,197,20,25
679,340,3390,76,67,37,39,42,43,50,54,13,14,79,77,36,42,3,2,81,81,25,29,64,46,46,72,15,72,61,1,82,43,89,50,48,63,14,97,50,1,99,33,89,150,48,63,14,197,50,1,99,33
680,682,3284,82,84,80,80,58,58,48,45,35,39,32,32,67,70,58,52,54,54,72,75,87,54,83,33,49,27,77,56,51,80,93,79,63,44,32,29,77,52,46,98,93,179,163,44,32,129,77,52,146,98
681,679,3169,68,68,70,68,24,22,25,25,30,32,55,50,52,55,15,15,12,12,70,65,68,62,20,14,47,48,76,12,10,55,82,66,18,16,34,55,58,11,13,76,182,66,18,116,134,155,58,11,13,76
682,425,3358,38,38,71,71,82,75,30,33,58,58,75,75,80,80,11,11,35,35,45,45,27,78,53,47,74,68,93,11,45,49,29,59,85,34,56,59,84,10,28,32,129,159,185,134,56,59,84,110,28,32
683,368,3087,64,59,43,44,60,65,12,12,14,15,10,11,71,74,88,90,64,45,28,25,60,64,83,12,16,11,78,94,38,23,64,45,63,9,12,10,59,93,42,19,164,145,163,9,112,110,159,193,142,119
684,490,3228,65,70,20,20,82,80,76,80,62,75,70,70,92,92,40,50,14,14,50,45,75,23,74,82,79,71,92,70,15,39,83,17,75,73,56,71,94,62,14,37,183,17,75,173,156,171,94,62,14,37
685,447,3127,2,3,42,45,75,75,11,11,32,30,65,65,62,65,88,85,60,60,28,34,4,70,90,16,24,68,72,68,62,37,4,62,77,12,20,59,63,90,52,29,4,62,177,112,120,59,63,90,152,29
686,468,3149,50,60,8,10,50,40,70,78,80,82,16,18,35,45,20,16,35,40,12,13,65,12,39,83,82,20,49,14,41,13,47,8,37,63,86,18,43,16,36,12,47,8,37,163,186,18,143,16,36,12
687,721,3447,35,35,57,57,80,80,37,35,8,8,85,84,10,10,60,60,13,13,7,7,28,90,73,25,11,82,8,74,12,9,25,77,57,30,7,82,10,58,11,5,25,177,57,130,107,82,10,158,11,5
688,634,3237,75,75,80,80,60,60,70,70,30,30,90,90,28,38,68,75,8,8,83,90,62,59,53,83,44,88,41,74,7,96,66,62,61,63,35,84,27,58,7,97,66,162,61,163,135,184,27,158,7,97
689,826,3410,27,31,27,24,24,26,32,28,73,76,19,24,70,65,73,73,79,88,43,45,31,24,28,26,82,28,53,61,98,46,24,20,25,27,82,21,85,100,99,48,24,120,25,127,82,21,185,200,199,48
690,706,3479,54,54,59,61,32,31,25,26,61,59,15,15,69,69,36,36,55,55,56,56,46,72,26,30,63,15,51,47,53,83,48,60,26,26,67,14,74,34,61,63,48,60,126,26,167,14,174,134,61,163
691,632,3347,16,19,42,63,89,95,15,14,66,71,70,70,40,50,76,66,80,73,22,21,23,69,109,14,72,77,53,53,72,21,17,68,95,16,60,71,37,85,97,21,17,168,195,16,60,71,137,185,197,121
692,591,3189,66,64,55,56,45,50,42,32,24,27,32,33,4,4,50,48,72,72,78,80,56,61,55,25,30,37,5,46,72,88,70,46,39,30,26,29,3,50,97,84,170,46,39,130,26,29,103,150,197,184
693,478,3322,45,50,85,88,80,83,92,80,20,19,79,85,23,22,31,35,25,24,35,28,61,93,87,65,17,93,21,45,24,24,50,84,72,78,13,92,21,28,25,20,50,84,172,178,113,92,121,28,125,120
694,670,3156,58,59,38,36,47,54,74,72,9,10,45,44,38,38,61,61,9,9,7,7,69,33,61,57,12,42,41,52,11,8,68,41,49,70,9,40,36,67,7,5,168,41,149,70,9,140,36,67,107,105
695,342,3165,80,85,12,10,65,68,60,63,45,46,10,11,85,84,45,50,85,80,38,40,97,8,70,66,47,12,82,70,75,41,94,10,75,65,54,11,99,53,78,40,194,10,175,65,54,11,99,53,78,40
696,505,3214,34,32,66,66,86,88,76,76,69,72,57,59,1,1,81,81,65,68,59,57,15,48,97,77,109,55,2,74,74,56,24,55,94,77,95,76,1,75,58,54,124,155,194,77,195,76,101,75,158,154
697,533,3074,39,39,72,62,60,69,56,52,75,75,35,39,37,39,82,82,56,51,53,60,38,57,76,51,74,41,44,79,48,63,38,70,58,46,58,27,35,85,44,72,138,70,58,146,158,27,135,85,144,72
698,602,3385,50,50,63,64,35,35,29,30,22,22,76,77,36,36,46,46,51,51,40,40,56,72,38,43,26,88,33,57,69,25,51,63,28,33,23,84,41,60,68,30,151,63,128,33,23,184,41,160,168,130
699,505,3399,42,42,77,89,93,93,53,53,44,43,85,75,23,23,78,83,86,86,61,65,43,99,82,80,41,65,25,88,54,77,33,90,99,65,40,78,19,80,79,71,33,190,99,165,40,178,19,180,179,71
700,725,3309,31,31,7,7,88,94,86,86,39,39,88,86,78,82,86,86,42,42,2,3,31,7,96,100,39,82,82,61,39,3,24,7,97,83,35,86,73,91,37,3,24,7,97,83,35,186,73,191,37,3
701,412,3305,62,62,55,65,24,35,89,85,69,71,82,70,87,87,75,75,35,39,35,38,60,79,49,77,74,62,87,75,44,45,64,55,32,77,56,66,72,83,35,28,164,55,32,77,56,66,172,183,135,28
702,465,3303,82,88,90,85,40,47,32,22,62,64,8,8,95,95,9,10,50,56,15,15,93,69,47,21,64,8,88,12,57,14,92,87,54,21,45,5,87,6,60,16,92,87,54,121,145,105,187,106,160,16
703,576,3095,45,43,62,68,54,54,39,34,50,48,76,85,92,90,51,60,73,82,78,72,38,78,46,23,46,96,82,69,88,70,38,59,48,19,50,97,99,68,84,79,138,159,48,119,150,97,99,168,184,79
704,417,3450,69,67,33,36,34,35,63,65,38,38,50,50,83,85,32,35,41,50,55,55,61,43,56,94,46,48,96,45,65,61,91,33,34,86,48,55,97,28,47,46,191,33,34,86,48,155,97,28,47,46
705,301,3374,27,28,37,38,47,49,45,50,38,36,75,76,34,34,84,84,57,59,45,47,56,41,61,64,23,82,30,96,79,65,34,40,46,45,31,86,26,97,55,47,34,40,46,145,31,186,26,97,55,47
706,545,3323,55,65,65,60,71,75,85,78,80,75,82,70,34,30,28,30,42,51,40,30,70,61,71,79,57,68,34,30,51,28,53,46,71,85,70,82,18,26,46,21,53,46,171,85,70,182,118,26,146,21
707,795,3166,5,5,37,38,2,2,45,44,60,62,30,27,35,35,45,44,25,20,45,60,7,48,2,47,72,24,39,42,16,72,6,44,1,54,63,25,53,43,20,60,6,144,101,54,63,125,153,43,20,60
708,857,3079,39,39,79,86,77,77,35,35,74,74,38,46,79,74,66,66,28,28,44,54,41,88,71,37,72,52,66,57,29,69,40,87,71,29,60,47,65,70,22,51,40,187,171,29,60,147,65,70,122,51
709,433,3424,18,22,48,60,75,78,25,25,8,9,82,73,15,15,52,48,5,9,75,68,26,79,82,24,11,69,14,46,12,63,23,55,86,20,7,87,14,48,8,67,23,55,186,120,107,87,114,48,8,167
710,272,3405,47,52,72,76,77,77,72,70,71,71,32,32,71,68,80,82,72,73,73,70,62,82,77,68,72,26,57,100,78,48,48,73,71,59,63,27,70,83,59,55,148,73,71,59,63,127,70,83,159,155
711,352,3118,60,60,55,53,20,12,80,95,16,15,30,17,8,7,55,60,70,70,20,16,59,51,12,96,14,17,7,63,69,16,62,46,6,95,11,15,6,72,87,20,162,146,106,95,111,115,6,72,87,20
712,334,3339,80,76,75,70,3,3,60,57,18,24,75,75,67,60,40,37,3,2,18,18,82,52,3,62,28,82,66,42,3,25,86,67,2,66,21,64,65,40,3,19,186,67,2,66,21,64,65,140,3,19
713,765,3007,82,77,38,41,70,70,84,81,61,55,48,55,37,28,58,69,8,9,68,63,79,49,74,87,56,61,23,83,12,57,85,32,75,93,70,49,31,63,6,70,85,32,75,93,170,149,31,163,106,70
714,911,3338,70,75,80,90,13,15,85,90,70,89,75,60,12,13,80,70,45,50,92,80,77,109,16,96,94,57,13,70,51,82,66,100,12,97,86,70,12,75,46,99,166,100,112,97,86,70,12,175,146,99
715,419,3017,35,37,83,83,51,51,53,53,84,84,23,23,36,36,31,31,37,37,66,66,41,65,53,70,91,23,43,41,23,89,40,88,61,53,88,17,33,36,31,61,40,88,61,53,188,17,33,36,31,161
716,767,3085,59,61,55,56,80,82,22,20,49,45,76,74,4,3,24,26,5,8,44,46,74,53,88,21,39,72,3,26,12,52,58,61,87,22,53,96,2,26,6,47,158,61,187,22,153,96,2,126,106,147
717,884,3345,77,99,94,96,47,55,34,30,67,69,55,53,80,88,42,42,96,92,61,68,109,99,64,29,69,51,93,41,65,80,95,90,45,22,74,46,92,40,78,65,195,190,145,122,74,146,92,40,178,165
718,295,3203,65,68,72,56,52,62,3,3,84,72,82,85,71,71,76,80,75,71,7,10,70,58,65,3,74,87,72,82,69,12,68,57,47,2,75,93,60,86,87,6,68,157,47,2,75,93,60,186,87,106
719,660,3101,45,43,62,58,10,11,48,53,78,85,17,18,81,88,41,38,14,12,52,50,46,56,12,57,98,17,93,25,11,53,48,52,8,60,99,13,84,30,10,37,48,52,8,160,199,113,84,130,110,137
720,626,3441,73,65,68,90,6,6,31,31,2,2,41,41,30,30,65,70,18,18,25,45,61,97,12,42,3,46,32,74,18,53,100,94,8,43,2,45,32,58,15,36,200,194,8,43,2,45,132,158,15,136
721,445,3072,82,81,79,79,67,67,73,75,41,41,8,8,68,68,77,77,15,15,47,47,92,109,82,93,52,7,83,88,18,56,94,100,73,92,47,6,63,84,15,54,94,100,173,92,147,6,163,184,15,154
722,773,3471,44,58,66,68,67,59,36,46,64,68,71,76,8,6,32,36,13,14,64,62,70,70,54,55,80,82,5,40,16,61,62,69,69,39,65,64,4,39,12,49,62,169,69,39,165,64,104,139,112,149
723,921,3412,60,55,70,72,67,62,45,43,55,57,33,30,3,3,44,44,22,22,67,57,62,88,70,45,72,17,2,48,25,57,66,80,79,49,63,15,1,44,19,70,66,180,79,49,63,115,101,144,19,70
724,488,3218,67,75,18,19,43,40,81,71,85,82,51,55,43,46,65,63,62,67,83,80,83,20,42,51,65,60,62,89,72,74,91,18,40,74,78,64,52,61,63,75,91,18,140,174,178,164,152,161,63,75
725,426,3160,71,70,76,81,76,82,16,15,13,16,41,44,28,26,4,4,55,54,51,42,70,88,84,14,18,46,24,3,52,38,79,80,76,11,15,48,20,2,67,42,79,180,176,111,15,48,120,2,67,142
726,662,3490,72,84,92,88,61,66,52,54,73,79,45,46,23,22,44,38,19,22,6,6,94,82,74,56,88,48,21,33,26,5,86,99,58,52,80,55,22,44,17,4,86,99,158,52,180,155,22,44,117,104
727,618,3183,58,61,70,76,64,59,76,79,33,31,79,74,65,64,4,3,47,45,68,66,60,82,55,82,29,70,63,2,46,66,64,64,76,73,31,79,72,2,50,65,164,64,76,73,131,79,72,102,150,65
728,449,3102,34,33,51,55,25,19,91,90,56,59,21,21,36,42,46,46,20,21,90,93,32,61,14,87,72,21,47,49,21,99,30,46,14,93,60,22,34,42,21,90,30,46,114,93,60,22,134,42,121,190
729,364,3406,63,75,41,41,9,12,82,85,14,12,49,51,8,7,45,42,89,85,25,37,77,42,12,88,11,80,7,41,75,45,71,43,8,87,8,65,7,40,78,28,71,43,8,187,108,165,7,40,78,28
730,440,3463,67,68,83,90,70,72,61,65,29,35,23,21,85,85,9,8,57,58,59,60,72,96,74,79,45,17,88,7,64,61,63,97,56,56,28,13,87,7,45,49,63,97,56,156,28,113,187,7,145,149
731,368,3109,31,32,45,50,84,80,29,25,80,75,75,70,80,85,10,12,85,90,65,65,38,70,72,21,70,61,97,12,96,63,28,53,96,21,75,91,89,9,95,72,128,53,96,121,175,191,189,9,95,72
732,298,3224,13,14,86,88,2,2,58,62,89,82,46,48,42,43,68,69,21,21,83,78,15,91,2,68,68,65,46,73,20,69,14,88,1,59,90,47,45,57,18,87,14,188,101,59,90,47,45,57,18,87
733,879,3433,70,85,3,3,40,35,45,50,77,77,63,70,82,82,5,7,90,81,15,15,100,3,26,53,77,79,83,9,51,16,83,2,27,37,77,55,91,5,74,12,83,2,127,137,77,55,91,5,174,112
734,475,3073,88,88,98,98,63,63,22,22,86,86,52,52,94,94,48,48,51,51,72,72,60,109,80,17,70,48,64,46,70,54,80,95,65,15,68,44,89,48,53,81,80,195,165,115,68,144,89,48,53,81
735,977,3461,69,75,29,28,45,49,2,2,20,36,44,44,80,80,78,75,83,83,40,40,82,26,65,2,41,33,66,60,74,38,64,27,47,1,27,44,92,80,75,38,64,127,47,101,27,44,192,80,75,138
736,612,3436,70,74,35,42,22,19,38,39,4,3,7,8,78,73,25,23,40,39,10,11,78,44,17,40,3,8,68,21,39,12,59,33,15,39,2,5,59,22,41,9,159,133,115,139,2,105,59,22,141,9
737,322,3247,33,30,75,80,80,80,40,50,80,85,65,70,85,80,2,2,50,50,50,45,29,87,79,56,100,89,74,3,51,39,31,72,85,34,83,61,75,3,46,37,131,172,85,34,83,161,75,3,146,37
738,710,3299,82,85,64,72,84,85,74,69,11,11,37,37,68,72,39,41,41,37,76,74,88,87,88,54,12,38,93,42,33,68,87,72,84,79,11,38,84,40,44,82,187,172,184,179,11,138,84,140,44,182
739,513,3126,85,92,35,38,64,68,2,3,24,17,34,33,8,7,92,92,39,43,80,76,98,42,78,3,17,33,7,68,55,57,99,43,59,2,15,41,7,90,39,70,199,43,159,2,115,41,7,90,39,70
740,311,3347,20,21,54,60,88,94,16,16,68,70,79,79,39,42,76,65,80,80,25,23,23,69,109,14,72,77,53,53,72,21,17,68,95,16,60,71,37,85,97,21,17,168,195,16,60,71,137,185,197,121
741,582,3020,32,27,46,47,83,80,61,59,12,12,79,85,9,8,13,13,67,70,31,38,23,49,68,56,11,97,7,15,83,53,19,42,90,51,10,94,7,14,63,36,119,42,90,151,110,194,7,14,163,136
742,615,3393,13,13,6,6,82,94,35,32,88,85,39,40,50,55,78,78,65,70,90,92,12,5,96,29,79,42,64,77,78,97,6,4,97,31,85,43,45,71,59,89,106,104,97,131,85,43,145,71,159,189
743,510,3136,74,73,68,68,72,78,83,81,33,31,41,41,72,73,78,79,45,43,39,37,57,63,87,64,24,39,54,82,42,28,70,72,72,89,25,37,81,86,43,21,70,72,172,89,125,37,81,186,43,21
744,582,3273,87,85,7,8,23,25,55,55,40,40,3,3,45,45,68,68,10,10,75,75,82,12,37,58,56,3,42,54,7,57,99,6,29,57,34,2,43,69,7,70,99,106,29,157,34,2,43,69,7,70
745,329,3112,70,65,14,14,50,60,25,25,70,80,50,50,24,24,32,30,30,35,55,55,61,15,69,25,96,70,29,27,46,54,91,14,68,19,95,53,22,29,45,69,191,14,168,19,95,53,122,129,45,69
746,655,3213,12,11,75,78,55,57,60,58,80,85,32,40,45,45,20,23,31,35,60,63,11,82,61,57,96,56,47,26,37,68,10,99,46,60,97,34,54,23,29,59,110,99,46,160,97,34,54,23,29,59
747,481,3108,43,43,50,50,58,60,85,85,89,90,47,47,53,55,57,57,49,49,79,79,39,45,61,80,109,47,61,58,48,79,41,49,46,98,95,54,49,57,44,85,141,49,46,98,195,54,149,157,144,85
748,648,3057,65,74,57,55,52,52,33,30,40,40,28,37,18,13,19,19,66,64,70,70,78,52,52,14,39,56,7,20,62,70,59,47,67,14,35,34,9,18,52,68,159,147,67,114,35,34,109,18,152,68
749,1127,3278,81,67,71,60,82,85,31,35,55,60,30,29,79,82,60,62,83,76,80,80,65,51,109,37,83,25,93,82,74,82,78,74,95,29,63,30,84,73,56,82,178,174,195,29,163,130,84,173,56,82
750,2397,3281,49,49,48,39,29,30,51,52,42,40,68,70,2,3,71,74,16,15,39,41,49,40,32,55,39,70,3,74,14,41,42,39,32,39,41,68,3,75,11,40,42,139,132,39,141,68,3,75,111,40
751,667,3201,70,60,5,5,80,65,30,33,56,46,60,60,72,62,35,40,80,85,50,55,61,5,51,40,39,56,54,55,109,79,46,3,74,39,53,51,81,39,100,55,46,103,174,139,153,151,81,39,100,55
752,819,3007,88,83,36,38,72,71,76,81,72,68,62,62,41,34,66,68,10,9,70,67,79,49,74,87,56,61,23,83,12,57,85,32,75,93,70,49,31,63,6,70,85,32,75,93,170,149,31,163,106,70
753,868,3492,45,45,25,25,19,19,24,24,28,28,81,76,37,37,47,56,71,71,31,31,47,17,20,23,28,68,25,72,71,32,54,13,18,19,25,90,30,63,71,32,54,113,18,119,25,90,130,63,171,132
754,451,3122,62,65,16,16,9,9,70,72,17,17,65,65,70,70,49,49,17,17,47,40,73,14,8,82,18,60,77,46,17,38,57,16,10,73,15,64,77,50,13,42,57,16,10,73,15,164,77,150,113,142
755,1072,3275,60,64,80,78,42,42,3,2,88,86,33,30,80,84,77,74,56,62,46,49,64,65,44,1,82,26,87,66,80,53,45,78,35,1,99,26,72,92,65,37,145,178,135,1,99,126,172,192,165,137
756,376,3465,64,63,58,59,73,70,24,28,35,40,80,80,70,75,40,40,25,26,90,85,62,61,59,31,49,60,89,43,29,79,52,50,62,24,32,80,61,33,22,85,152,50,162,24,32,80,161,33,122,85
757,857,3029,82,72,45,26,14,12,76,70,70,69,32,37,60,63,60,70,78,80,82,90,65,23,11,65,64,41,66,89,84,94,78,31,8,88,89,36,65,61,76,86,178,31,108,88,89,36,65,161,176,86
758,759,3393,6,12,5,5,86,89,43,30,88,82,39,40,48,59,70,75,61,74,95,95,12,5,96,29,79,42,64,77,78,97,6,4,97,31,85,43,45,71,59,89,106,104,97,131,85,43,145,71,159,189
759,763,3275,42,57,79,79,33,39,4,2,83,82,38,30,70,75,77,73,60,60,40,49,64,65,44,1,82,26,87,66,80,53,45,78,35,1,99,26,72,92,65,37,145,178,135,1,99,126,172,192,165,137
760,419,3344,35,42,75,75,65,65,38,40,50,48,48,55,70,70,28,30,50,55,65,62,52,77,54,45,48,70,69,31,79,59,47,71,69,28,55,62,87,24,55,62,147,71,69,28,155,62,87,24,55,162
761,354,3438,78,75,57,55,82,88,30,19,89,92,90,70,6,6,44,58,37,39,14,14,54,53,93,15,96,66,7,62,43,15,79,61,84,24,96,92,6,48,33,14,179,61,84,124,196,192,6,148,33,14
762,272,3349,40,45,35,35,27,27,72,62,40,55,25,30,37,37,57,57,7,10,15,15,49,33,26,56,65,32,42,57,12,15,42,41,27,52,47,30,43,60,9,14,42,41,127,52,47,30,43,160,9,14
763,552,3391,74,80,82,87,61,65,37,42,55,55,86,76,74,78,48,47,8,8,27,27,88,96,72,53,56,65,94,42,8,21,87,96,63,36,52,78,86,40,5,21,187,196,63,136,52,178,86,140,105,121
764,654,3326,35,30,45,47,85,90,65,60,62,70,22,22,62,80,30,30,40,45,50,52,26,49,92,54,69,21,88,29,46,56,26,42,94,81,74,21,80,31,48,52,126,42,94,81,74,121,180,131,48,52
765,1398,3166,10,7,50,48,4,2,50,47,70,72,25,24,50,39,45,42,25,16,70,72,7,48,2,47,72,24,39,42,16,72,6,44,1,54,63,25,53,43,20,60,6,144,101,54,63,125,153,43,20,60
766,332,3220,82,85,16,16,5,6,13,14,52,52,7,7,55,45,88,85,12,12,28,36,97,15,9,16,51,8,39,97,12,43,89,14,5,12,46,5,41,94,6,33,189,14,5,112,146,105,141,194,106,33
767,773,3236,60,60,56,55,78,80,35,34,10,9,88,88,3,4,43,43,62,65,1,1,62,62,98,28,7,87,5,45,72,1,52,48,99,21,9,93,3,28,63,1,152,148,199,21,109,93,103,28,63,1
768,434,3395,42,39,81,81,88,89,77,77,51,51,1,1,83,83,21,23,72,73,32,32,32,68,96,94,79,1,94,26,77,27,30,82,97,86,55,1,93,17,77,29,30,182,97,86,55,1,193,117,77,129
769,863,3137,54,61,27,25,20,17,46,49,3,3,15,21,23,19,57,50,12,11,23,24,72,30,14,61,3,34,16,54,14,28,63,26,16,46,2,18,20,69,11,21,63,26,116,46,2,118,20,69,111,21
770,879,3194,82,82,79,79,68,68,1,1,48,48,75,75,42,42,88,88,8,8,78,78,98,53,75,2,56,77,39,61,12,82,99,85,83,2,51,77,37,100,8,64,199,185,183,102,151,77,37,200,8,64
771,435,3481,32,26,7,8,62,65,32,32,81,77,35,32,49,52,95,98,42,42,30,33,16,8,76,32,57,21,61,109,41,43,20,5,58,32,70,21,46,95,40,38,20,105,58,132,70,121,46,195,40,38
772,970,3425,31,15,88,88,54,60,47,44,34,39,50,45,39,35,22,25,37,46,51,56,13,90,62,43,41,42,33,24,49,69,12,98,48,33,36,43,41,23,43,51,12,198,148,33,36,43,41,123,143,51
773,644,3151,11,11,59,69,87,87,19,21,45,40,78,73,92,92,55,59,26,31,36,40,11,79,87,26,25,69,64,62,37,42,10,55,93,23,30,74,89,48,29,43,110,55,93,23,130,74,89,148,29,43
774,718,3212,9,10,33,33,61,60,24,26,87,87,80,77,76,75,40,40,44,45,6,7,12,32,52,30,87,53,70,29,49,9,6,30,67,26,93,85,79,31,42,5,106,30,67,26,93,185,79,131,42,5
775,607,3098,56,57,36,35,43,39,27,26,6,6,79,85,65,75,35,34,40,32,59,59,80,29,33,26,5,94,82,32,23,60,65,31,44,27,3,86,73,32,19,64,165,131,44,127,103,86,173,132,119,164
776,592,3169,70,70,65,65,22,20,17,17,28,35,48,47,63,72,14,13,11,11,70,61,68,62,20,14,47,48,76,12,10,55,82,66,18,16,34,55,58,11,13,76,182,66,18,116,134,155,58,11,13,76
777,817,3259,77,77,70,70,59,59,92,92,41,41,50,50,5,5,52,48,46,46,3,3,75,60,62,97,70,69,5,39,64,3,83,80,66,94,62,51,3,37,45,3,183,80,66,194,62,51,103,37,145,3
778,392,3201,59,60,4,4,67,59,37,37,55,52,55,55,62,63,50,50,70,71,52,52,61,5,51,40,39,56,54,55,109,79,46,3,74,39,53,51,81,39,100,55,46,103,174,139,153,151,81,39,100,55
779,704,3387,85,90,85,90,30,25,35,37,80,85,70,77,35,37,40,47,30,37,7,5,71,72,30,32,94,87,29,70,56,4,71,97,26,30,93,72,31,62,34,4,171,197,26,30,193,172,131,62,34,4
780,274,3300,33,36,59,59,58,58,29,30,82,83,86,73,83,83,14,14,26,25,15,15,44,69,56,37,88,70,88,12,26,11,35,68,52,29,84,69,87,9,27,7,135,168,52,29,184,169,187,9,127,107
781,309,3233,12,12,26,24,65,65,28,27,75,74,55,48,55,54,65,70,72,70,90,95,12,21,79,28,75,42,49,83,68,97,6,21,55,25,83,40,42,91,59,89,106,121,55,25,183,140,42,91,59,189
782,631,3226,55,65,87,92,84,89,61,60,58,56,16,16,75,77,69,60,77,80,80,70,70,96,93,58,48,16,78,53,82,56,53,95,92,57,55,12,59,61,73,70,53,95,92,157,155,112,159,61,173,170
783,824,3346,26,26,32,30,62,65,58,65,6,6,80,80,46,46,85,82,82,85,84,78,26,28,83,72,8,65,46,80,87,54,23,25,63,60,5,78,48,98,93,79,23,25,163,60,105,178,48,98,93,179
784,763,3489,43,31,63,63,89,87,54,42,2,3,86,78,39,44,90,90,79,6,52,59,25,61,64,39,3,54,55,94,61,62,30,46,89,37,3,79,39,93,91,48,130,46,89,37,3,179,39,193,191,148
785,682,3302,63,59,44,44,9,8,10,9,54,58,67,62,89,89,72,68,26,25,73,78,53,46,7,7,69,54,82,62,23,83,61,45,7,9,51,69,99,66,19,63,61,45,7,109,51,69,99,66,119,163
786,439,3495,44,42,30,24,65,65,74,72,56,54,11,12,87,90,62,62,85,82,41,50,41,21,65,70,51,12,92,61,82,56,36,21,47,69,46,11,94,50,99,34,36,121,47,169,146,11,94,50,99,34
787,801,3284,85,85,80,75,68,68,48,45,38,39,30,30,76,76,55,55,50,50,90,88,87,54,83,33,49,27,77,56,51,80,93,79,63,44,32,29,77,52,46,98,93,179,163,44,32,129,77,52,146,98
788,980,3289,46,42,86,89,76,67,32,44,12,14,82,76,88,83,56,63,17,17,89,89,41,109,51,44,16,72,80,79,14,91,40,95,74,35,12,96,98,56,16,88,40,195,174,135,112,96,98,156,16,188
789,570,3126,78,82,43,43,62,62,3,3,13,15,34,34,6,6,82,82,44,44,73,73,98,42,78,3,17,33,7,68,55,57,99,43,59,2,15,41,7,90,39,70,199,43,159,2,115,41,7,90,39,70
790,617,3307,34,35,2,2,75,78,76,74,46,52,60,62,78,78,34,36,74,76,33,34,38,2,93,54,62,74,88,41,84,42,28,1,92,79,52,56,84,40,76,40,128,101,92,179,152,56,184,40,176,140
791,480,3052,37,41,58,63,27,27,67,63,32,27,81,76,42,42,83,92,37,45,53,53,43,77,29,55,24,70,42,97,49,53,33,66,22,76,23,79,43,89,32,61,33,166,122,76,123,79,43,189,32,61
792,511,3039,50,60,30,28,30,28,35,38,65,60,45,40,38,42,65,65,75,75,85,90,79,30,31,49,51,46,56,62,60,109,55,26,24,32,46,45,34,52,80,95,55,26,24,32,146,45,34,152,80,195
793,470,3104,27,36,70,65,25,32,55,62,30,25,15,16,82,90,10,9,24,25,90,75,44,54,38,69,23,17,98,7,25,61,33,81,28,68,19,13,99,9,19,100,133,81,128,168,119,113,199,109,19,200
794,837,3255,54,54,76,86,10,10,13,12,84,83,47,39,47,72,35,34,69,64,21,21,56,93,11,11,82,33,78,32,57,21,52,84,7,8,99,44,59,30,70,22,52,84,107,108,99,44,159,30,70,22
795,789,3307,23,23,2,2,77,77,83,83,65,64,69,69,87,87,41,41,85,84,42,42,38,2,93,54,62,74,88,41,84,42,28,1,92,79,52,56,84,40,76,40,128,101,92,179,152,56,184,40,176,140
796,629,3127,3,3,42,50,68,70,13,14,36,30,69,69,68,70,88,88,43,48,31,32,4,70,90,16,24,68,72,68,62,37,4,62,77,12,20,59,63,90,52,29,4,62,177,112,120,59,63,90,152,29
797,400,3452,33,33,68,68,17,15,67,72,26,29,46,41,40,40,29,31,60,56,57,51,15,69,14,82,41,25,53,45,53,45,24,87,11,64,27,30,37,28,61,49,124,87,111,64,27,130,137,28,61,49
798,826,3465,48,52,55,55,67,65,32,32,39,39,75,78,71,71,34,35,25,26,83,83,62,61,59,31,49,60,89,43,29,79,52,50,62,24,32,80,61,33,22,85,152,50,162,24,32,80,161,33,122,85
799,750,3444,55,65,50,45,49,47,40,35,20,20,20,20,72,65,40,38,46,46,7,7,72,41,47,28,20,17,39,29,38,7,60,40,54,25,18,15,53,31,42,7,60,40,54,25,18,115,153,131,142,7
800,273,3373,65,68,59,50,3,1,45,65,60,68,75,79,5,4,80,80,85,89,35,25,70,47,1,79,80,82,4,94,97,23,68,54,1,56,65,73,4,86,89,31,68,54,1,156,165,73,4,86,189,31
801,405,3242,6,7,79,81,78,70,54,50,29,30,18,21,75,68,58,63,17,19,65,59,7,88,67,48,32,26,54,66,20,56,6,87,81,55,32,17,79,65,18,70,6,187,181,155,132,117,179,65,18,170
802,599,3333,65,56,75,90,35,40,40,45,40,42,30,30,30,26,28,21,65,70,30,35,56,100,45,48,42,30,26,21,72,37,70,83,28,44,40,26,26,21,63,29,170,83,28,144,140,26,126,121,63,29
803,405,3217,80,90,60,65,5,5,85,90,35,30,50,50,12,12,50,45,70,62,10,12,92,69,5,96,27,48,11,42,59,12,94,68,3,97,29,55,7,43,62,11,94,168,103,97,129,155,107,43,162,11
804,397,3157,88,88,15,15,52,52,79,80,3,3,5,5,47,47,35,40,53,53,57,57,87,17,54,88,3,5,56,64,51,70,93,13,69,87,2,3,54,45,46,53,93,113,69,187,2,103,154,145,146,53
805,421,3114,95,95,13,13,51,53,26,26,79,67,45,51,25,38,78,79,83,75,40,37,92,11,56,24,61,65,41,82,70,32,94,10,52,20,91,47,27,86,79,30,94,110,52,120,191,47,27,186,79,30
806,1491,3377,85,85,60,60,25,20,65,65,16,15,50,48,65,67,45,47,68,65,35,35,96,58,14,52,14,47,69,49,59,26,97,57,14,67,16,54,74,42,62,27,97,157,114,67,16,54,74,42,162,127
807,270,3322,58,58,84,84,76,76,92,92,16,16,79,79,33,33,35,36,32,32,28,28,61,93,87,65,17,93,21,45,24,24,50,84,72,78,13,92,21,28,25,20,50,84,172,178,113,92,121,28,125,120
808,513,3053,38,45,45,43,3,2,67,72,16,13,71,65,26,23,14,10,73,66,10,8,53,46,3,82,14,56,26,11,51,8,36,45,2,73,14,70,27,8,74,10,136,45,2,173,114,170,127,108,174,10
809,804,3254,73,74,41,43,56,57,68,68,9,8,50,50,69,68,6,6,5,5,8,10,82,52,62,63,7,49,70,7,7,12,73,47,48,67,9,43,69,7,6,8,73,147,148,167,109,143,169,7,6,8
810,1358,3114,75,95,10,11,53,55,37,29,85,75,47,60,45,40,87,85,75,75,35,33,92,11,56,24,61,65,41,82,70,32,94,10,52,20,91,47,27,86,79,30,94,110,52,120,191,47,27,186,79,30
811,813,3277,88,88,22,23,48,48,74,79,83,89,34,37,66,74,26,26,66,64,74,71,82,25,48,88,96,42,88,27,57,61,99,19,55,84,97,43,80,29,70,100,99,19,155,184,97,43,180,129,70,200
812,227,3236,56,56,44,44,79,79,28,29,14,14,85,85,7,7,32,32,52,59,2,1,62,62,98,28,7,87,5,45,72,1,52,48,99,21,9,93,3,28,63,1,152,148,199,21,109,93,103,28,63,1
813,524,3263,45,45,80,85,70,75,47,47,65,70,90,90,80,85,45,50,35,35,31,28,42,93,83,46,77,87,88,57,33,24,43,92,91,48,71,93,87,60,41,20,43,92,91,48,71,93,187,160,41,120
814,486,3298,83,90,93,85,47,43,91,89,4,6,59,62,44,46,57,60,16,15,79,80,109,64,25,82,9,68,53,74,14,82,100,89,30,99,5,59,36,58,14,64,100,89,130,99,5,59,136,158,114,64
815,732,3485,76,78,77,78,56,51,19,21,44,51,32,30,76,72,9,9,28,31,6,6,82,87,39,23,53,28,70,8,32,5,86,72,53,17,36,21,75,10,32,3,186,172,153,17,136,21,175,10,132,103
816,1083,3114,95,93,12,12,55,56,30,28,92,85,54,58,21,25,84,84,81,76,42,40,92,11,56,24,61,65,41,82,70,32,94,10,52,20,91,47,27,86,79,30,94,110,52,120,191,47,27,186,79,30
817,543,3495,43,42,25,22,50,55,68,68,53,52,11,12,89,92,49,55,84,84,35,43,41,21,65,70,51,12,92,61,82,56,36,21,47,69,46,11,94,50,99,34,36,121,47,169,146,11,94,50,99,34
818,681,3131,65,75,60,70,6,6,40,40,29,25,35,36,50,45,50,40,80,75,90,90,94,77,7,43,24,38,38,32,66,72,86,66,7,38,25,28,42,32,65,97,86,166,7,38,125,128,142,132,65,197
819,1073,3466,79,75,31,29,3,3,75,70,22,22,55,55,84,90,9,9,34,34,26,19,60,23,3,65,21,56,109,8,32,14,80,31,3,78,21,52,100,10,32,16,80,31,3,178,121,52,100,10,132,116
820,403,3195,78,75,50,57,80,80,65,67,35,33,90,90,58,61,84,80,60,61,33,32,73,76,60,74,26,92,80,54,61,31,57,58,80,58,27,94,65,79,46,24,57,58,80,158,127,94,165,179,46,24
821,509,3314,5,5,75,77,32,30,82,80,80,80,80,85,7,7,19,20,3,3,32,37,5,93,23,72,54,99,8,26,3,53,3,92,19,97,79,90,5,17,3,36,103,92,119,197,179,190,105,117,3,136
822,451,3236,77,75,60,60,77,82,32,30,17,16,83,85,6,6,33,35,64,66,2,2,62,62,98,28,7,87,5,45,72,1,52,48,99,21,9,93,3,28,63,1,152,148,199,21,109,93,103,28,63,1
823,692,3100,47,35,6,6,47,47,71,65,66,72,80,75,32,40,40,45,66,56,56,54,25,5,46,57,82,65,47,70,54,53,30,4,45,70,82,88,34,62,69,37,130,104,45,70,82,88,134,62,69,137
824,593,3167,25,20,82,78,61,59,26,26,65,65,14,13,7,8,67,70,36,35,26,27,14,68,51,29,66,11,11,74,32,34,16,82,46,22,65,8,7,56,32,18,116,182,146,122,65,108,107,56,132,118
825,241,3341,50,50,46,46,76,79,18,19,65,65,45,48,88,95,28,27,25,25,68,68,62,62,96,20,66,56,109,25,24,77,52,48,97,18,65,52,95,30,23,77,152,148,97,18,65,52,195,130,123,77
826,854,3018,65,62,30,23,60,61,35,30,72,71,31,35,53,57,1,2,27,38,17,20,56,21,63,26,70,38,60,2,47,23,70,21,72,26,69,38,64,1,34,17,170,121,72,126,169,138,164,101,134,17
827,436,3498,2,3,12,12,48,45,76,78,85,87,95,96,36,35,7,10,18,17,76,74,3,12,41,82,93,98,26,11,14,63,3,11,40,73,92,99,27,7,16,72,3,11,40,73,92,199,127,107,116,72
828,486,3389,53,60,13,12,65,62,81,81,2,2,44,37,85,88,27,27,24,24,7,7,77,11,60,79,3,25,96,26,25,7,66,8,64,85,2,30,97,27,19,7,166,108,164,85,2,130,97,127,19,7
829,386,3130,76,74,36,39,65,67,68,75,67,74,86,82,61,71,71,76,43,45,75,67,72,44,68,90,74,80,89,82,53,62,97,35,59,77,58,98,61,64,36,66,197,135,59,177,158,98,161,64,136,66
830,1036,3101,45,45,62,60,10,11,60,60,100,100,15,16,81,85,47,38,13,13,50,50,46,56,12,57,98,17,93,25,11,53,48,52,8,60,99,13,84,30,10,37,48,52,8,160,199,113,84,130,110,137
831,844,3474,6,9,40,40,84,92,76,76,51,51,62,62,98,98,68,62,5,4,75,82,11,43,96,72,56,38,97,39,3,82,7,33,95,60,34,42,89,37,2,73,107,33,95,60,34,142,189,37,2,73
832,396,3218,68,78,22,21,48,46,78,78,83,83,51,57,50,56,70,70,72,72,80,80,83,20,42,51,65,60,62,89,72,74,91,18,40,74,78,64,52,61,63,75,91,18,140,174,178,164,152,161,63,75
833,534,3478,39,47,6,6,53,57,77,73,15,16,32,32,83,96,59,62,28,27,69,73,53,5,61,67,18,30,109,79,24,83,37,4,49,81,15,26,95,56,23,63,137,104,149,181,15,26,195,156,123,163
834,270,3136,72,65,68,65,77,78,78,68,32,29,45,45,71,71,82,82,48,45,38,38,57,63,87,64,24,39,54,82,42,28,70,72,72,89,25,37,81,86,43,21,70,72,172,89,125,37,81,186,43,21
835,1183,3105,11,11,60,60,31,50,72,72,40,38,80,70,75,75,24,24,19,19,13,13,12,58,53,100,38,68,87,27,29,13,11,57,36,83,38,82,72,29,22,12,11,157,136,83,138,182,172,129,122,12
836,424,3357,63,67,83,85,53,55,8,7,74,72,34,32,60,65,46,49,45,43,63,63,70,109,79,7,51,29,69,55,33,88,69,100,56,6,74,31,74,39,44,80,169,100,156,6,174,131,74,39,44,180
837,1094,3402,80,76,54,54,50,50,47,49,50,50,52,60,50,50,30,30,84,92,25,23,72,56,48,51,55,65,49,28,97,21,97,52,55,46,39,47,42,21,94,22,197,52,155,146,39,47,42,21,194,22
838,391,3189,58,57,53,55,44,48,39,35,23,26,33,35,4,4,50,50,75,73,75,83,56,61,55,25,30,37,5,46,72,88,70,46,39,30,26,29,3,50,97,84,170,46,39,130,26,29,103,150,197,184
839,396,3054,65,67,6,6,63,63,75,79,69,75,81,81,10,11,85,87,70,68,74,77,70,7,63,84,82,82,13,94,66,83,69,6,67,76,64,86,12,93,65,91,169,6,167,176,64,186,12,193,65,91
840,488,3043,4,4,44,42,87,87,85,88,46,52,38,42,38,42,89,90,78,81,21,29,3,41,87,96,56,53,46,97,88,31,3,40,93,97,70,37,50,89,80,24,3,40,93,97,170,137,150,189,180,24
841,272,3257,65,75,45,43,43,21,65,65,65,75,65,65,65,97,12,12,65,90,21,24,75,43,17,53,70,56,97,12,109,24,83,38,15,61,79,70,94,9,100,20,183,38,115,61,79,170,194,9,100,120
842,530,3365,7,7,85,87,27,44,80,78,56,69,90,95,25,23,35,35,80,92,18,16,7,88,47,66,78,97,21,34,100,14,9,84,34,92,59,89,21,18,83,16,109,184,134,192,159,189,121,118,83,116
843,626,3088,70,60,75,75,40,40,46,45,62,66,9,9,12,14,84,80,18,17,78,80,51,75,39,39,75,8,16,72,14,84,74,78,41,53,83,10,12,97,16,76,174,78,141,153,183,10,112,197,116,176
844,339,3056,20,20,15,15,60,60,17,17,30,30,45,45,34,34,40,40,40,40,15,15,20,12,68,16,45,51,43,39,23,14,18,11,59,12,28,46,38,37,31,16,18,11,59,112,28,146,38,37,31,16
845,897,3225,32,27,6,12,74,68,22,22,32,43,72,72,81,81,64,64,56,56,76,72,15,12,53,23,56,69,109,56,56,61,24,6,85,19,34,74,100,54,51,100,124,106,185,119,34,74,100,154,151,200
846,1124,3288,29,27,23,20,24,45,23,22,13,12,85,57,27,43,65,54,89,87,65,67,26,16,53,24,14,51,39,46,68,63,27,20,36,23,16,74,41,50,82,72,127,20,136,123,16,174,141,150,182,72
847,1615,3082,52,55,56,52,70,71,89,87,40,40,50,40,56,57,49,55,20,15,90,84,70,45,80,82,41,33,63,69,14,64,62,49,65,99,36,44,72,51,14,89,62,49,165,99,36,44,72,51,114,89
848,303,3361,20,18,88,88,37,37,68,68,6,6,85,85,78,78,4,4,38,38,33,33,14,79,61,69,10,75,84,5,39,38,14,85,50,87,13,78,76,4,41,38,114,85,50,87,13,78,176,104,141,138
849,719,3036,85,96,12,10,35,21,42,45,33,33,32,32,68,69,25,25,99,95,75,72,109,7,15,53,56,45,72,24,82,68,100,9,24,36,34,28,63,25,99,82,100,109,124,136,34,28,63,125,99,182
850,561,3373,65,67,47,47,1,1,64,67,67,67,72,75,3,4,79,82,82,85,34,34,70,47,1,79,80,82,4,94,97,23,68,54,1,56,65,73,4,86,89,31,68,54,1,156,165,73,4,86,189,31
851,313,3412,72,66,62,68,71,71,43,43,63,68,31,24,3,2,43,45,22,22,71,66,62,88,70,45,72,17,2,48,25,57,66,80,79,49,63,15,1,44,19,70,66,180,79,49,63,115,101,144,19,70
852,977,3370,40,43,54,54,30,29,7,7,81,82,47,49,51,51,45,50,69,68,22,22,53,57,26,8,88,53,51,61,70,24,36,60,26,5,80,37,46,50,69,25,136,160,126,105,180,137,146,50,169,125
853,387,3048,52,55,7,5,20,16,20,22,30,28,36,35,60,84,75,70,70,83,30,45,60,4,14,25,28,33,93,70,88,49,64,4,16,19,21,41,92,79,87,43,164,4,116,19,21,41,92,79,187,143
854,329,3133,3,3,58,60,27,38,10,10,60,60,67,71,90,86,24,26,89,95,70,60,3,63,45,11,61,74,87,29,98,57,3,67,28,10,49,56,93,22,99,70,3,167,28,110,149,56,93,122,199,70
855,440,3359,7,7,81,77,23,24,32,37,87,87,91,79,29,25,41,42,71,67,92,89,7,74,29,41,84,61,26,45,63,88,6,58,22,36,76,100,23,28,67,87,6,158,122,36,176,200,23,28,167,187
856,527,3148,32,29,34,35,49,53,50,55,60,60,12,12,7,7,80,75,55,56,6,8,21,45,70,80,63,11,11,61,60,12,22,28,62,65,72,10,7,100,64,6,22,28,62,165,72,110,107,200,164,106
857,547,3167,25,25,82,82,53,53,22,25,73,73,12,12,7,7,67,67,37,37,35,35,14,68,51,29,66,11,11,74,32,34,16,82,46,22,65,8,7,56,32,18,116,182,146,122,65,108,107,56,132,118
858,677,3109,35,35,50,60,75,75,30,25,60,60,75,60,80,90,10,11,65,90,60,60,38,70,72,21,70,61,97,12,96,63,28,53,96,21,75,91,89,9,95,72,128,53,96,121,175,191,189,9,95,72
859,448,3429,81,70,33,37,6,5,42,55,45,50,44,44,33,38,85,75,90,95,28,30,65,40,5,78,70,46,49,64,97,28,78,39,3,59,53,50,43,89,94,25,178,139,103,159,53,150,143,89,194,25
860,367,3038,72,76,70,70,55,58,82,82,78,78,50,54,38,38,42,42,75,78,92,92,82,63,61,109,61,61,41,44,90,96,64,67,49,100,100,46,36,33,77,97,64,167,149,100,200,46,36,133,177,97
861,458,3395,26,29,70,70,82,88,76,83,42,46,3,3,78,78,18,21,72,73,34,32,32,68,96,94,79,1,94,26,77,27,30,82,97,86,55,1,93,17,77,29,30,182,97,86,55,1,193,117,77,129
862,846,3126,75,90,45,45,55,65,2,2,17,17,35,35,10,8,90,80,48,50,72,65,98,42,78,3,17,33,7,68,55,57,99,43,59,2,15,41,7,90,39,70,199,43,159,2,115,41,7,90,39,70
863,354,3279,23,20,17,16,35,45,89,70,45,47,50,45,70,75,12,12,63,75,8,8,17,12,47,68,53,38,83,12,82,7,15,11,54,90,37,42,91,6,73,6,115,11,54,90,137,142,91,106,173,6
864,308,3439,41,40,25,40,24,27,48,47,82,84,87,87,62,68,8,10,86,84,11,11,39,44,34,45,99,98,74,12,74,14,41,35,18,49,90,99,58,6,75,14,141,135,118,49,190,199,158,106,75,114
865,422,3413,64,77,43,44,39,39,65,68,48,42,62,64,73,72,24,25,76,76,72,72,83,46,39,74,38,79,70,26,71,70,63,50,35,58,42,55,69,17,71,68,163,150,35,158,142,55,169,117,171,68
866,626,3079,40,40,75,82,72,72,30,34,72,72,53,53,66,66,83,77,21,23,56,57,41,88,71,37,72,52,66,57,29,69,40,87,71,29,60,47,65,70,22,51,40,187,171,29,60,147,65,70,122,51
867,400,3091,25,39,69,74,29,30,80,65,80,80,42,42,16,15,68,57,67,67,81,90,41,78,32,57,82,41,14,53,68,100,27,59,32,70,86,36,16,85,59,83,27,159,132,70,186,36,16,185,59,83
868,788,3489,33,34,60,60,74,74,48,44,3,3,78,62,50,50,75,79,80,75,54,58,25,61,64,39,3,54,55,94,61,62,30,46,89,37,3,79,39,93,91,48,130,46,89,37,3,179,39,193,191,148
869,590,3117,65,61,4,5,47,55,67,70,70,80,35,40,9,11,39,43,28,26,72,70,54,5,69,74,91,47,12,49,24,70,81,3,68,75,88,34,6,43,20,75,81,103,168,75,188,134,106,143,120,175
870,495,3268,40,45,16,16,12,12,83,85,28,36,50,52,65,59,26,26,13,9,39,39,57,15,11,88,44,56,54,29,7,39,60,14,7,87,35,52,81,22,9,37,160,14,107,187,135,52,81,122,109,37
871,671,3308,57,60,65,65,57,55,36,40,1,1,15,15,75,75,68,65,50,50,65,70,79,68,53,65,1,14,82,51,58,93,56,59,61,47,1,16,86,74,57,92,156,59,61,47,1,116,186,174,157,92
872,902,3159,36,38,48,45,72,78,15,13,37,35,9,8,10,11,73,71,7,7,69,71,41,43,83,7,28,7,12,54,7,66,27,38,63,9,25,6,9,81,7,65,27,38,163,109,25,6,9,81,7,65
873,380,3385,43,51,56,62,35,35,34,38,27,27,83,83,43,41,45,49,51,57,49,45,56,72,38,43,26,88,33,57,69,25,51,63,28,33,23,84,41,60,68,30,151,63,128,33,23,184,41,160,168,130
874,319,3245,40,45,6,7,65,55,50,55,80,75,25,25,85,80,35,40,50,55,75,80,49,9,52,61,68,29,66,45,70,91,42,5,67,50,90,22,92,28,62,88,42,5,67,50,90,122,192,28,62,188
875,947,3255,52,56,78,85,10,10,14,13,90,86,45,40,50,64,35,34,73,65,27,24,56,93,11,11,82,33,78,32,57,21,52,84,7,8,99,44,59,30,70,22,52,84,107,108,99,44,159,30,70,22
876,410,3113,85,88,80,80,60,60,53,55,28,28,52,52,8,9,65,65,60,60,85,85,96,54,54,65,15,57,11,63,69,88,95,79,81,47,24,60,7,67,68,84,95,179,81,47,124,160,107,167,168,184
877,704,3475,50,44,38,30,68,60,10,12,88,85,30,28,65,75,70,65,11,10,28,25,42,29,62,13,87,23,80,56,11,27,40,31,52,12,93,31,65,70,8,29,140,131,152,12,93,31,165,170,108,129
878,728,3088,76,70,84,80,43,42,44,44,64,70,7,8,11,12,84,84,21,20,83,84,51,75,39,39,75,8,16,72,14,84,74,78,41,53,83,10,12,97,16,76,174,78,141,153,183,10,112,197,116,176
879,554,3495,40,40,24,24,50,55,70,70,50,50,13,13,90,90,53,53,86,84,32,40,41,21,65,70,51,12,92,61,82,56,36,21,47,69,46,11,94,50,99,34,36,121,47,169,146,11,94,50,99,34
880,624,3287,20,21,9,10,78,80,10,11,50,56,32,35,62,62,72,71,66,66,18,22,23,12,98,12,70,38,62,69,66,29,19,8,99,6,62,28,52,74,65,22,119,8,199,106,62,128,152,74,65,122
881,849,3496,78,70,53,55,25,30,80,60,55,55,65,82,2,2,75,78,45,40,90,85,64,62,34,51,54,98,2,82,39,79,89,48,18,74,69,99,1,86,35,85,89,148,118,174,69,199,101,186,35,85
882,1871,3138,83,79,42,42,9,8,46,47,80,85,34,38,92,88,11,13,56,59,57,59,68,41,7,48,99,47,65,16,79,70,82,40,6,55,90,34,88,12,56,68,182,40,6,155,190,134,88,112,156,68
883,604,3021,16,18,66,68,13,12,24,25,42,40,33,26,56,56,31,34,29,31,75,76,21,70,11,28,38,15,53,43,45,77,21,69,7,25,42,24,61,38,28,77,121,169,107,25,142,124,61,38,28,77
884,586,3169,77,73,68,67,27,23,30,19,32,41,63,52,66,72,10,12,9,10,81,75,68,62,20,14,47,48,76,12,10,55,82,66,18,16,34,55,58,11,13,76,182,66,18,116,134,155,58,11,13,76
885,304,3222,88,85,34,38,43,40,35,45,90,95,71,65,43,43,54,55,13,10,65,65,82,47,38,53,109,59,43,56,7,69,99,34,28,36,95,62,33,54,9,74,99,134,128,136,195,162,33,154,109,74
886,674,3282,28,27,85,90,30,20,70,70,40,65,80,80,75,60,25,35,90,80,50,55,26,96,16,69,69,82,57,39,75,58,26,96,20,74,68,73,70,41,78,57,126,196,20,74,168,173,70,141,78,157
887,776,3151,10,10,63,68,92,90,28,28,53,35,70,70,92,90,63,63,34,35,46,45,11,79,87,26,25,69,64,62,37,42,10,55,93,23,30,74,89,48,29,43,110,55,93,23,130,74,89,148,29,43
888,881,3022,19,11,27,24,29,44,72,65,42,29,35,41,74,65,74,85,8,7,29,32,11,24,44,65,23,41,53,87,5,34,8,25,35,88,31,36,85,93,3,18,108,125,135,88,31,36,185,93,103,118
889,482,3002,65,62,7,10,40,45,70,89,79,80,47,65,85,88,50,47,55,56,30,28,58,12,49,94,82,79,91,47,57,23,57,6,42,93,82,55,88,54,60,31,157,106,42,193,82,55,188,54,160,31
890,376,3018,65,60,25,22,58,59,30,30,70,70,34,35,65,62,1,1,36,40,22,22,56,21,63,26,70,38,60,2,47,23,70,21,72,26,69,38,64,1,34,17,170,121,72,126,169,138,164,101,134,17
891,834,3438,74,69,52,53,68,80,22,18,72,81,80,74,7,7,44,52,45,45,11,14,54,53,93,15,96,66,7,62,43,15,79,61,84,24,96,92,6,48,33,14,179,61,84,124,196,192,6,148,33,14
892,411,3387,78,75,82,80,27,29,32,32,75,85,81,83,36,34,47,50,32,35,5,4,71,72,30,32,94,87,29,70,56,4,71,97,26,30,93,72,31,62,34,4,171,197,26,30,193,172,131,62,34,4
893,777,3406,74,74,44,43,8,10,82,82,11,11,63,65,7,7,46,44,87,86,37,37,77,42,12,88,11,80,7,41,75,45,71,43,8,87,8,65,7,40,78,28,71,43,8,187,108,165,7,40,78,28
894,1845,3282,30,28,80,90,32,24,78,71,43,60,79,80,78,65,40,40,88,78,45,55,26,96,16,69,69,82,57,39,75,58,26,96,20,74,68,73,70,41,78,57,126,196,20,74,168,173,70,141,78,157
895,429,3371,90,95,64,64,58,69,30,34,85,89,13,14,79,80,73,77,59,57,72,70,109,62,72,37,97,16,83,82,53,68,100,52,60,29,94,12,91,73,61,59,100,152,60,29,194,112,91,173,61,59
896,424,3414,82,85,60,74,20,18,10,10,83,74,23,23,24,24,57,60,64,62,67,72,88,77,14,11,68,21,25,61,57,74,87,66,11,7,82,22,19,46,60,58,187,166,111,107,182,22,19,46,160,158
897,507,3443,40,35,20,21,75,80,84,74,69,69,18,12,15,17,36,30,63,72,67,59,32,23,90,71,69,7,18,29,77,56,30,17,77,71,74,9,15,31,77,54,30,17,177,171,74,109,15,131,77,154
898,712,3330,39,37,26,24,80,78,79,78,19,16,4,4,6,7,84,92,48,55,47,51,39,23,79,74,14,4,8,96,79,76,41,17,85,58,11,4,5,95,56,58,141,17,85,158,111,4,105,95,156,58
899,405,3187,6,6,37,37,22,22,68,68,45,45,28,28,38,38,3,3,82,82,88,88,5,25,21,72,46,24,23,2,84,88,4,30,21,63,45,23,31,2,76,84,104,130,121,63,45,123,31,102,176,184
900,1368,3251,80,90,91,85,71,72,12,7,82,84,40,40,6,4,65,75,38,34,53,53,90,68,72,7,91,39,4,77,38,53,98,90,97,9,88,35,4,71,38,61,198,90,197,109,188,35,4,71,138,61
901,413,3072,92,92,85,85,78,78,75,75,45,45,9,9,62,72,78,85,16,16,67,67,92,109,82,93,52,7,83,88,18,56,94,100,73,92,47,6,63,84,15,54,94,100,173,92,147,6,163,184,15,154
902,599,3156,50,62,38,35,62,62,72,65,12,12,45,44,33,38,68,58,7,9,8,8,69,33,61,57,12,42,41,52,11,8,68,41,49,70,9,40,36,67,7,5,168,41,149,70,9,140,36,67,107,105
903,421,3441,93,88,86,92,8,9,42,43,2,3,47,47,45,42,72,72,16,17,41,48,61,97,12,42,3,46,32,74,18,53,100,94,8,43,2,45,32,58,15,36,200,194,8,43,2,45,132,158,15,136
904,379,3131,55,90,71,73,9,8,35,38,23,23,39,39,45,42,29,31,50,60,90,80,94,77,7,43,24,38,38,32,66,72,86,66,7,38,25,28,42,32,65,97,86,166,7,38,125,128,142,132,65,197
905,889,3388,73,70,50,50,47,47,38,39,78,78,84,86,47,47,83,84,78,78,22,15,62,47,56,44,82,88,48,100,77,14,66,54,54,33,64,84,44,83,77,16,66,54,154,133,64,184,144,83,77,116
906,479,3462,38,39,87,86,43,41,71,89,64,63,66,67,49,54,36,39,59,53,12,14,37,79,38,90,56,69,64,41,48,11,29,85,42,77,70,74,45,27,55,10,29,85,142,177,170,74,145,27,155,110
907,1676,3058,23,23,41,40,62,62,6,6,74,72,64,65,65,64,28,28,65,66,27,27,28,38,54,8,60,73,58,28,72,29,21,42,81,5,80,57,57,25,63,22,21,142,81,105,80,57,157,25,63,122
908,1431,3122,65,70,38,18,9,8,74,78,20,19,66,63,77,77,51,50,15,17,51,45,73,14,8,82,18,60,77,46,17,38,57,16,10,73,15,64,77,50,13,42,57,16,10,73,15,164,77,150,113,142
909,537,3352,68,72,35,28,32,25,55,57,65,58,40,42,78,80,80,75,6,6,2,2,72,23,14,60,53,44,89,70,7,2,63,31,11,64,61,35,61,69,7,1,63,31,111,164,61,135,161,169,7,101
910,537,3259,63,67,82,75,59,59,89,91,41,41,52,59,4,4,45,42,40,50,3,3,75,60,62,97,70,69,5,39,64,3,83,80,66,94,62,51,3,37,45,3,183,80,66,194,62,51,103,37,145,3
911,496,3467,73,72,28,27,43,50,83,82,31,36,12,14,42,38,58,58,19,18,10,9,67,26,55,79,56,16,32,58,17,8,81,27,39,85,34,12,30,57,13,10,181,127,39,85,34,112,30,157,113,10
912,307,3009,90,90,21,28,33,22,14,14,38,44,92,60,88,85,30,40,25,30,70,73,88,34,16,15,45,54,80,56,29,77,87,18,20,14,28,79,98,34,22,66,187,118,20,14,28,179,98,34,122,166
913,278,3344,45,52,75,75,75,56,37,45,60,57,67,73,75,65,40,40,56,77,67,59,52,77,54,45,48,70,69,31,79,59,47,71,69,28,55,62,87,24,55,62,147,71,69,28,155,62,87,24,55,162
914,661,3254,78,78,50,50,59,61,70,66,11,10,44,47,79,79,6,6,5,5,9,10,82,52,62,63,7,49,70,7,7,12,73,47,48,67,9,43,69,7,6,8,73,147,148,167,109,143,169,7,6,8
915,706,3243,30,28,35,35,34,35,72,78,16,16,70,65,48,58,55,55,65,70,30,35,26,39,38,87,17,67,70,56,74,56,26,35,28,93,13,81,62,54,56,34,126,35,128,93,113,181,62,154,56,34
916,1215,3240,70,65,90,95,83,85,87,83,37,28,53,53,16,16,55,57,25,28,87,95,62,98,90,79,25,48,16,57,28,100,66,99,77,85,30,55,12,60,21,83,66,199,177,85,130,155,112,160,21,83
917,663,3298,83,83,91,85,45,35,84,84,7,7,53,55,36,36,62,62,20,19,74,76,109,64,25,82,9,68,53,74,14,82,100,89,30,99,5,59,36,58,14,64,100,89,130,99,5,59,136,158,114,64
918,660,3290,25,23,40,37,60,70,80,85,19,20,65,53,75,70,30,35,91,76,40,40,24,39,89,91,24,56,74,41,72,43,20,35,61,88,25,54,75,36,96,33,120,35,161,188,125,154,75,36,96,33
919,488,3010,7,10,49,49,65,69,74,72,8,9,67,65,36,39,70,75,14,14,85,85,11,48,70,70,12,63,44,84,14,80,7,44,69,79,9,67,35,76,16,98,107,144,169,79,9,167,135,176,16,98
920,364,3189,65,58,45,55,42,46,41,40,32,32,36,36,5,5,49,48,78,75,77,81,56,61,55,25,30,37,5,46,72,88,70,46,39,30,26,29,3,50,97,84,170,46,39,130,26,29,103,150,197,184
921,278,3006,60,68,30,38,60,60,55,50,50,55,8,10,40,45,55,59,50,52,60,60,70,41,59,45,61,11,49,80,70,39,69,36,62,49,49,7,43,65,62,53,169,36,162,49,149,107,143,165,62,153
922,530,3190,80,80,79,70,80,80,75,74,40,40,19,21,70,71,13,11,12,12,88,107,82,60,80,72,40,24,73,10,11,109,99,80,98,63,39,25,57,13,7,95,99,80,98,63,139,125,57,13,107,195
923,511,3421,27,32,47,52,34,27,6,8,27,25,68,68,82,75,34,40,72,72,33,38,45,60,23,9,24,69,64,45,72,55,28,64,19,5,25,74,89,49,97,39,28,164,119,5,125,74,89,49,197,39
924,303,3466,50,60,40,30,6,4,70,65,30,25,40,56,70,85,11,10,35,32,23,18,60,23,3,65,21,56,109,8,32,14,80,31,3,78,21,52,100,10,32,16,80,31,3,178,121,52,100,10,132,116
925,402,3294,84,74,78,84,66,67,70,70,54,52,55,65,32,40,29,35,5,5,51,60,68,96,69,68,51,77,45,37,5,80,82,96,68,59,46,66,28,29,4,65,182,196,168,59,146,166,28,29,104,165
926,748,3500,68,68,45,45,58,58,12,13,77,85,35,35,76,80,6,6,75,75,68,68,77,46,39,14,97,31,100,5,51,54,77,45,53,11,89,24,83,4,74,81,77,45,153,111,189,24,83,104,174,81
927,339,3438,70,65,50,50,72,78,20,20,90,93,85,80,9,8,40,48,50,50,14,14,54,53,93,15,96,66,7,62,43,15,79,61,84,24,96,92,6,48,33,14,179,61,84,124,196,192,6,148,33,14
928,575,3022,13,12,25,25,28,34,80,80,30,30,36,40,71,68,77,82,4,5,30,33,11,24,44,65,23,41,53,87,5,34,8,25,35,88,31,36,85,93,3,18,108,125,135,88,31,36,185,93,103,118
929,1027,3250,63,63,74,78,66,68,77,77,66,66,37,43,65,65,54,54,45,42,2,3,63,88,78,60,70,56,52,57,41,4,72,80,59,80,79,34,67,60,36,4,72,180,159,80,79,34,67,160,36,4
930,618,3359,9,8,71,72,21,24,37,39,84,84,92,80,25,25,35,39,64,64,88,88,7,74,29,41,84,61,26,45,63,88,6,58,22,36,76,100,23,28,67,87,6,158,122,36,176,200,23,28,167,187
931,239,3414,81,82,70,70,14,14,9,10,82,68,19,19,20,22,45,55,55,54,62,65,88,77,14,11,68,21,25,61,57,74,87,66,11,7,82,22,19,46,60,58,187,166,111,107,182,22,19,46,160,158
932,578,3215,68,80,52,48,39,36,76,68,36,35,52,50,45,45,39,39,13,10,65,65,100,42,32,51,33,46,44,40,7,62,83,40,30,74,41,50,35,39,9,66,83,140,30,174,41,150,135,139,109,66
933,359,3180,33,30,5,5,85,90,47,42,50,53,27,36,12,12,52,52,25,25,45,55,25,4,97,33,56,43,12,51,24,65,30,4,89,44,52,38,11,46,23,47,130,4,189,44,52,38,11,146,123,47
934,1874,3302,68,62,47,47,10,8,10,10,63,67,72,62,88,88,70,68,40,36,64,70,53,46,7,7,69,54,82,62,23,83,61,45,7,9,51,69,99,66,19,63,61,45,7,109,51,69,99,66,119,163
935,787,3194,75,85,75,70,70,75,4,4,55,55,65,70,45,45,80,70,10,11,60,70,98,53,75,2,56,77,39,61,12,82,99,85,83,2,51,77,37,100,8,64,199,185,183,102,151,77,37,200,8,64
936,166,3403,65,65,30,27,80,90,22,20,25,23,6,5,40,43,68,63,35,40,30,30,70,29,98,14,26,4,49,61,49,30,69,22,99,16,17,4,42,100,43,26,169,122,199,116,117,4,42,200,143,26
937,617,3327,50,55,1,1,35,36,36,38,26,25,5,6,40,40,60,60,22,25,85,84,70,1,42,41,21,7,43,80,29,82,53,1,40,27,22,6,38,65,22,99,53,1,140,27,22,6,38,165,122,99
938,410,3085,66,72,60,55,82,86,21,21,56,50,80,75,3,3,23,25,6,9,35,45,74,53,88,21,39,72,3,26,12,52,58,61,87,22,53,96,2,26,6,47,158,61,187,22,153,96,2,126,106,147
939,629,3483,65,55,55,50,38,38,68,68,72,60,33,45,83,65,80,90,35,35,55,65,53,48,42,68,57,53,61,99,33,72,61,55,43,90,70,36,100,90,41,63,61,155,43,90,70,136,200,190,41,63
940,410,3122,66,68,20,17,7,8,77,79,23,20,65,63,84,80,54,52,14,15,45,43,73,14,8,82,18,60,77,46,17,38,57,16,10,73,15,64,77,50,13,42,57,16,10,73,15,164,77,150,113,142
941,613,3200,36,38,78,84,27,31,47,49,53,54,78,79,77,73,46,48,30,31,90,90,41,88,32,69,80,96,68,62,25,90,36,84,32,51,65,95,90,52,30,98,36,184,132,51,165,95,90,152,130,198
942,438,3357,75,75,81,84,55,55,8,8,77,77,41,40,62,65,49,50,57,50,72,77,70,109,79,7,51,29,69,55,33,88,69,100,56,6,74,31,74,39,44,80,169,100,156,6,174,131,74,39,44,180
943,456,3345,87,98,86,86,47,51,30,30,69,69,49,49,87,90,37,37,87,77,47,66,109,99,64,29,69,51,93,41,65,80,95,90,45,22,74,46,92,40,78,65,195,190,145,122,74,146,92,40,178,165
944,697,3223,57,61,22,22,64,64,27,27,21,21,84,86,86,84,57,57,2,2,4,6,63,20,69,28,23,90,65,53,2,7,72,18,68,25,17,98,88,61,1,7,72,18,168,25,17,198,88,61,101,7
945,367,3294,77,74,82,85,59,60,71,70,53,52,66,69,34,35,32,36,5,5,67,65,68,96,69,68,51,77,45,37,5,80,82,96,68,59,46,66,28,29,4,65,182,196,168,59,146,166,28,29,104,165
946,409,3154,42,54,70,90,36,45,85,88,80,85,90,75,12,12,35,40,45,50,90,65,56,91,47,88,84,74,12,56,55,61,51,88,34,87,76,75,8,34,39,100,151,188,134,187,176,75,8,34,39,200
947,526,3077,80,74,46,49,56,60,9,8,84,80,21,18,36,30,33,28,77,83,84,82,61,53,69,7,72,14,26,23,88,79,91,36,68,7,97,11,27,31,80,85,191,136,168,7,197,111,127,31,180,85
948,299,3482,33,30,47,44,35,37,40,29,46,46,12,12,63,70,74,66,8,9,16,19,27,38,41,23,46,12,89,57,11,23,29,42,36,31,50,9,61,70,7,17,129,142,36,31,150,9,161,70,107,17
949,489,3165,93,93,10,10,72,72,65,65,42,43,14,14,87,87,60,60,82,82,40,40,97,8,70,66,47,12,82,70,75,41,94,10,75,65,54,11,99,53,78,40,194,10,175,65,54,11,99,53,78,40
950,676,3279,27,25,15,14,48,48,80,80,42,45,52,53,71,71,8,9,80,82,5,6,17,12,47,68,53,38,83,12,82,7,15,11,54,90,37,42,91,6,73,6,115,11,54,90,137,142,91,106,173,6
951,417,3482,32,29,53,40,29,39,37,34,56,50,7,12,61,67,72,64,6,8,18,19,27,38,41,23,46,12,89,57,11,23,29,42,36,31,50,9,61,70,7,17,129,142,36,31,150,9,161,70,107,17
952,458,3437,65,65,46,46,3,3,28,28,62,62,73,73,68,68,60,60,2,2,78,78,69,51,3,28,78,69,93,72,2,83,74,46,3,25,59,87,92,60,1,91,74,146,3,25,159,87,92,60,101,91
953,302,3394,76,76,70,73,36,36,45,52,74,72,84,80,78,78,83,85,46,52,82,84,54,88,38,61,68,70,87,94,62,93,79,80,38,49,82,79,72,86,48,92,179,180,138,149,182,79,172,86,148,92
954,653,3301,6,5,9,12,50,52,12,13,71,70,26,26,32,35,30,32,65,65,80,80,5,13,65,15,55,25,45,37,62,61,3,12,47,14,76,19,28,29,66,100,103,12,47,14,76,19,28,29,66,200
955,925,3026,75,70,60,76,70,83,22,22,56,65,11,9,47,47,8,12,80,70,41,40,67,82,96,21,82,10,45,16,65,39,81,82,96,21,64,13,49,12,88,37,181,82,196,121,64,13,49,112,88,37
956,457,3315,6,10,75,70,25,25,30,25,6,6,75,70,45,50,80,65,15,25,30,30,11,65,30,23,8,70,53,61,26,32,10,78,26,31,5,69,37,91,17,32,110,178,26,31,105,169,137,191,117,132
957,300,3446,33,33,83,83,80,80,79,79,71,71,18,18,6,6,93,93,66,66,66,66,53,82,87,90,83,16,3,97,63,73,36,99,93,77,63,12,3,89,67,57,136,99,93,177,163,112,3,189,167,57
958,493,3297,38,38,78,70,69,80,37,30,89,89,79,82,40,58,42,42,40,40,56,56,41,68,88,32,61,93,69,38,21,64,36,82,80,32,100,92,51,42,21,45,36,182,180,132,200,92,51,142,121,145
959,628,3180,33,32,6,4,87,88,48,43,47,52,27,37,11,11,38,43,28,27,54,56,25,4,97,33,56,43,12,51,24,65,30,4,89,44,52,38,11,46,23,47,130,4,189,44,52,38,11,146,123,47
960,428,3245,50,50,7,7,60,60,49,50,80,75,30,30,70,70,35,39,52,60,70,75,49,9,52,61,68,29,66,45,70,91,42,5,67,50,90,22,92,28,62,88,42,5,67,50,90,122,192,28,62,188
961,658,3026,75,70,68,80,78,95,24,21,78,81,12,11,40,43,16,16,95,80,42,40,67,82,96,21,82,10,45,16,65,39,81,82,96,21,64,13,49,12,88,37,181,82,196,121,64,13,49,112,88,37
962,547,3097,82,95,17,20,42,51,22,24,21,20,65,63,55,45,20,19,8,8,68,67,98,21,52,26,23,66,46,17,8,69,99,22,47,17,17,65,50,15,5,74,199,22,147,117,17,65,150,115,105,74
963,452,3322,56,59,85,89,75,75,80,80,25,20,76,93,36,30,32,36,27,27,40,30,61,93,87,65,17,93,21,45,24,24,50,84,72,78,13,92,21,28,25,20,50,84,172,178,113,92,121,28,125,120
964,394,3060,7,8,7,7,88,82,85,73,4,3,35,38,30,23,77,75,77,85,40,40,8,7,80,65,2,38,23,74,88,70,5,7,98,88,2,38,31,75,80,62,105,7,98,88,102,138,31,75,180,62
965,551,3288,30,27,31,20,33,43,33,28,18,16,75,70,48,43,50,48,76,74,66,64,26,16,53,24,14,51,39,46,68,63,27,20,36,23,16,74,41,50,82,72,127,20,136,123,16,174,141,150,182,72
966,344,3355,42,42,62,61,45,55,8,8,41,43,45,50,36,30,19,20,57,62,89,89,33,55,60,8,44,53,27,25,70,90,44,76,64,10,33,37,29,19,62,98,44,76,164,10,133,137,129,19,62,198
967,492,3367,62,61,4,3,45,45,15,16,82,80,7,7,81,85,39,45,12,15,81,88,59,2,46,18,75,8,87,49,16,91,62,2,45,15,78,10,72,32,12,88,162,102,45,15,78,10,172,32,112,188
968,831,3209,89,98,36,31,45,48,4,4,64,63,19,22,58,59,84,74,71,75,68,62,96,27,49,4,60,26,61,69,77,55,97,29,32,4,64,23,49,87,66,76,97,129,32,4,164,23,149,87,166,76
969,347,3016,54,55,81,81,52,52,77,80,94,90,68,74,5,5,50,49,35,35,94,94,70,82,51,88,72,82,9,46,25,92,62,86,46,80,97,73,5,48,30,94,62,186,146,180,197,173,5,48,130,94
970,405,3477,83,85,27,30,32,26,25,22,48,48,81,86,88,90,80,85,87,85,62,58,87,30,24,14,46,96,96,97,64,57,93,26,20,16,48,96,97,94,89,60,93,26,120,116,48,196,97,194,89,160
971,342,3025,27,27,58,65,70,71,64,72,48,60,45,50,86,86,31,39,30,45,9,9,28,69,73,78,80,79,87,45,52,8,21,87,57,59,65,56,93,28,47,10,21,87,57,159,165,156,93,28,147,10
972,487,3453,2,1,70,70,12,12,35,45,42,40,4,4,45,54,16,15,30,36,47,46,1,62,12,52,39,4,65,14,38,45,1,66,11,47,35,4,47,16,28,49,1,66,11,147,35,4,47,116,128,49
973,1855,3246,49,48,84,69,4,4,71,80,32,38,36,31,39,34,42,56,75,75,63,63,46,66,3,84,49,23,25,65,70,63,45,92,3,76,32,31,30,47,79,67,45,192,3,176,32,31,130,47,79,167
974,412,3256,41,44,79,87,36,32,77,65,14,13,49,56,80,80,31,28,55,62,41,38,53,99,26,56,12,61,80,26,66,33,37,90,27,70,6,49,98,26,65,44,137,190,127,170,106,149,98,126,65,44
975,909,3080,87,82,85,82,52,52,3,3,85,82,6,8,73,75,65,65,72,72,68,60,72,99,51,3,79,12,82,80,75,54,96,90,46,2,85,8,82,65,83,81,96,190,146,2,85,8,82,165,183,81
976,811,3171,88,88,74,74,45,45,62,62,67,64,37,35,81,76,32,32,57,57,26,28,94,71,46,56,51,24,73,16,74,32,93,71,45,70,74,20,57,20,58,32,193,171,45,170,174,120,57,20,158,132
977,469,3040,46,55,57,60,6,4,85,75,38,40,79,70,34,38,76,80,82,95,3,4,62,66,5,72,39,65,41,84,100,4,52,65,4,97,35,88,27,76,83,4,152,65,104,197,35,88,27,176,83,4
978,396,3460,23,25,21,19,66,54,73,73,2,2,61,58,2,2,49,62,68,68,83,80,26,17,51,72,2,56,1,64,68,54,27,15,46,60,1,54,1,45,59,79,127,115,146,60,101,154,1,145,59,179
979,2107,3227,34,44,65,71,8,10,2,2,94,88,55,40,44,51,78,78,38,38,61,69,45,74,12,2,68,38,55,77,41,72,28,58,6,1,90,42,39,77,40,60,28,158,106,101,90,142,39,77,40,60
980,339,3055,17,17,58,60,49,48,70,70,67,67,25,25,72,72,29,29,86,89,55,55,17,64,46,73,74,24,82,30,109,49,13,45,48,57,56,23,73,26,95,42,113,145,48,57,56,123,173,26,195,42
981,688,3132,21,18,75,75,55,53,64,70,56,65,25,33,21,20,85,85,30,45,15,12,17,72,48,75,78,38,18,96,53,11,13,96,44,83,59,28,15,96,36,8,113,96,144,183,159,128,15,196,136,108
982,337,3499,84,86,42,44,62,65,42,45,68,62,90,86,78,84,51,60,48,55,48,50,109,41,61,47,57,79,88,62,76,64,95,40,91,54,70,85,80,52,58,45,195,40,191,54,70,85,180,152,58,145
983,372,3276,82,84,43,42,60,58,2,3,65,70,85,80,70,73,59,65,80,72,35,38,88,39,56,3,78,65,90,70,67,45,87,41,52,2,59,78,77,53,81,28,187,141,52,2,159,178,177,53,181,28
984,557,3357,63,65,80,95,58,67,7,7,70,61,25,28,80,75,50,55,50,45,75,80,70,109,79,7,51,29,69,55,33,88,69,100,56,6,74,31,74,39,44,80,169,100,156,6,174,131,74,39,44,180
985,471,3208,82,82,49,49,53,64,23,25,91,92,10,12,36,38,8,8,95,95,53,60,79,46,70,28,97,14,41,8,99,65,85,50,62,25,89,11,36,10,90,47,85,150,62,25,189,111,36,10,190,47
986,480,3472,32,32,52,59,61,68,82,91,38,42,90,87,35,43,62,62,72,80,53,55,32,61,77,97,44,88,45,62,90,61,32,49,66,94,35,87,28,66,77,50,132,149,166,194,135,187,28,66,177,50
987,630,3272,53,50,76,74,5,5,42,48,68,64,83,84,78,82,59,58,59,56,9,10,38,70,5,64,39,96,84,69,51,11,42,75,4,45,53,97,76,51,46,7,142,175,104,145,153,97,176,51,146,107
988,528,3079,37,38,81,82,74,74,30,33,65,65,43,50,75,72,78,70,25,25,56,58,41,88,71,37,72,52,66,57,29,69,40,87,71,29,60,47,65,70,22,51,40,187,171,29,60,147,65,70,122,51
989,417,3172,64,72,54,46,11,11,64,64,74,68,44,56,84,87,55,66,56,60,81,82,79,41,11,66,62,61,91,70,68,88,56,40,7,65,66,50,88,62,59,80,156,40,107,65,66,50,188,62,59,180
990,1401,3344,44,44,75,75,66,60,34,38,64,55,48,58,84,80,26,28,59,56,77,64,52,77,54,45,48,70,69,31,79,59,47,71,69,28,55,62,87,24,55,62,147,71,69,28,155,62,87,24,55,162
991,625,3191,42,42,81,81,4,4,7,7,86,82,57,61,34,34,80,80,16,15,87,89,49,82,3,8,68,80,38,65,12,109,32,86,2,10,82,65,38,78,11,95,32,186,2,10,182,165,138,178,11,195
992,655,3444,58,66,45,43,41,45,30,29,22,22,19,18,47,44,36,32,39,39,9,8,72,41,47,28,20,17,39,29,38,7,60,40,54,25,18,15,53,31,42,7,60,40,54,25,18,115,153,131,142,7
993,279,3416,35,26,6,10,50,50,45,45,60,65,50,60,80,75,90,95,70,70,80,75,23,12,46,33,69,62,70,93,70,73,31,8,50,41,51,48,79,84,75,57,31,8,150,41,51,148,79,84,175,57
994,373,3239,81,83,27,27,19,19,53,52,91,91,38,37,81,74,88,88,66,66,28,28,90,26,23,48,109,29,56,72,77,26,77,23,17,55,100,31,54,96,71,26,177,23,17,155,100,131,154,96,71,126
995,1114,3226,45,48,82,88,79,82,64,64,50,50,14,15,62,64,65,65,74,75,80,79,70,96,93,58,48,16,78,53,82,56,53,95,92,57,55,12,59,61,73,70,53,95,92,157,155,112,159,61,173,170
996,462,3312,68,68,73,74,82,78,64,65,63,65,25,23,67,67,29,32,29,27,11,11,70,84,82,75,74,21,69,38,26,12,75,76,99,83,58,22,74,28,17,6,175,176,99,183,158,22,74,128,117,106
997,541,3122,65,65,25,20,10,8,70,75,18,18,50,55,70,75,48,47,25,20,45,40,73,14,8,82,18,60,77,46,17,38,57,16,10,73,15,64,77,50,13,42,57,16,10,73,15,164,77,150,113,142
998,435,3411,86,80,9,9,67,67,42,43,29,29,48,48,33,33,59,59,76,76,4,3,68,11,83,46,28,64,26,62,59,2,82,7,91,45,25,45,26,48,62,2,182,107,91,45,25,145,126,148,162,102
999,1231,3082,52,65,53,47,57,72,85,85,42,42,46,36,66,64,52,62,27,16,85,71,70,45,80,82,41,33,63,69,14,64,62,49,65,99,36,44,72,51,14,89,62,49,165,99,36,44,72,51,114,89
1000,445,3376,36,39,75,74,86,86,86,88,6,6,57,60,45,48,12,14,95,96,69,67,56,51,93,100,7,68,47,14,96,63,34,74,84,83,6,59,54,14,95,67,34,174,84,83,6,59,54,114,95,167
1001,519,3053,40,45,45,46,3,3,72,75,13,13,68,63,20,24,12,11,72,69,6,7,53,46,3,82,14,56,26,11,51,8,36,45,2,73,14,70,27,8,74,10,136,45,2,173,114,170,127,108,174,10
1002,800,3049,85,78,53,53,68,70,75,75,82,82,45,45,40,40,12,12,58,58,60,60,60,53,83,77,54,45,33,11,70,69,80,61,63,71,79,49,44,8,53,68,80,61,163,71,179,49,44,108,53,168
1003,702,3486,19,19,85,89,63,60,45,45,70,60,36,39,47,55,60,53,44,47,53,53,18,99,56,37,59,41,69,47,49,56,15,90,70,29,62,27,68,54,32,51,15,190,170,29,162,27,168,54,32,151
1004,805,3468,35,30,78,80,23,27,6,10,45,59,20,22,19,23,40,40,68,68,79,75,27,84,32,10,61,23,24,65,109,61,29,76,32,13,46,17,23,47,100,91,129,176,132,13,46,17,123,47,100,191
1005,369,3089,30,26,60,70,50,60,60,50,1,2,28,28,80,88,60,60,5,5,3,3,25,84,65,48,2,30,88,69,5,3,30,76,47,55,1,26,87,68,4,3,130,176,47,155,101,26,187,168,104,3
1006,498,3270,13,14,40,50,28,28,25,23,18,18,80,80,55,57,27,25,16,17,4,5,15,53,28,21,17,51,57,23,17,9,14,36,21,21,15,74,60,17,13,5,14,136,21,121,115,174,160,17,113,5
1007,932,3103,66,67,40,47,11,10,72,72,8,7,58,59,35,37,79,80,30,30,46,47,94,76,7,96,9,59,53,88,15,62,86,58,6,96,5,62,37,87,24,52,86,58,6,196,5,162,137,187,124,152
1008,391,3383,67,68,78,79,54,59,26,26,72,67,36,33,25,28,11,11,64,65,74,72,72,80,62,26,65,29,32,11,66,54,63,98,48,23,78,31,32,8,65,79,63,98,148,23,178,131,132,108,65,179
1009,616,3286,80,89,43,42,63,62,4,5,76,77,71,65,60,64,5,7,73,74,65,65,96,38,60,2,82,56,64,9,71,79,96,38,64,2,82,54,45,5,71,56,196,138,164,102,82,154,145,5,171,156
1010,1078,3281,42,43,33,33,28,30,45,45,36,38,55,60,3,3,70,72,15,15,38,39,49,40,32,55,39,70,3,74,14,41,42,39,32,39,41,68,3,75,11,40,42,139,132,39,141,68,3,75,111,40
1011,668,3061,72,72,34,36,84,82,86,88,66,67,7,8,48,50,20,20,64,66,82,82,70,41,72,97,72,11,70,25,79,54,69,40,96,94,60,7,53,19,56,79,169,40,96,194,60,107,53,19,156,179
1012,320,3240,71,70,84,87,75,78,82,80,45,36,57,56,15,15,48,49,34,32,81,86,62,98,90,79,25,48,16,57,28,100,66,99,77,85,30,55,12,60,21,83,66,199,177,85,130,155,112,160,21,83
1013,349,3408,47,50,74,74,17,17,8,8,42,45,33,27,49,57,85,60,12,14,85,74,70,79,14,8,49,21,69,52,15,69,62,55,11,10,43,21,51,67,14,87,62,55,111,10,143,121,51,67,14,87
1014,370,3187,5,5,43,35,32,28,64,66,39,44,28,26,48,28,4,3,78,80,85,86,5,25,21,72,46,24,23,2,84,88,4,30,21,63,45,23,31,2,76,84,104,130,121,63,45,123,31,102,176,184
1015,673,3101,46,46,51,52,8,10,40,49,88,89,14,15,78,82,41,36,11,11,38,40,46,56,12,57,98,17,93,25,11,53,48,52,8,60,99,13,84,30,10,37,48,52,8,160,199,113,84,130,110,137
1016,405,3382,69,60,36,37,75,68,42,55,64,70,32,40,5,7,69,75,29,38,57,59,55,38,61,70,100,70,9,91,44,62,76,38,100,53,83,62,5,88,33,66,76,138,200,53,83,62,5,188,133,66
1017,450,3389,71,72,10,10,65,65,82,83,1,2,25,25,88,90,20,21,15,16,5,5,77,11,60,79,3,25,96,26,25,7,66,8,64,85,2,30,97,27,19,7,166,108,164,85,2,130,97,127,19,7
1018,482,3100,38,32,7,7,36,41,74,74,72,77,80,80,28,31,51,58,63,63,38,50,25,5,46,57,82,65,47,70,54,53,30,4,45,70,82,88,34,62,69,37,130,104,45,70,82,88,134,62,69,137
1019,593,3047,28,28,36,40,43,43,52,50,42,36,13,9,80,76,3,3,70,70,68,72,23,45,44,46,33,7,72,3,87,83,17,28,33,50,41,9,96,2,72,91,17,28,133,150,41,109,96,2,172,91
1020,476,3464,79,76,43,43,117,17,67,75,16,15,53,62,80,83,45,48,76,80,63,67,71,42,17,82,14,77,87,52,82,77,71,43,13,73,16,66,93,47,99,71,171,43,113,173,16,166,93,147,99,71
1021,553,3013,60,64,71,64,40,38,70,60,73,78,78,78,20,35,74,74,28,28,18,18,62,62,25,52,84,100,53,82,41,17,52,66,30,67,76,83,36,73,27,13,152,66,130,67,176,83,136,73,27,113
1022,394,3496,82,80,60,60,30,32,72,68,55,55,75,85,3,2,63,63,40,42,93,90,64,62,34,51,54,98,2,82,39,79,89,48,18,74,69,99,1,86,35,85,89,148,118,174,69,199,101,186,35,85
1023,277,3047,28,26,34,36,42,42,45,45,45,39,13,9,78,78,3,3,78,80,68,69,23,45,44,46,33,7,72,3,87,83,17,28,33,50,41,9,96,2,72,91,17,28,133,150,41,109,96,2,172,91
1024,237,3284,76,78,74,74,66,68,52,52,32,36,43,43,68,72,62,58,52,52,85,85,87,54,83,33,49,27,77,56,51,80,93,79,63,44,32,29,77,52,46,98,93,179,163,44,32,129,77,52,146,98
1025,454,3380,86,75,74,65,82,83,74,77,11,10,60,67,59,57,21,22,77,57,22,21,68,57,88,82,9,72,61,23,52,20,90,70,87,82,5,63,50,19,67,18,90,70,187,82,5,63,50,119,67,18
1026,670,3359,6,6,45,55,32,32,35,35,72,72,83,83,23,23,32,32,65,65,83,83,7,74,29,41,84,61,26,45,63,88,6,58,22,36,76,100,23,28,67,87,6,158,122,36,176,200,23,28,167,187
1027,611,3370,37,39,46,48,34,34,6,7,86,86,41,41,45,45,41,45,68,68,23,23,53,57,26,8,88,53,51,61,70,24,36,60,26,5,80,37,46,50,69,25,136,160,126,105,180,137,146,50,169,125
1028,555,3388,74,74,53,50,61,60,37,39,72,75,82,82,45,45,80,80,76,76,24,20,62,47,56,44,82,88,48,100,77,14,66,54,54,33,64,84,44,83,77,16,66,54,154,133,64,184,144,83,77,116
1029,443,3348,32,30,65,50,21,18,19,16,40,40,6,9,80,80,55,63,45,52,80,65,26,45,14,14,38,11,77,65,53,60,23,49,14,16,28,7,77,47,37,80,23,49,114,16,128,107,77,47,137,80
1030,1085,3238,65,55,5,2,20,20,30,26,70,82,40,25,15,17,80,85,30,30,50,59,55,2,20,26,82,25,17,109,30,59,76,1,18,26,82,30,15,100,26,62,76,101,18,126,82,130,115,100,26,162
1031,526,3168,33,33,40,40,80,65,39,40,88,79,83,90,57,55,9,10,45,45,36,32,34,44,55,43,72,99,53,11,25,23,18,35,76,33,96,90,61,10,30,31,118,135,76,33,96,190,61,110,130,31
1032,554,3450,78,75,35,38,40,44,75,85,45,46,47,47,95,96,35,38,50,56,60,60,61,43,56,94,46,48,96,45,65,61,91,33,34,86,48,55,97,28,47,46,191,33,34,86,48,155,97,28,47,46
1033,482,3017,38,39,73,71,55,54,43,45,68,74,19,21,38,38,36,38,38,32,60,65,41,65,53,70,91,23,43,41,23,89,40,88,61,53,88,17,33,36,31,61,40,88,61,53,188,17,33,36,31,161
1034,483,3309,36,34,7,7,82,88,81,87,42,41,79,79,80,77,88,83,50,48,3,3,31,7,96,100,39,82,82,61,39,3,24,7,97,83,35,86,73,91,37,3,24,7,97,83,35,186,73,191,37,3
1035,563,3291,15,16,58,56,83,80,13,13,24,27,60,66,30,19,72,76,74,83,54,44,17,56,72,12,30,69,15,83,90,33,13,51,97,11,26,68,24,63,77,44,113,151,197,11,26,168,124,163,177,44
1036,597,3179,65,75,69,65,40,40,30,32,29,30,89,98,58,62,33,29,90,75,10,8,89,62,41,32,30,98,64,28,65,8,61,52,40,30,26,99,45,25,88,10,161,152,40,30,26,199,145,25,88,10
1037,725,3359,10,10,75,75,28,28,35,40,80,80,85,85,25,25,35,35,80,80,85,85,7,74,29,41,84,61,26,45,63,88,6,58,22,36,76,100,23,28,67,87,6,158,122,36,176,200,23,28,167,187
1038,510,3128,54,54,49,47,88,89,33,34,10,9,38,47,55,60,30,32,79,81,50,55,33,39,90,42,9,65,89,38,87,70,44,37,98,43,5,47,61,38,72,53,44,37,198,43,5,47,161,138,172,53
1039,747,3284,86,86,78,68,57,66,46,44,36,38,31,30,77,77,61,58,45,47,88,88,87,54,83,33,49,27,77,56,51,80,93,79,63,44,32,29,77,52,46,98,93,179,163,44,32,129,77,52,146,98
1040,2233,3122,64,62,16,16,11,11,71,72,18,18,52,54,62,63,47,47,17,17,45,44,73,14,8,82,18,60,77,46,17,38,57,16,10,73,15,64,77,50,13,42,57,16,10,73,15,164,77,150,113,142
1041,1895,3429,75,65,34,37,7,5,60,75,50,60,55,48,35,45,80,75,75,90,32,30,65,40,5,78,70,46,49,64,97,28,78,39,3,59,53,50,43,89,94,25,178,139,103,159,53,150,143,89,194,25
1042,1062,3129,34,37,41,38,38,38,58,60,47,46,77,75,61,62,26,25,55,54,86,89,55,26,53,62,39,73,70,16,48,109,39,27,36,48,37,57,68,20,55,95,39,127,136,148,37,57,68,20,155,195
1043,502,3183,53,56,67,73,75,65,77,79,32,28,85,75,55,58,2,2,47,45,65,65,60,82,55,82,29,70,63,2,46,66,64,64,76,73,31,79,72,2,50,65,164,64,76,73,131,79,72,102,150,65
1044,1566,3044,33,39,42,40,66,70,40,42,85,90,8,10,90,90,82,70,38,40,50,50,56,32,87,43,97,11,93,69,43,47,34,32,72,38,94,10,92,87,33,54,34,132,172,38,194,110,92,87,33,54
1045,1147,3470,86,84,61,61,75,82,3,3,8,10,43,43,38,38,30,24,38,42,6,6,79,52,94,2,12,42,46,15,47,4,85,67,93,2,6,40,45,24,54,4,85,67,193,102,106,140,45,124,54,4
1046,1063,3300,33,35,66,66,70,68,40,40,87,87,78,78,88,88,9,10,34,34,8,8,44,69,56,37,88,70,88,12,26,11,35,68,52,29,84,69,87,9,27,7,135,168,52,29,184,169,187,9,127,107
1047,1629,3026,78,78,68,76,74,78,32,30,66,66,14,12,48,48,14,15,84,84,46,46,67,82,96,21,82,10,45,16,65,39,81,82,96,21,64,13,49,12,88,37,181,82,196,121,64,13,49,112,88,37
1048,1559,3237,67,63,69,62,54,54,76,79,24,32,94,89,32,35,67,72,7,7,97,97,62,59,53,83,44,88,41,74,7,96,66,62,61,63,35,84,27,58,7,97,66,162,61,163,135,184,27,158,7,97
1049,425,3198,67,67,58,60,40,40,2,2,76,75,35,37,16,16,34,35,30,30,65,65,66,76,46,1,59,42,20,43,33,70,65,58,48,1,62,40,18,33,41,69,65,58,48,1,162,140,18,33,41,169
